outer_fold,trial_id,session_id,y_true,y_pred,abs_error,source_dir,session_trial_key
1,23a477dd-d8b8-42c6-adbe-47f39ed77952__vr428__eeg429__row0,23a477dd-d8b8-42c6-adbe-47f39ed77952,5.909538269042969,5.925415992736816,0.015877723693847656,outer_fold_1,23a477dd-d8b8-42c6-adbe-47f39ed77952__23a477dd-d8b8-42c6-adbe-47f39ed77952__vr428__eeg429__row0
1,23a477dd-d8b8-42c6-adbe-47f39ed77952__vr429__eeg430__row1,23a477dd-d8b8-42c6-adbe-47f39ed77952,6.8498687744140625,4.927017688751221,1.9228510856628418,outer_fold_1,23a477dd-d8b8-42c6-adbe-47f39ed77952__23a477dd-d8b8-42c6-adbe-47f39ed77952__vr429__eeg430__row1
1,23a477dd-d8b8-42c6-adbe-47f39ed77952__vr430__eeg431__row2,23a477dd-d8b8-42c6-adbe-47f39ed77952,8.824183464050293,8.026803970336914,0.7973794937133789,outer_fold_1,23a477dd-d8b8-42c6-adbe-47f39ed77952__23a477dd-d8b8-42c6-adbe-47f39ed77952__vr430__eeg431__row2
1,23a477dd-d8b8-42c6-adbe-47f39ed77952__vr431__eeg432__row3,23a477dd-d8b8-42c6-adbe-47f39ed77952,3.670319080352783,2.8176777362823486,0.8526413440704346,outer_fold_1,23a477dd-d8b8-42c6-adbe-47f39ed77952__23a477dd-d8b8-42c6-adbe-47f39ed77952__vr431__eeg432__row3
1,23a477dd-d8b8-42c6-adbe-47f39ed77952__vr432__eeg433__row4,23a477dd-d8b8-42c6-adbe-47f39ed77952,14.016182899475098,12.845349311828612,1.1708335876464862,outer_fold_1,23a477dd-d8b8-42c6-adbe-47f39ed77952__23a477dd-d8b8-42c6-adbe-47f39ed77952__vr432__eeg433__row4
1,23a477dd-d8b8-42c6-adbe-47f39ed77952__vr433__eeg434__row5,23a477dd-d8b8-42c6-adbe-47f39ed77952,6.546934604644775,5.693978786468506,0.8529558181762695,outer_fold_1,23a477dd-d8b8-42c6-adbe-47f39ed77952__23a477dd-d8b8-42c6-adbe-47f39ed77952__vr433__eeg434__row5
1,23a477dd-d8b8-42c6-adbe-47f39ed77952__vr434__eeg435__row6,23a477dd-d8b8-42c6-adbe-47f39ed77952,7.944077968597412,4.461572647094727,3.4825053215026855,outer_fold_1,23a477dd-d8b8-42c6-adbe-47f39ed77952__23a477dd-d8b8-42c6-adbe-47f39ed77952__vr434__eeg435__row6
1,23a477dd-d8b8-42c6-adbe-47f39ed77952__vr435__eeg436__row7,23a477dd-d8b8-42c6-adbe-47f39ed77952,3.505238771438598,2.8713207244873047,0.6339180469512935,outer_fold_1,23a477dd-d8b8-42c6-adbe-47f39ed77952__23a477dd-d8b8-42c6-adbe-47f39ed77952__vr435__eeg436__row7
1,23a477dd-d8b8-42c6-adbe-47f39ed77952__vr436__eeg437__row8,23a477dd-d8b8-42c6-adbe-47f39ed77952,2.9241783618927,4.323273181915283,1.399094820022583,outer_fold_1,23a477dd-d8b8-42c6-adbe-47f39ed77952__23a477dd-d8b8-42c6-adbe-47f39ed77952__vr436__eeg437__row8
1,23a477dd-d8b8-42c6-adbe-47f39ed77952__vr437__eeg438__row9,23a477dd-d8b8-42c6-adbe-47f39ed77952,5.170354843139648,4.565310955047607,0.605043888092041,outer_fold_1,23a477dd-d8b8-42c6-adbe-47f39ed77952__23a477dd-d8b8-42c6-adbe-47f39ed77952__vr437__eeg438__row9
1,23a477dd-d8b8-42c6-adbe-47f39ed77952__vr438__eeg439__row10,23a477dd-d8b8-42c6-adbe-47f39ed77952,7.09128475189209,6.635927677154541,0.45535707473754883,outer_fold_1,23a477dd-d8b8-42c6-adbe-47f39ed77952__23a477dd-d8b8-42c6-adbe-47f39ed77952__vr438__eeg439__row10
1,23a477dd-d8b8-42c6-adbe-47f39ed77952__vr439__eeg440__row11,23a477dd-d8b8-42c6-adbe-47f39ed77952,6.40018367767334,5.525233745574951,0.8749499320983887,outer_fold_1,23a477dd-d8b8-42c6-adbe-47f39ed77952__23a477dd-d8b8-42c6-adbe-47f39ed77952__vr439__eeg440__row11
1,23a477dd-d8b8-42c6-adbe-47f39ed77952__vr440__eeg441__row12,23a477dd-d8b8-42c6-adbe-47f39ed77952,6.240258693695068,7.351758003234863,1.111499309539795,outer_fold_1,23a477dd-d8b8-42c6-adbe-47f39ed77952__23a477dd-d8b8-42c6-adbe-47f39ed77952__vr440__eeg441__row12
1,23a477dd-d8b8-42c6-adbe-47f39ed77952__vr441__eeg442__row13,23a477dd-d8b8-42c6-adbe-47f39ed77952,8.519593238830566,4.299806594848633,4.219786643981934,outer_fold_1,23a477dd-d8b8-42c6-adbe-47f39ed77952__23a477dd-d8b8-42c6-adbe-47f39ed77952__vr441__eeg442__row13
1,23a477dd-d8b8-42c6-adbe-47f39ed77952__vr442__eeg443__row14,23a477dd-d8b8-42c6-adbe-47f39ed77952,4.075468063354492,3.929816961288452,0.14565110206604004,outer_fold_1,23a477dd-d8b8-42c6-adbe-47f39ed77952__23a477dd-d8b8-42c6-adbe-47f39ed77952__vr442__eeg443__row14
1,23a477dd-d8b8-42c6-adbe-47f39ed77952__vr443__eeg444__row15,23a477dd-d8b8-42c6-adbe-47f39ed77952,5.554999828338623,3.101539850234986,2.4534599781036373,outer_fold_1,23a477dd-d8b8-42c6-adbe-47f39ed77952__23a477dd-d8b8-42c6-adbe-47f39ed77952__vr443__eeg444__row15
1,23a477dd-d8b8-42c6-adbe-47f39ed77952__vr444__eeg445__row16,23a477dd-d8b8-42c6-adbe-47f39ed77952,4.083784103393555,3.9507904052734375,0.1329936981201172,outer_fold_1,23a477dd-d8b8-42c6-adbe-47f39ed77952__23a477dd-d8b8-42c6-adbe-47f39ed77952__vr444__eeg445__row16
1,23a477dd-d8b8-42c6-adbe-47f39ed77952__vr445__eeg446__row17,23a477dd-d8b8-42c6-adbe-47f39ed77952,6.545230865478516,6.285437107086182,0.259793758392334,outer_fold_1,23a477dd-d8b8-42c6-adbe-47f39ed77952__23a477dd-d8b8-42c6-adbe-47f39ed77952__vr445__eeg446__row17
1,23a477dd-d8b8-42c6-adbe-47f39ed77952__vr446__eeg447__row18,23a477dd-d8b8-42c6-adbe-47f39ed77952,3.8403124809265137,3.1944100856781006,0.6459023952484131,outer_fold_1,23a477dd-d8b8-42c6-adbe-47f39ed77952__23a477dd-d8b8-42c6-adbe-47f39ed77952__vr446__eeg447__row18
1,23a477dd-d8b8-42c6-adbe-47f39ed77952__vr447__eeg448__row19,23a477dd-d8b8-42c6-adbe-47f39ed77952,4.011498928070068,4.340443134307861,0.32894420623779297,outer_fold_1,23a477dd-d8b8-42c6-adbe-47f39ed77952__23a477dd-d8b8-42c6-adbe-47f39ed77952__vr447__eeg448__row19
1,23a477dd-d8b8-42c6-adbe-47f39ed77952__vr448__eeg449__row20,23a477dd-d8b8-42c6-adbe-47f39ed77952,5.641160011291504,7.2824931144714355,1.6413331031799316,outer_fold_1,23a477dd-d8b8-42c6-adbe-47f39ed77952__23a477dd-d8b8-42c6-adbe-47f39ed77952__vr448__eeg449__row20
1,23a477dd-d8b8-42c6-adbe-47f39ed77952__vr449__eeg450__row21,23a477dd-d8b8-42c6-adbe-47f39ed77952,7.598884582519531,4.789891719818115,2.808992862701416,outer_fold_1,23a477dd-d8b8-42c6-adbe-47f39ed77952__23a477dd-d8b8-42c6-adbe-47f39ed77952__vr449__eeg450__row21
1,23a477dd-d8b8-42c6-adbe-47f39ed77952__vr450__eeg451__row22,23a477dd-d8b8-42c6-adbe-47f39ed77952,3.0034520626068115,2.623375654220581,0.38007640838623047,outer_fold_1,23a477dd-d8b8-42c6-adbe-47f39ed77952__23a477dd-d8b8-42c6-adbe-47f39ed77952__vr450__eeg451__row22
1,23a477dd-d8b8-42c6-adbe-47f39ed77952__vr451__eeg452__row23,23a477dd-d8b8-42c6-adbe-47f39ed77952,7.845552921295166,6.818630695343018,1.0269222259521484,outer_fold_1,23a477dd-d8b8-42c6-adbe-47f39ed77952__23a477dd-d8b8-42c6-adbe-47f39ed77952__vr451__eeg452__row23
1,23a477dd-d8b8-42c6-adbe-47f39ed77952__vr452__eeg453__row24,23a477dd-d8b8-42c6-adbe-47f39ed77952,4.660768985748291,4.421267986297607,0.2395009994506836,outer_fold_1,23a477dd-d8b8-42c6-adbe-47f39ed77952__23a477dd-d8b8-42c6-adbe-47f39ed77952__vr452__eeg453__row24
1,23a477dd-d8b8-42c6-adbe-47f39ed77952__vr453__eeg454__row25,23a477dd-d8b8-42c6-adbe-47f39ed77952,5.445356369018555,4.741187572479248,0.7041687965393066,outer_fold_1,23a477dd-d8b8-42c6-adbe-47f39ed77952__23a477dd-d8b8-42c6-adbe-47f39ed77952__vr453__eeg454__row25
1,23a477dd-d8b8-42c6-adbe-47f39ed77952__vr454__eeg455__row26,23a477dd-d8b8-42c6-adbe-47f39ed77952,6.2011213302612305,3.949409961700439,2.2517113685607915,outer_fold_1,23a477dd-d8b8-42c6-adbe-47f39ed77952__23a477dd-d8b8-42c6-adbe-47f39ed77952__vr454__eeg455__row26
1,23a477dd-d8b8-42c6-adbe-47f39ed77952__vr455__eeg456__row27,23a477dd-d8b8-42c6-adbe-47f39ed77952,3.310391902923584,3.4347410202026367,0.12434911727905273,outer_fold_1,23a477dd-d8b8-42c6-adbe-47f39ed77952__23a477dd-d8b8-42c6-adbe-47f39ed77952__vr455__eeg456__row27
1,23a477dd-d8b8-42c6-adbe-47f39ed77952__vr456__eeg457__row28,23a477dd-d8b8-42c6-adbe-47f39ed77952,5.480113983154297,6.053360462188721,0.5732464790344238,outer_fold_1,23a477dd-d8b8-42c6-adbe-47f39ed77952__23a477dd-d8b8-42c6-adbe-47f39ed77952__vr456__eeg457__row28
1,23a477dd-d8b8-42c6-adbe-47f39ed77952__vr457__eeg458__row29,23a477dd-d8b8-42c6-adbe-47f39ed77952,7.008736610412598,7.2802348136901855,0.2714982032775879,outer_fold_1,23a477dd-d8b8-42c6-adbe-47f39ed77952__23a477dd-d8b8-42c6-adbe-47f39ed77952__vr457__eeg458__row29
1,23a477dd-d8b8-42c6-adbe-47f39ed77952__vr458__eeg459__row30,23a477dd-d8b8-42c6-adbe-47f39ed77952,17.531469345092773,13.1409912109375,4.390478134155273,outer_fold_1,23a477dd-d8b8-42c6-adbe-47f39ed77952__23a477dd-d8b8-42c6-adbe-47f39ed77952__vr458__eeg459__row30
1,ad87efc0-28f6-4acc-8ec2-a5f449e974bc__vr132__eeg132__row387,ad87efc0-28f6-4acc-8ec2-a5f449e974bc,5.046189785003662,8.517587661743164,3.471397876739502,outer_fold_1,ad87efc0-28f6-4acc-8ec2-a5f449e974bc__ad87efc0-28f6-4acc-8ec2-a5f449e974bc__vr132__eeg132__row387
1,ad87efc0-28f6-4acc-8ec2-a5f449e974bc__vr133__eeg133__row388,ad87efc0-28f6-4acc-8ec2-a5f449e974bc,6.857386112213135,6.299685001373291,0.5577011108398438,outer_fold_1,ad87efc0-28f6-4acc-8ec2-a5f449e974bc__ad87efc0-28f6-4acc-8ec2-a5f449e974bc__vr133__eeg133__row388
1,ad87efc0-28f6-4acc-8ec2-a5f449e974bc__vr134__eeg134__row389,ad87efc0-28f6-4acc-8ec2-a5f449e974bc,9.58749771118164,11.313977241516112,1.7264795303344709,outer_fold_1,ad87efc0-28f6-4acc-8ec2-a5f449e974bc__ad87efc0-28f6-4acc-8ec2-a5f449e974bc__vr134__eeg134__row389
1,ad87efc0-28f6-4acc-8ec2-a5f449e974bc__vr136__eeg135__row390,ad87efc0-28f6-4acc-8ec2-a5f449e974bc,7.838021278381348,7.943639278411865,0.10561800003051758,outer_fold_1,ad87efc0-28f6-4acc-8ec2-a5f449e974bc__ad87efc0-28f6-4acc-8ec2-a5f449e974bc__vr136__eeg135__row390
1,ad87efc0-28f6-4acc-8ec2-a5f449e974bc__vr137__eeg136__row391,ad87efc0-28f6-4acc-8ec2-a5f449e974bc,4.240532398223877,3.414797067642212,0.825735330581665,outer_fold_1,ad87efc0-28f6-4acc-8ec2-a5f449e974bc__ad87efc0-28f6-4acc-8ec2-a5f449e974bc__vr137__eeg136__row391
1,ad87efc0-28f6-4acc-8ec2-a5f449e974bc__vr138__eeg137__row392,ad87efc0-28f6-4acc-8ec2-a5f449e974bc,5.26842737197876,3.074681043624878,2.193746328353882,outer_fold_1,ad87efc0-28f6-4acc-8ec2-a5f449e974bc__ad87efc0-28f6-4acc-8ec2-a5f449e974bc__vr138__eeg137__row392
1,ad87efc0-28f6-4acc-8ec2-a5f449e974bc__vr139__eeg138__row393,ad87efc0-28f6-4acc-8ec2-a5f449e974bc,5.825178146362305,6.971227169036865,1.1460490226745605,outer_fold_1,ad87efc0-28f6-4acc-8ec2-a5f449e974bc__ad87efc0-28f6-4acc-8ec2-a5f449e974bc__vr139__eeg138__row393
1,ad87efc0-28f6-4acc-8ec2-a5f449e974bc__vr140__eeg139__row394,ad87efc0-28f6-4acc-8ec2-a5f449e974bc,6.249333381652832,1.9041510820388792,4.345182299613953,outer_fold_1,ad87efc0-28f6-4acc-8ec2-a5f449e974bc__ad87efc0-28f6-4acc-8ec2-a5f449e974bc__vr140__eeg139__row394
1,ad87efc0-28f6-4acc-8ec2-a5f449e974bc__vr141__eeg140__row395,ad87efc0-28f6-4acc-8ec2-a5f449e974bc,4.931975364685059,5.02155065536499,0.08957529067993164,outer_fold_1,ad87efc0-28f6-4acc-8ec2-a5f449e974bc__ad87efc0-28f6-4acc-8ec2-a5f449e974bc__vr141__eeg140__row395
1,ad87efc0-28f6-4acc-8ec2-a5f449e974bc__vr142__eeg141__row396,ad87efc0-28f6-4acc-8ec2-a5f449e974bc,11.990226745605469,9.496110916137695,2.4941158294677734,outer_fold_1,ad87efc0-28f6-4acc-8ec2-a5f449e974bc__ad87efc0-28f6-4acc-8ec2-a5f449e974bc__vr142__eeg141__row396
1,ad87efc0-28f6-4acc-8ec2-a5f449e974bc__vr143__eeg142__row397,ad87efc0-28f6-4acc-8ec2-a5f449e974bc,8.04245376586914,8.406035423278809,0.36358165740966797,outer_fold_1,ad87efc0-28f6-4acc-8ec2-a5f449e974bc__ad87efc0-28f6-4acc-8ec2-a5f449e974bc__vr143__eeg142__row397
1,ad87efc0-28f6-4acc-8ec2-a5f449e974bc__vr144__eeg143__row398,ad87efc0-28f6-4acc-8ec2-a5f449e974bc,9.856919288635254,8.65212631225586,1.2047929763793945,outer_fold_1,ad87efc0-28f6-4acc-8ec2-a5f449e974bc__ad87efc0-28f6-4acc-8ec2-a5f449e974bc__vr144__eeg143__row398
1,ad87efc0-28f6-4acc-8ec2-a5f449e974bc__vr145__eeg144__row399,ad87efc0-28f6-4acc-8ec2-a5f449e974bc,2.1751794815063477,4.167582035064697,1.9924025535583496,outer_fold_1,ad87efc0-28f6-4acc-8ec2-a5f449e974bc__ad87efc0-28f6-4acc-8ec2-a5f449e974bc__vr145__eeg144__row399
1,ad87efc0-28f6-4acc-8ec2-a5f449e974bc__vr146__eeg145__row400,ad87efc0-28f6-4acc-8ec2-a5f449e974bc,6.224842071533203,6.359327793121338,0.13448572158813477,outer_fold_1,ad87efc0-28f6-4acc-8ec2-a5f449e974bc__ad87efc0-28f6-4acc-8ec2-a5f449e974bc__vr146__eeg145__row400
1,ad87efc0-28f6-4acc-8ec2-a5f449e974bc__vr147__eeg146__row401,ad87efc0-28f6-4acc-8ec2-a5f449e974bc,5.0617451667785645,6.320370197296143,1.2586250305175781,outer_fold_1,ad87efc0-28f6-4acc-8ec2-a5f449e974bc__ad87efc0-28f6-4acc-8ec2-a5f449e974bc__vr147__eeg146__row401
1,ad87efc0-28f6-4acc-8ec2-a5f449e974bc__vr148__eeg147__row402,ad87efc0-28f6-4acc-8ec2-a5f449e974bc,6.626461505889893,5.883704662322998,0.7427568435668945,outer_fold_1,ad87efc0-28f6-4acc-8ec2-a5f449e974bc__ad87efc0-28f6-4acc-8ec2-a5f449e974bc__vr148__eeg147__row402
1,ad87efc0-28f6-4acc-8ec2-a5f449e974bc__vr149__eeg148__row403,ad87efc0-28f6-4acc-8ec2-a5f449e974bc,6.824888706207275,4.697323322296143,2.127565383911133,outer_fold_1,ad87efc0-28f6-4acc-8ec2-a5f449e974bc__ad87efc0-28f6-4acc-8ec2-a5f449e974bc__vr149__eeg148__row403
1,ad87efc0-28f6-4acc-8ec2-a5f449e974bc__vr150__eeg149__row404,ad87efc0-28f6-4acc-8ec2-a5f449e974bc,9.768888473510742,13.437517166137695,3.668628692626953,outer_fold_1,ad87efc0-28f6-4acc-8ec2-a5f449e974bc__ad87efc0-28f6-4acc-8ec2-a5f449e974bc__vr150__eeg149__row404
1,ad87efc0-28f6-4acc-8ec2-a5f449e974bc__vr151__eeg150__row405,ad87efc0-28f6-4acc-8ec2-a5f449e974bc,3.157461166381836,3.643851757049561,0.48639059066772505,outer_fold_1,ad87efc0-28f6-4acc-8ec2-a5f449e974bc__ad87efc0-28f6-4acc-8ec2-a5f449e974bc__vr151__eeg150__row405
1,ad87efc0-28f6-4acc-8ec2-a5f449e974bc__vr152__eeg151__row406,ad87efc0-28f6-4acc-8ec2-a5f449e974bc,3.2492308616638184,4.508050441741943,1.258819580078125,outer_fold_1,ad87efc0-28f6-4acc-8ec2-a5f449e974bc__ad87efc0-28f6-4acc-8ec2-a5f449e974bc__vr152__eeg151__row406
1,ad87efc0-28f6-4acc-8ec2-a5f449e974bc__vr153__eeg152__row407,ad87efc0-28f6-4acc-8ec2-a5f449e974bc,6.935351371765137,7.567956924438477,0.6326055526733398,outer_fold_1,ad87efc0-28f6-4acc-8ec2-a5f449e974bc__ad87efc0-28f6-4acc-8ec2-a5f449e974bc__vr153__eeg152__row407
1,ad87efc0-28f6-4acc-8ec2-a5f449e974bc__vr154__eeg153__row408,ad87efc0-28f6-4acc-8ec2-a5f449e974bc,5.391355514526367,6.637990474700928,1.2466349601745605,outer_fold_1,ad87efc0-28f6-4acc-8ec2-a5f449e974bc__ad87efc0-28f6-4acc-8ec2-a5f449e974bc__vr154__eeg153__row408
1,ad87efc0-28f6-4acc-8ec2-a5f449e974bc__vr155__eeg154__row409,ad87efc0-28f6-4acc-8ec2-a5f449e974bc,5.949464321136475,7.640171527862549,1.6907072067260742,outer_fold_1,ad87efc0-28f6-4acc-8ec2-a5f449e974bc__ad87efc0-28f6-4acc-8ec2-a5f449e974bc__vr155__eeg154__row409
1,ad87efc0-28f6-4acc-8ec2-a5f449e974bc__vr156__eeg155__row410,ad87efc0-28f6-4acc-8ec2-a5f449e974bc,7.15159797668457,6.770216464996338,0.3813815116882324,outer_fold_1,ad87efc0-28f6-4acc-8ec2-a5f449e974bc__ad87efc0-28f6-4acc-8ec2-a5f449e974bc__vr156__eeg155__row410
1,ad87efc0-28f6-4acc-8ec2-a5f449e974bc__vr157__eeg156__row411,ad87efc0-28f6-4acc-8ec2-a5f449e974bc,4.9521636962890625,6.6667304039001465,1.714566707611084,outer_fold_1,ad87efc0-28f6-4acc-8ec2-a5f449e974bc__ad87efc0-28f6-4acc-8ec2-a5f449e974bc__vr157__eeg156__row411
1,ad87efc0-28f6-4acc-8ec2-a5f449e974bc__vr158__eeg157__row412,ad87efc0-28f6-4acc-8ec2-a5f449e974bc,8.039265632629395,5.379209518432617,2.6600561141967773,outer_fold_1,ad87efc0-28f6-4acc-8ec2-a5f449e974bc__ad87efc0-28f6-4acc-8ec2-a5f449e974bc__vr158__eeg157__row412
1,ad87efc0-28f6-4acc-8ec2-a5f449e974bc__vr159__eeg158__row413,ad87efc0-28f6-4acc-8ec2-a5f449e974bc,12.291631698608398,16.16653823852539,3.874906539916992,outer_fold_1,ad87efc0-28f6-4acc-8ec2-a5f449e974bc__ad87efc0-28f6-4acc-8ec2-a5f449e974bc__vr159__eeg158__row413
1,ad87efc0-28f6-4acc-8ec2-a5f449e974bc__vr160__eeg159__row414,ad87efc0-28f6-4acc-8ec2-a5f449e974bc,5.046075820922852,8.55483341217041,3.5087575912475586,outer_fold_1,ad87efc0-28f6-4acc-8ec2-a5f449e974bc__ad87efc0-28f6-4acc-8ec2-a5f449e974bc__vr160__eeg159__row414
1,ad87efc0-28f6-4acc-8ec2-a5f449e974bc__vr161__eeg160__row415,ad87efc0-28f6-4acc-8ec2-a5f449e974bc,8.333889961242676,11.303592681884766,2.96970272064209,outer_fold_1,ad87efc0-28f6-4acc-8ec2-a5f449e974bc__ad87efc0-28f6-4acc-8ec2-a5f449e974bc__vr161__eeg160__row415
1,ad87efc0-28f6-4acc-8ec2-a5f449e974bc__vr162__eeg161__row416,ad87efc0-28f6-4acc-8ec2-a5f449e974bc,9.377577781677246,8.904946327209473,0.47263145446777344,outer_fold_1,ad87efc0-28f6-4acc-8ec2-a5f449e974bc__ad87efc0-28f6-4acc-8ec2-a5f449e974bc__vr162__eeg161__row416
1,ad87efc0-28f6-4acc-8ec2-a5f449e974bc__vr163__eeg162__row417,ad87efc0-28f6-4acc-8ec2-a5f449e974bc,9.249667167663574,5.6981730461120605,3.5514941215515137,outer_fold_1,ad87efc0-28f6-4acc-8ec2-a5f449e974bc__ad87efc0-28f6-4acc-8ec2-a5f449e974bc__vr163__eeg162__row417
1,ad87efc0-28f6-4acc-8ec2-a5f449e974bc__vr164__eeg163__row418,ad87efc0-28f6-4acc-8ec2-a5f449e974bc,4.258723258972168,4.979239463806152,0.7205162048339844,outer_fold_1,ad87efc0-28f6-4acc-8ec2-a5f449e974bc__ad87efc0-28f6-4acc-8ec2-a5f449e974bc__vr164__eeg163__row418
1,ad87efc0-28f6-4acc-8ec2-a5f449e974bc__vr165__eeg164__row419,ad87efc0-28f6-4acc-8ec2-a5f449e974bc,6.1942009925842285,4.0678911209106445,2.126309871673584,outer_fold_1,ad87efc0-28f6-4acc-8ec2-a5f449e974bc__ad87efc0-28f6-4acc-8ec2-a5f449e974bc__vr165__eeg164__row419
1,ad87efc0-28f6-4acc-8ec2-a5f449e974bc__vr166__eeg165__row420,ad87efc0-28f6-4acc-8ec2-a5f449e974bc,3.961113929748535,4.592552661895752,0.6314387321472168,outer_fold_1,ad87efc0-28f6-4acc-8ec2-a5f449e974bc__ad87efc0-28f6-4acc-8ec2-a5f449e974bc__vr166__eeg165__row420
1,ad87efc0-28f6-4acc-8ec2-a5f449e974bc__vr167__eeg166__row421,ad87efc0-28f6-4acc-8ec2-a5f449e974bc,3.4385764598846436,3.970176696777344,0.5316002368927006,outer_fold_1,ad87efc0-28f6-4acc-8ec2-a5f449e974bc__ad87efc0-28f6-4acc-8ec2-a5f449e974bc__vr167__eeg166__row421
1,ad87efc0-28f6-4acc-8ec2-a5f449e974bc__vr168__eeg167__row422,ad87efc0-28f6-4acc-8ec2-a5f449e974bc,6.347785949707031,5.566007137298584,0.7817788124084473,outer_fold_1,ad87efc0-28f6-4acc-8ec2-a5f449e974bc__ad87efc0-28f6-4acc-8ec2-a5f449e974bc__vr168__eeg167__row422
1,ad87efc0-28f6-4acc-8ec2-a5f449e974bc__vr169__eeg168__row423,ad87efc0-28f6-4acc-8ec2-a5f449e974bc,5.444458961486816,7.6694254875183105,2.224966526031494,outer_fold_1,ad87efc0-28f6-4acc-8ec2-a5f449e974bc__ad87efc0-28f6-4acc-8ec2-a5f449e974bc__vr169__eeg168__row423
1,ad87efc0-28f6-4acc-8ec2-a5f449e974bc__vr170__eeg169__row424,ad87efc0-28f6-4acc-8ec2-a5f449e974bc,8.58709716796875,9.208925247192385,0.6218280792236346,outer_fold_1,ad87efc0-28f6-4acc-8ec2-a5f449e974bc__ad87efc0-28f6-4acc-8ec2-a5f449e974bc__vr170__eeg169__row424
1,ad87efc0-28f6-4acc-8ec2-a5f449e974bc__vr171__eeg170__row425,ad87efc0-28f6-4acc-8ec2-a5f449e974bc,4.7688212394714355,6.373812198638916,1.6049909591674805,outer_fold_1,ad87efc0-28f6-4acc-8ec2-a5f449e974bc__ad87efc0-28f6-4acc-8ec2-a5f449e974bc__vr171__eeg170__row425
1,ad87efc0-28f6-4acc-8ec2-a5f449e974bc__vr172__eeg171__row426,ad87efc0-28f6-4acc-8ec2-a5f449e974bc,9.329582214355469,9.85703945159912,0.5274572372436506,outer_fold_1,ad87efc0-28f6-4acc-8ec2-a5f449e974bc__ad87efc0-28f6-4acc-8ec2-a5f449e974bc__vr172__eeg171__row426
1,ad87efc0-28f6-4acc-8ec2-a5f449e974bc__vr173__eeg172__row427,ad87efc0-28f6-4acc-8ec2-a5f449e974bc,4.491247653961182,3.721352815628052,0.7698948383331294,outer_fold_1,ad87efc0-28f6-4acc-8ec2-a5f449e974bc__ad87efc0-28f6-4acc-8ec2-a5f449e974bc__vr173__eeg172__row427
1,ad87efc0-28f6-4acc-8ec2-a5f449e974bc__vr174__eeg173__row428,ad87efc0-28f6-4acc-8ec2-a5f449e974bc,3.71040940284729,3.389477491378784,0.32093191146850586,outer_fold_1,ad87efc0-28f6-4acc-8ec2-a5f449e974bc__ad87efc0-28f6-4acc-8ec2-a5f449e974bc__vr174__eeg173__row428
1,ad87efc0-28f6-4acc-8ec2-a5f449e974bc__vr175__eeg174__row429,ad87efc0-28f6-4acc-8ec2-a5f449e974bc,4.029473781585693,4.560322284698486,0.530848503112793,outer_fold_1,ad87efc0-28f6-4acc-8ec2-a5f449e974bc__ad87efc0-28f6-4acc-8ec2-a5f449e974bc__vr175__eeg174__row429
1,ad87efc0-28f6-4acc-8ec2-a5f449e974bc__vr176__eeg175__row430,ad87efc0-28f6-4acc-8ec2-a5f449e974bc,11.0,7.776583194732666,3.223416805267334,outer_fold_1,ad87efc0-28f6-4acc-8ec2-a5f449e974bc__ad87efc0-28f6-4acc-8ec2-a5f449e974bc__vr176__eeg175__row430
1,ad87efc0-28f6-4acc-8ec2-a5f449e974bc__vr177__eeg176__row431,ad87efc0-28f6-4acc-8ec2-a5f449e974bc,6.473220348358154,5.400460720062256,1.0727596282958984,outer_fold_1,ad87efc0-28f6-4acc-8ec2-a5f449e974bc__ad87efc0-28f6-4acc-8ec2-a5f449e974bc__vr177__eeg176__row431
1,ad87efc0-28f6-4acc-8ec2-a5f449e974bc__vr178__eeg177__row432,ad87efc0-28f6-4acc-8ec2-a5f449e974bc,6.333269119262695,6.661308765411377,0.32803964614868164,outer_fold_1,ad87efc0-28f6-4acc-8ec2-a5f449e974bc__ad87efc0-28f6-4acc-8ec2-a5f449e974bc__vr178__eeg177__row432
1,ad87efc0-28f6-4acc-8ec2-a5f449e974bc__vr179__eeg178__row433,ad87efc0-28f6-4acc-8ec2-a5f449e974bc,5.1063313484191895,5.237464427947998,0.1311330795288086,outer_fold_1,ad87efc0-28f6-4acc-8ec2-a5f449e974bc__ad87efc0-28f6-4acc-8ec2-a5f449e974bc__vr179__eeg178__row433
1,ad87efc0-28f6-4acc-8ec2-a5f449e974bc__vr180__eeg179__row434,ad87efc0-28f6-4acc-8ec2-a5f449e974bc,6.0163068771362305,4.553237438201904,1.4630694389343262,outer_fold_1,ad87efc0-28f6-4acc-8ec2-a5f449e974bc__ad87efc0-28f6-4acc-8ec2-a5f449e974bc__vr180__eeg179__row434
1,ad87efc0-28f6-4acc-8ec2-a5f449e974bc__vr181__eeg180__row435,ad87efc0-28f6-4acc-8ec2-a5f449e974bc,4.017391204833984,5.6397809982299805,1.622389793395996,outer_fold_1,ad87efc0-28f6-4acc-8ec2-a5f449e974bc__ad87efc0-28f6-4acc-8ec2-a5f449e974bc__vr181__eeg180__row435
1,ad87efc0-28f6-4acc-8ec2-a5f449e974bc__vr182__eeg181__row436,ad87efc0-28f6-4acc-8ec2-a5f449e974bc,6.4423089027404785,6.151367664337158,0.2909412384033203,outer_fold_1,ad87efc0-28f6-4acc-8ec2-a5f449e974bc__ad87efc0-28f6-4acc-8ec2-a5f449e974bc__vr182__eeg181__row436
1,ad87efc0-28f6-4acc-8ec2-a5f449e974bc__vr183__eeg182__row437,ad87efc0-28f6-4acc-8ec2-a5f449e974bc,5.897718906402588,4.77609920501709,1.121619701385498,outer_fold_1,ad87efc0-28f6-4acc-8ec2-a5f449e974bc__ad87efc0-28f6-4acc-8ec2-a5f449e974bc__vr183__eeg182__row437
1,ad87efc0-28f6-4acc-8ec2-a5f449e974bc__vr184__eeg183__row438,ad87efc0-28f6-4acc-8ec2-a5f449e974bc,9.29257869720459,9.691436767578123,0.3988580703735334,outer_fold_1,ad87efc0-28f6-4acc-8ec2-a5f449e974bc__ad87efc0-28f6-4acc-8ec2-a5f449e974bc__vr184__eeg183__row438
1,ad87efc0-28f6-4acc-8ec2-a5f449e974bc__vr185__eeg185__row439,ad87efc0-28f6-4acc-8ec2-a5f449e974bc,5.4069013595581055,4.461479663848877,0.9454216957092285,outer_fold_1,ad87efc0-28f6-4acc-8ec2-a5f449e974bc__ad87efc0-28f6-4acc-8ec2-a5f449e974bc__vr185__eeg185__row439
1,ad87efc0-28f6-4acc-8ec2-a5f449e974bc__vr186__eeg186__row440,ad87efc0-28f6-4acc-8ec2-a5f449e974bc,10.995701789855955,9.98944854736328,1.0062532424926758,outer_fold_1,ad87efc0-28f6-4acc-8ec2-a5f449e974bc__ad87efc0-28f6-4acc-8ec2-a5f449e974bc__vr186__eeg186__row440
1,ad87efc0-28f6-4acc-8ec2-a5f449e974bc__vr187__eeg187__row441,ad87efc0-28f6-4acc-8ec2-a5f449e974bc,8.02529525756836,7.212266445159912,0.8130288124084473,outer_fold_1,ad87efc0-28f6-4acc-8ec2-a5f449e974bc__ad87efc0-28f6-4acc-8ec2-a5f449e974bc__vr187__eeg187__row441
1,ad87efc0-28f6-4acc-8ec2-a5f449e974bc__vr188__eeg188__row442,ad87efc0-28f6-4acc-8ec2-a5f449e974bc,5.876506328582764,3.343593120574951,2.5329132080078125,outer_fold_1,ad87efc0-28f6-4acc-8ec2-a5f449e974bc__ad87efc0-28f6-4acc-8ec2-a5f449e974bc__vr188__eeg188__row442
1,ad87efc0-28f6-4acc-8ec2-a5f449e974bc__vr189__eeg189__row443,ad87efc0-28f6-4acc-8ec2-a5f449e974bc,4.666779041290283,5.205318927764893,0.5385398864746094,outer_fold_1,ad87efc0-28f6-4acc-8ec2-a5f449e974bc__ad87efc0-28f6-4acc-8ec2-a5f449e974bc__vr189__eeg189__row443
1,ad87efc0-28f6-4acc-8ec2-a5f449e974bc__vr190__eeg190__row444,ad87efc0-28f6-4acc-8ec2-a5f449e974bc,2.796781539916992,3.0598576068878174,0.2630760669708252,outer_fold_1,ad87efc0-28f6-4acc-8ec2-a5f449e974bc__ad87efc0-28f6-4acc-8ec2-a5f449e974bc__vr190__eeg190__row444
1,ad87efc0-28f6-4acc-8ec2-a5f449e974bc__vr191__eeg191__row445,ad87efc0-28f6-4acc-8ec2-a5f449e974bc,8.502012252807617,9.025619506835938,0.5236072540283203,outer_fold_1,ad87efc0-28f6-4acc-8ec2-a5f449e974bc__ad87efc0-28f6-4acc-8ec2-a5f449e974bc__vr191__eeg191__row445
1,ad87efc0-28f6-4acc-8ec2-a5f449e974bc__vr192__eeg192__row446,ad87efc0-28f6-4acc-8ec2-a5f449e974bc,3.6608731746673584,3.7804694175720215,0.11959624290466309,outer_fold_1,ad87efc0-28f6-4acc-8ec2-a5f449e974bc__ad87efc0-28f6-4acc-8ec2-a5f449e974bc__vr192__eeg192__row446
1,ad87efc0-28f6-4acc-8ec2-a5f449e974bc__vr193__eeg193__row447,ad87efc0-28f6-4acc-8ec2-a5f449e974bc,6.56374454498291,6.6570048332214355,0.09326028823852539,outer_fold_1,ad87efc0-28f6-4acc-8ec2-a5f449e974bc__ad87efc0-28f6-4acc-8ec2-a5f449e974bc__vr193__eeg193__row447
1,ad87efc0-28f6-4acc-8ec2-a5f449e974bc__vr194__eeg194__row448,ad87efc0-28f6-4acc-8ec2-a5f449e974bc,5.718153953552246,5.3206562995910645,0.39749765396118164,outer_fold_1,ad87efc0-28f6-4acc-8ec2-a5f449e974bc__ad87efc0-28f6-4acc-8ec2-a5f449e974bc__vr194__eeg194__row448
1,ad87efc0-28f6-4acc-8ec2-a5f449e974bc__vr195__eeg195__row449,ad87efc0-28f6-4acc-8ec2-a5f449e974bc,3.908102512359619,3.706615447998047,0.20148706436157227,outer_fold_1,ad87efc0-28f6-4acc-8ec2-a5f449e974bc__ad87efc0-28f6-4acc-8ec2-a5f449e974bc__vr195__eeg195__row449
1,ad87efc0-28f6-4acc-8ec2-a5f449e974bc__vr196__eeg196__row450,ad87efc0-28f6-4acc-8ec2-a5f449e974bc,4.34898567199707,5.817388534545898,1.4684028625488281,outer_fold_1,ad87efc0-28f6-4acc-8ec2-a5f449e974bc__ad87efc0-28f6-4acc-8ec2-a5f449e974bc__vr196__eeg196__row450
1,ad87efc0-28f6-4acc-8ec2-a5f449e974bc__vr197__eeg197__row451,ad87efc0-28f6-4acc-8ec2-a5f449e974bc,5.670212745666504,5.5593342781066895,0.11087846755981445,outer_fold_1,ad87efc0-28f6-4acc-8ec2-a5f449e974bc__ad87efc0-28f6-4acc-8ec2-a5f449e974bc__vr197__eeg197__row451
1,ad87efc0-28f6-4acc-8ec2-a5f449e974bc__vr198__eeg198__row452,ad87efc0-28f6-4acc-8ec2-a5f449e974bc,8.155960083007812,7.004083156585693,1.1518769264221191,outer_fold_1,ad87efc0-28f6-4acc-8ec2-a5f449e974bc__ad87efc0-28f6-4acc-8ec2-a5f449e974bc__vr198__eeg198__row452
1,ad87efc0-28f6-4acc-8ec2-a5f449e974bc__vr199__eeg199__row453,ad87efc0-28f6-4acc-8ec2-a5f449e974bc,5.575679779052734,6.281001091003418,0.7053213119506836,outer_fold_1,ad87efc0-28f6-4acc-8ec2-a5f449e974bc__ad87efc0-28f6-4acc-8ec2-a5f449e974bc__vr199__eeg199__row453
1,ad87efc0-28f6-4acc-8ec2-a5f449e974bc__vr200__eeg200__row454,ad87efc0-28f6-4acc-8ec2-a5f449e974bc,3.116164445877075,3.1670961380004883,0.050931692123413086,outer_fold_1,ad87efc0-28f6-4acc-8ec2-a5f449e974bc__ad87efc0-28f6-4acc-8ec2-a5f449e974bc__vr200__eeg200__row454
1,ad87efc0-28f6-4acc-8ec2-a5f449e974bc__vr201__eeg201__row455,ad87efc0-28f6-4acc-8ec2-a5f449e974bc,3.698640108108521,4.882080554962158,1.1834404468536373,outer_fold_1,ad87efc0-28f6-4acc-8ec2-a5f449e974bc__ad87efc0-28f6-4acc-8ec2-a5f449e974bc__vr201__eeg201__row455
1,ad87efc0-28f6-4acc-8ec2-a5f449e974bc__vr202__eeg202__row456,ad87efc0-28f6-4acc-8ec2-a5f449e974bc,4.688640117645264,4.538934230804443,0.1497058868408203,outer_fold_1,ad87efc0-28f6-4acc-8ec2-a5f449e974bc__ad87efc0-28f6-4acc-8ec2-a5f449e974bc__vr202__eeg202__row456
1,ad87efc0-28f6-4acc-8ec2-a5f449e974bc__vr203__eeg203__row457,ad87efc0-28f6-4acc-8ec2-a5f449e974bc,6.876256942749023,9.167425155639648,2.291168212890625,outer_fold_1,ad87efc0-28f6-4acc-8ec2-a5f449e974bc__ad87efc0-28f6-4acc-8ec2-a5f449e974bc__vr203__eeg203__row457
1,ad87efc0-28f6-4acc-8ec2-a5f449e974bc__vr204__eeg204__row458,ad87efc0-28f6-4acc-8ec2-a5f449e974bc,6.222012042999268,8.005406379699707,1.7833943367004395,outer_fold_1,ad87efc0-28f6-4acc-8ec2-a5f449e974bc__ad87efc0-28f6-4acc-8ec2-a5f449e974bc__vr204__eeg204__row458
1,ad87efc0-28f6-4acc-8ec2-a5f449e974bc__vr205__eeg205__row459,ad87efc0-28f6-4acc-8ec2-a5f449e974bc,3.4358103275299072,4.74161958694458,1.3058092594146729,outer_fold_1,ad87efc0-28f6-4acc-8ec2-a5f449e974bc__ad87efc0-28f6-4acc-8ec2-a5f449e974bc__vr205__eeg205__row459
1,ad87efc0-28f6-4acc-8ec2-a5f449e974bc__vr206__eeg206__row460,ad87efc0-28f6-4acc-8ec2-a5f449e974bc,6.279158115386963,6.041190147399902,0.23796796798706055,outer_fold_1,ad87efc0-28f6-4acc-8ec2-a5f449e974bc__ad87efc0-28f6-4acc-8ec2-a5f449e974bc__vr206__eeg206__row460
1,ad87efc0-28f6-4acc-8ec2-a5f449e974bc__vr207__eeg207__row461,ad87efc0-28f6-4acc-8ec2-a5f449e974bc,5.363209247589111,4.771856784820557,0.5913524627685547,outer_fold_1,ad87efc0-28f6-4acc-8ec2-a5f449e974bc__ad87efc0-28f6-4acc-8ec2-a5f449e974bc__vr207__eeg207__row461
1,ad87efc0-28f6-4acc-8ec2-a5f449e974bc__vr208__eeg208__row462,ad87efc0-28f6-4acc-8ec2-a5f449e974bc,2.609215497970581,3.0449001789093018,0.4356846809387207,outer_fold_1,ad87efc0-28f6-4acc-8ec2-a5f449e974bc__ad87efc0-28f6-4acc-8ec2-a5f449e974bc__vr208__eeg208__row462
1,ad87efc0-28f6-4acc-8ec2-a5f449e974bc__vr209__eeg209__row463,ad87efc0-28f6-4acc-8ec2-a5f449e974bc,4.983421325683594,5.392881870269775,0.40946054458618164,outer_fold_1,ad87efc0-28f6-4acc-8ec2-a5f449e974bc__ad87efc0-28f6-4acc-8ec2-a5f449e974bc__vr209__eeg209__row463
1,ad87efc0-28f6-4acc-8ec2-a5f449e974bc__vr210__eeg210__row464,ad87efc0-28f6-4acc-8ec2-a5f449e974bc,6.9327569007873535,7.165435791015625,0.23267889022827148,outer_fold_1,ad87efc0-28f6-4acc-8ec2-a5f449e974bc__ad87efc0-28f6-4acc-8ec2-a5f449e974bc__vr210__eeg210__row464
1,ad87efc0-28f6-4acc-8ec2-a5f449e974bc__vr211__eeg211__row465,ad87efc0-28f6-4acc-8ec2-a5f449e974bc,4.957333564758301,3.773435354232788,1.1838982105255127,outer_fold_1,ad87efc0-28f6-4acc-8ec2-a5f449e974bc__ad87efc0-28f6-4acc-8ec2-a5f449e974bc__vr211__eeg211__row465
1,ad87efc0-28f6-4acc-8ec2-a5f449e974bc__vr212__eeg212__row466,ad87efc0-28f6-4acc-8ec2-a5f449e974bc,4.864243030548096,4.813869953155518,0.050373077392578125,outer_fold_1,ad87efc0-28f6-4acc-8ec2-a5f449e974bc__ad87efc0-28f6-4acc-8ec2-a5f449e974bc__vr212__eeg212__row466
1,ad87efc0-28f6-4acc-8ec2-a5f449e974bc__vr213__eeg213__row467,ad87efc0-28f6-4acc-8ec2-a5f449e974bc,8.340692520141602,5.235095024108887,3.105597496032715,outer_fold_1,ad87efc0-28f6-4acc-8ec2-a5f449e974bc__ad87efc0-28f6-4acc-8ec2-a5f449e974bc__vr213__eeg213__row467
1,ad87efc0-28f6-4acc-8ec2-a5f449e974bc__vr214__eeg214__row468,ad87efc0-28f6-4acc-8ec2-a5f449e974bc,3.601409673690796,8.153286933898926,4.55187726020813,outer_fold_1,ad87efc0-28f6-4acc-8ec2-a5f449e974bc__ad87efc0-28f6-4acc-8ec2-a5f449e974bc__vr214__eeg214__row468
1,ad87efc0-28f6-4acc-8ec2-a5f449e974bc__vr215__eeg215__row469,ad87efc0-28f6-4acc-8ec2-a5f449e974bc,10.000460624694824,6.784047603607178,3.2164130210876465,outer_fold_1,ad87efc0-28f6-4acc-8ec2-a5f449e974bc__ad87efc0-28f6-4acc-8ec2-a5f449e974bc__vr215__eeg215__row469
1,ad87efc0-28f6-4acc-8ec2-a5f449e974bc__vr216__eeg216__row470,ad87efc0-28f6-4acc-8ec2-a5f449e974bc,3.8862111568450928,2.8301031589508057,1.056107997894287,outer_fold_1,ad87efc0-28f6-4acc-8ec2-a5f449e974bc__ad87efc0-28f6-4acc-8ec2-a5f449e974bc__vr216__eeg216__row470
1,ad87efc0-28f6-4acc-8ec2-a5f449e974bc__vr217__eeg217__row471,ad87efc0-28f6-4acc-8ec2-a5f449e974bc,4.411392688751221,4.058495998382568,0.35289669036865234,outer_fold_1,ad87efc0-28f6-4acc-8ec2-a5f449e974bc__ad87efc0-28f6-4acc-8ec2-a5f449e974bc__vr217__eeg217__row471
1,ad87efc0-28f6-4acc-8ec2-a5f449e974bc__vr218__eeg218__row472,ad87efc0-28f6-4acc-8ec2-a5f449e974bc,4.673398017883301,6.214474201202393,1.5410761833190918,outer_fold_1,ad87efc0-28f6-4acc-8ec2-a5f449e974bc__ad87efc0-28f6-4acc-8ec2-a5f449e974bc__vr218__eeg218__row472
1,ad87efc0-28f6-4acc-8ec2-a5f449e974bc__vr219__eeg219__row473,ad87efc0-28f6-4acc-8ec2-a5f449e974bc,3.729846239089966,5.030868053436279,1.3010218143463135,outer_fold_1,ad87efc0-28f6-4acc-8ec2-a5f449e974bc__ad87efc0-28f6-4acc-8ec2-a5f449e974bc__vr219__eeg219__row473
1,ad87efc0-28f6-4acc-8ec2-a5f449e974bc__vr220__eeg220__row474,ad87efc0-28f6-4acc-8ec2-a5f449e974bc,10.405299186706545,9.82797622680664,0.5773229598999041,outer_fold_1,ad87efc0-28f6-4acc-8ec2-a5f449e974bc__ad87efc0-28f6-4acc-8ec2-a5f449e974bc__vr220__eeg220__row474
1,ad87efc0-28f6-4acc-8ec2-a5f449e974bc__vr221__eeg221__row475,ad87efc0-28f6-4acc-8ec2-a5f449e974bc,4.704562664031982,5.37242317199707,0.6678605079650879,outer_fold_1,ad87efc0-28f6-4acc-8ec2-a5f449e974bc__ad87efc0-28f6-4acc-8ec2-a5f449e974bc__vr221__eeg221__row475
1,ad87efc0-28f6-4acc-8ec2-a5f449e974bc__vr222__eeg222__row476,ad87efc0-28f6-4acc-8ec2-a5f449e974bc,7.012012958526611,8.731952667236328,1.7199397087097168,outer_fold_1,ad87efc0-28f6-4acc-8ec2-a5f449e974bc__ad87efc0-28f6-4acc-8ec2-a5f449e974bc__vr222__eeg222__row476
1,ad87efc0-28f6-4acc-8ec2-a5f449e974bc__vr223__eeg223__row477,ad87efc0-28f6-4acc-8ec2-a5f449e974bc,4.298084735870361,4.120274066925049,0.1778106689453125,outer_fold_1,ad87efc0-28f6-4acc-8ec2-a5f449e974bc__ad87efc0-28f6-4acc-8ec2-a5f449e974bc__vr223__eeg223__row477
1,ad87efc0-28f6-4acc-8ec2-a5f449e974bc__vr224__eeg224__row478,ad87efc0-28f6-4acc-8ec2-a5f449e974bc,3.9835493564605713,3.6244027614593506,0.3591465950012207,outer_fold_1,ad87efc0-28f6-4acc-8ec2-a5f449e974bc__ad87efc0-28f6-4acc-8ec2-a5f449e974bc__vr224__eeg224__row478
1,ad87efc0-28f6-4acc-8ec2-a5f449e974bc__vr225__eeg225__row479,ad87efc0-28f6-4acc-8ec2-a5f449e974bc,2.973868608474731,5.65913724899292,2.685268640518189,outer_fold_1,ad87efc0-28f6-4acc-8ec2-a5f449e974bc__ad87efc0-28f6-4acc-8ec2-a5f449e974bc__vr225__eeg225__row479
1,ad87efc0-28f6-4acc-8ec2-a5f449e974bc__vr226__eeg226__row480,ad87efc0-28f6-4acc-8ec2-a5f449e974bc,3.669479370117187,4.981707572937012,1.3122282028198247,outer_fold_1,ad87efc0-28f6-4acc-8ec2-a5f449e974bc__ad87efc0-28f6-4acc-8ec2-a5f449e974bc__vr226__eeg226__row480
1,ad87efc0-28f6-4acc-8ec2-a5f449e974bc__vr227__eeg227__row481,ad87efc0-28f6-4acc-8ec2-a5f449e974bc,11.983856201171877,8.044695854187012,3.939160346984865,outer_fold_1,ad87efc0-28f6-4acc-8ec2-a5f449e974bc__ad87efc0-28f6-4acc-8ec2-a5f449e974bc__vr227__eeg227__row481
1,ad87efc0-28f6-4acc-8ec2-a5f449e974bc__vr228__eeg228__row482,ad87efc0-28f6-4acc-8ec2-a5f449e974bc,4.52260684967041,5.16696310043335,0.6443562507629395,outer_fold_1,ad87efc0-28f6-4acc-8ec2-a5f449e974bc__ad87efc0-28f6-4acc-8ec2-a5f449e974bc__vr228__eeg228__row482
1,ad87efc0-28f6-4acc-8ec2-a5f449e974bc__vr229__eeg229__row483,ad87efc0-28f6-4acc-8ec2-a5f449e974bc,8.219609260559082,5.897924423217773,2.3216848373413086,outer_fold_1,ad87efc0-28f6-4acc-8ec2-a5f449e974bc__ad87efc0-28f6-4acc-8ec2-a5f449e974bc__vr229__eeg229__row483
1,ad87efc0-28f6-4acc-8ec2-a5f449e974bc__vr230__eeg230__row484,ad87efc0-28f6-4acc-8ec2-a5f449e974bc,5.358983516693115,5.614295959472656,0.255312442779541,outer_fold_1,ad87efc0-28f6-4acc-8ec2-a5f449e974bc__ad87efc0-28f6-4acc-8ec2-a5f449e974bc__vr230__eeg230__row484
1,ad87efc0-28f6-4acc-8ec2-a5f449e974bc__vr231__eeg231__row485,ad87efc0-28f6-4acc-8ec2-a5f449e974bc,4.488593101501465,4.444019794464111,0.044573307037353516,outer_fold_1,ad87efc0-28f6-4acc-8ec2-a5f449e974bc__ad87efc0-28f6-4acc-8ec2-a5f449e974bc__vr231__eeg231__row485
1,ad87efc0-28f6-4acc-8ec2-a5f449e974bc__vr232__eeg232__row486,ad87efc0-28f6-4acc-8ec2-a5f449e974bc,7.350874423980713,5.688884258270264,1.6619901657104492,outer_fold_1,ad87efc0-28f6-4acc-8ec2-a5f449e974bc__ad87efc0-28f6-4acc-8ec2-a5f449e974bc__vr232__eeg232__row486
1,ad87efc0-28f6-4acc-8ec2-a5f449e974bc__vr233__eeg233__row487,ad87efc0-28f6-4acc-8ec2-a5f449e974bc,5.287171363830566,7.021140098571777,1.733968734741211,outer_fold_1,ad87efc0-28f6-4acc-8ec2-a5f449e974bc__ad87efc0-28f6-4acc-8ec2-a5f449e974bc__vr233__eeg233__row487
1,ad87efc0-28f6-4acc-8ec2-a5f449e974bc__vr234__eeg234__row488,ad87efc0-28f6-4acc-8ec2-a5f449e974bc,4.988729476928711,4.711564540863037,0.27716493606567383,outer_fold_1,ad87efc0-28f6-4acc-8ec2-a5f449e974bc__ad87efc0-28f6-4acc-8ec2-a5f449e974bc__vr234__eeg234__row488
1,ad87efc0-28f6-4acc-8ec2-a5f449e974bc__vr235__eeg235__row489,ad87efc0-28f6-4acc-8ec2-a5f449e974bc,4.089582443237305,4.8435282707214355,0.7539458274841309,outer_fold_1,ad87efc0-28f6-4acc-8ec2-a5f449e974bc__ad87efc0-28f6-4acc-8ec2-a5f449e974bc__vr235__eeg235__row489
1,ad87efc0-28f6-4acc-8ec2-a5f449e974bc__vr236__eeg236__row490,ad87efc0-28f6-4acc-8ec2-a5f449e974bc,10.699585914611816,10.692922592163086,0.006663322448730469,outer_fold_1,ad87efc0-28f6-4acc-8ec2-a5f449e974bc__ad87efc0-28f6-4acc-8ec2-a5f449e974bc__vr236__eeg236__row490
1,ad87efc0-28f6-4acc-8ec2-a5f449e974bc__vr237__eeg237__row491,ad87efc0-28f6-4acc-8ec2-a5f449e974bc,3.311918258666992,4.805257797241211,1.4933395385742188,outer_fold_1,ad87efc0-28f6-4acc-8ec2-a5f449e974bc__ad87efc0-28f6-4acc-8ec2-a5f449e974bc__vr237__eeg237__row491
1,ad87efc0-28f6-4acc-8ec2-a5f449e974bc__vr238__eeg238__row492,ad87efc0-28f6-4acc-8ec2-a5f449e974bc,4.358808517456055,3.186913251876831,1.1718952655792236,outer_fold_1,ad87efc0-28f6-4acc-8ec2-a5f449e974bc__ad87efc0-28f6-4acc-8ec2-a5f449e974bc__vr238__eeg238__row492
1,ad87efc0-28f6-4acc-8ec2-a5f449e974bc__vr239__eeg239__row493,ad87efc0-28f6-4acc-8ec2-a5f449e974bc,9.843899726867676,11.68082046508789,1.8369207382202148,outer_fold_1,ad87efc0-28f6-4acc-8ec2-a5f449e974bc__ad87efc0-28f6-4acc-8ec2-a5f449e974bc__vr239__eeg239__row493
1,ad87efc0-28f6-4acc-8ec2-a5f449e974bc__vr240__eeg240__row494,ad87efc0-28f6-4acc-8ec2-a5f449e974bc,4.379478454589844,5.30151891708374,0.9220404624938965,outer_fold_1,ad87efc0-28f6-4acc-8ec2-a5f449e974bc__ad87efc0-28f6-4acc-8ec2-a5f449e974bc__vr240__eeg240__row494
1,ad87efc0-28f6-4acc-8ec2-a5f449e974bc__vr241__eeg241__row495,ad87efc0-28f6-4acc-8ec2-a5f449e974bc,6.056827545166016,4.2018141746521,1.855013370513916,outer_fold_1,ad87efc0-28f6-4acc-8ec2-a5f449e974bc__ad87efc0-28f6-4acc-8ec2-a5f449e974bc__vr241__eeg241__row495
1,ad87efc0-28f6-4acc-8ec2-a5f449e974bc__vr242__eeg242__row496,ad87efc0-28f6-4acc-8ec2-a5f449e974bc,4.833052635192871,4.50646448135376,0.32658815383911133,outer_fold_1,ad87efc0-28f6-4acc-8ec2-a5f449e974bc__ad87efc0-28f6-4acc-8ec2-a5f449e974bc__vr242__eeg242__row496
1,ad87efc0-28f6-4acc-8ec2-a5f449e974bc__vr243__eeg243__row497,ad87efc0-28f6-4acc-8ec2-a5f449e974bc,4.289589881896973,6.704941272735596,2.415351390838623,outer_fold_1,ad87efc0-28f6-4acc-8ec2-a5f449e974bc__ad87efc0-28f6-4acc-8ec2-a5f449e974bc__vr243__eeg243__row497
1,ad87efc0-28f6-4acc-8ec2-a5f449e974bc__vr244__eeg244__row498,ad87efc0-28f6-4acc-8ec2-a5f449e974bc,2.7819573879241943,2.8764736652374268,0.09451627731323242,outer_fold_1,ad87efc0-28f6-4acc-8ec2-a5f449e974bc__ad87efc0-28f6-4acc-8ec2-a5f449e974bc__vr244__eeg244__row498
1,ad87efc0-28f6-4acc-8ec2-a5f449e974bc__vr245__eeg245__row499,ad87efc0-28f6-4acc-8ec2-a5f449e974bc,6.823826313018799,7.590403079986572,0.7665767669677734,outer_fold_1,ad87efc0-28f6-4acc-8ec2-a5f449e974bc__ad87efc0-28f6-4acc-8ec2-a5f449e974bc__vr245__eeg245__row499
1,ad87efc0-28f6-4acc-8ec2-a5f449e974bc__vr246__eeg246__row500,ad87efc0-28f6-4acc-8ec2-a5f449e974bc,6.5578293800354,5.867331027984619,0.6904983520507812,outer_fold_1,ad87efc0-28f6-4acc-8ec2-a5f449e974bc__ad87efc0-28f6-4acc-8ec2-a5f449e974bc__vr246__eeg246__row500
1,ad87efc0-28f6-4acc-8ec2-a5f449e974bc__vr247__eeg247__row501,ad87efc0-28f6-4acc-8ec2-a5f449e974bc,8.121142387390137,6.660864353179932,1.460278034210205,outer_fold_1,ad87efc0-28f6-4acc-8ec2-a5f449e974bc__ad87efc0-28f6-4acc-8ec2-a5f449e974bc__vr247__eeg247__row501
1,ad87efc0-28f6-4acc-8ec2-a5f449e974bc__vr248__eeg248__row502,ad87efc0-28f6-4acc-8ec2-a5f449e974bc,9.99091625213623,6.285440444946289,3.7054758071899414,outer_fold_1,ad87efc0-28f6-4acc-8ec2-a5f449e974bc__ad87efc0-28f6-4acc-8ec2-a5f449e974bc__vr248__eeg248__row502
1,ad87efc0-28f6-4acc-8ec2-a5f449e974bc__vr249__eeg249__row503,ad87efc0-28f6-4acc-8ec2-a5f449e974bc,3.604231834411621,3.1462042331695557,0.45802760124206543,outer_fold_1,ad87efc0-28f6-4acc-8ec2-a5f449e974bc__ad87efc0-28f6-4acc-8ec2-a5f449e974bc__vr249__eeg249__row503
1,ad87efc0-28f6-4acc-8ec2-a5f449e974bc__vr250__eeg250__row504,ad87efc0-28f6-4acc-8ec2-a5f449e974bc,2.5667223930358887,2.827148199081421,0.2604258060455322,outer_fold_1,ad87efc0-28f6-4acc-8ec2-a5f449e974bc__ad87efc0-28f6-4acc-8ec2-a5f449e974bc__vr250__eeg250__row504
1,ad87efc0-28f6-4acc-8ec2-a5f449e974bc__vr251__eeg251__row505,ad87efc0-28f6-4acc-8ec2-a5f449e974bc,6.625630855560303,8.086450576782227,1.4608197212219238,outer_fold_1,ad87efc0-28f6-4acc-8ec2-a5f449e974bc__ad87efc0-28f6-4acc-8ec2-a5f449e974bc__vr251__eeg251__row505
1,ad87efc0-28f6-4acc-8ec2-a5f449e974bc__vr252__eeg252__row506,ad87efc0-28f6-4acc-8ec2-a5f449e974bc,6.413023471832275,8.358095169067383,1.9450716972351074,outer_fold_1,ad87efc0-28f6-4acc-8ec2-a5f449e974bc__ad87efc0-28f6-4acc-8ec2-a5f449e974bc__vr252__eeg252__row506
1,ad87efc0-28f6-4acc-8ec2-a5f449e974bc__vr253__eeg253__row507,ad87efc0-28f6-4acc-8ec2-a5f449e974bc,4.555328845977783,4.752573490142822,0.19724464416503906,outer_fold_1,ad87efc0-28f6-4acc-8ec2-a5f449e974bc__ad87efc0-28f6-4acc-8ec2-a5f449e974bc__vr253__eeg253__row507
1,ad87efc0-28f6-4acc-8ec2-a5f449e974bc__vr254__eeg254__row508,ad87efc0-28f6-4acc-8ec2-a5f449e974bc,4.267411231994629,3.4798123836517334,0.7875988483428955,outer_fold_1,ad87efc0-28f6-4acc-8ec2-a5f449e974bc__ad87efc0-28f6-4acc-8ec2-a5f449e974bc__vr254__eeg254__row508
1,ad87efc0-28f6-4acc-8ec2-a5f449e974bc__vr255__eeg255__row509,ad87efc0-28f6-4acc-8ec2-a5f449e974bc,6.3839111328125,8.753695487976074,2.369784355163574,outer_fold_1,ad87efc0-28f6-4acc-8ec2-a5f449e974bc__ad87efc0-28f6-4acc-8ec2-a5f449e974bc__vr255__eeg255__row509
1,ad87efc0-28f6-4acc-8ec2-a5f449e974bc__vr256__eeg256__row510,ad87efc0-28f6-4acc-8ec2-a5f449e974bc,5.192166328430176,3.384338855743408,1.8078274726867676,outer_fold_1,ad87efc0-28f6-4acc-8ec2-a5f449e974bc__ad87efc0-28f6-4acc-8ec2-a5f449e974bc__vr256__eeg256__row510
1,ad87efc0-28f6-4acc-8ec2-a5f449e974bc__vr257__eeg257__row511,ad87efc0-28f6-4acc-8ec2-a5f449e974bc,6.163365364074707,7.084004878997803,0.9206395149230957,outer_fold_1,ad87efc0-28f6-4acc-8ec2-a5f449e974bc__ad87efc0-28f6-4acc-8ec2-a5f449e974bc__vr257__eeg257__row511
1,ad87efc0-28f6-4acc-8ec2-a5f449e974bc__vr258__eeg258__row512,ad87efc0-28f6-4acc-8ec2-a5f449e974bc,4.2689104080200195,3.864645004272461,0.4042654037475586,outer_fold_1,ad87efc0-28f6-4acc-8ec2-a5f449e974bc__ad87efc0-28f6-4acc-8ec2-a5f449e974bc__vr258__eeg258__row512
1,ad87efc0-28f6-4acc-8ec2-a5f449e974bc__vr259__eeg260__row513,ad87efc0-28f6-4acc-8ec2-a5f449e974bc,6.800755023956299,7.792178630828857,0.9914236068725586,outer_fold_1,ad87efc0-28f6-4acc-8ec2-a5f449e974bc__ad87efc0-28f6-4acc-8ec2-a5f449e974bc__vr259__eeg260__row513
1,ad87efc0-28f6-4acc-8ec2-a5f449e974bc__vr260__eeg261__row514,ad87efc0-28f6-4acc-8ec2-a5f449e974bc,4.003233432769775,4.44003438949585,0.4368009567260742,outer_fold_1,ad87efc0-28f6-4acc-8ec2-a5f449e974bc__ad87efc0-28f6-4acc-8ec2-a5f449e974bc__vr260__eeg261__row514
1,ad87efc0-28f6-4acc-8ec2-a5f449e974bc__vr261__eeg262__row515,ad87efc0-28f6-4acc-8ec2-a5f449e974bc,6.7718586921691895,7.430069446563721,0.6582107543945312,outer_fold_1,ad87efc0-28f6-4acc-8ec2-a5f449e974bc__ad87efc0-28f6-4acc-8ec2-a5f449e974bc__vr261__eeg262__row515
1,ad87efc0-28f6-4acc-8ec2-a5f449e974bc__vr262__eeg263__row516,ad87efc0-28f6-4acc-8ec2-a5f449e974bc,9.27059268951416,10.557567596435549,1.2869749069213885,outer_fold_1,ad87efc0-28f6-4acc-8ec2-a5f449e974bc__ad87efc0-28f6-4acc-8ec2-a5f449e974bc__vr262__eeg263__row516
1,ad87efc0-28f6-4acc-8ec2-a5f449e974bc__vr263__eeg264__row517,ad87efc0-28f6-4acc-8ec2-a5f449e974bc,9.746594429016112,10.01823616027832,0.2716417312622088,outer_fold_1,ad87efc0-28f6-4acc-8ec2-a5f449e974bc__ad87efc0-28f6-4acc-8ec2-a5f449e974bc__vr263__eeg264__row517
1,ad87efc0-28f6-4acc-8ec2-a5f449e974bc__vr264__eeg265__row518,ad87efc0-28f6-4acc-8ec2-a5f449e974bc,5.500182628631592,5.169337272644043,0.33084535598754883,outer_fold_1,ad87efc0-28f6-4acc-8ec2-a5f449e974bc__ad87efc0-28f6-4acc-8ec2-a5f449e974bc__vr264__eeg265__row518
1,ad87efc0-28f6-4acc-8ec2-a5f449e974bc__vr265__eeg266__row519,ad87efc0-28f6-4acc-8ec2-a5f449e974bc,6.861515522003174,6.7238264083862305,0.13768911361694336,outer_fold_1,ad87efc0-28f6-4acc-8ec2-a5f449e974bc__ad87efc0-28f6-4acc-8ec2-a5f449e974bc__vr265__eeg266__row519
1,ad87efc0-28f6-4acc-8ec2-a5f449e974bc__vr266__eeg267__row520,ad87efc0-28f6-4acc-8ec2-a5f449e974bc,5.741164684295654,6.0663065910339355,0.32514190673828125,outer_fold_1,ad87efc0-28f6-4acc-8ec2-a5f449e974bc__ad87efc0-28f6-4acc-8ec2-a5f449e974bc__vr266__eeg267__row520
1,ad87efc0-28f6-4acc-8ec2-a5f449e974bc__vr267__eeg268__row521,ad87efc0-28f6-4acc-8ec2-a5f449e974bc,4.362585544586182,3.1232593059539795,1.2393262386322021,outer_fold_1,ad87efc0-28f6-4acc-8ec2-a5f449e974bc__ad87efc0-28f6-4acc-8ec2-a5f449e974bc__vr267__eeg268__row521
1,ad87efc0-28f6-4acc-8ec2-a5f449e974bc__vr268__eeg269__row522,ad87efc0-28f6-4acc-8ec2-a5f449e974bc,7.970418930053711,7.92125129699707,0.049167633056640625,outer_fold_1,ad87efc0-28f6-4acc-8ec2-a5f449e974bc__ad87efc0-28f6-4acc-8ec2-a5f449e974bc__vr268__eeg269__row522
1,ad87efc0-28f6-4acc-8ec2-a5f449e974bc__vr269__eeg270__row523,ad87efc0-28f6-4acc-8ec2-a5f449e974bc,4.341333389282227,4.163386344909668,0.1779470443725586,outer_fold_1,ad87efc0-28f6-4acc-8ec2-a5f449e974bc__ad87efc0-28f6-4acc-8ec2-a5f449e974bc__vr269__eeg270__row523
1,ad87efc0-28f6-4acc-8ec2-a5f449e974bc__vr270__eeg271__row524,ad87efc0-28f6-4acc-8ec2-a5f449e974bc,7.110236644744873,7.645616054534912,0.5353794097900391,outer_fold_1,ad87efc0-28f6-4acc-8ec2-a5f449e974bc__ad87efc0-28f6-4acc-8ec2-a5f449e974bc__vr270__eeg271__row524
1,ad87efc0-28f6-4acc-8ec2-a5f449e974bc__vr271__eeg272__row525,ad87efc0-28f6-4acc-8ec2-a5f449e974bc,7.7131428718566895,6.295745372772217,1.4173974990844727,outer_fold_1,ad87efc0-28f6-4acc-8ec2-a5f449e974bc__ad87efc0-28f6-4acc-8ec2-a5f449e974bc__vr271__eeg272__row525
1,ad87efc0-28f6-4acc-8ec2-a5f449e974bc__vr272__eeg273__row526,ad87efc0-28f6-4acc-8ec2-a5f449e974bc,17.258352279663086,12.252057075500488,5.006295204162598,outer_fold_1,ad87efc0-28f6-4acc-8ec2-a5f449e974bc__ad87efc0-28f6-4acc-8ec2-a5f449e974bc__vr272__eeg273__row526
1,f59e9a00-0a45-4497-8048-818cd5f48267__vr323__eeg324__row815,f59e9a00-0a45-4497-8048-818cd5f48267,7.115861892700195,6.075572490692139,1.0402894020080566,outer_fold_1,f59e9a00-0a45-4497-8048-818cd5f48267__f59e9a00-0a45-4497-8048-818cd5f48267__vr323__eeg324__row815
1,f59e9a00-0a45-4497-8048-818cd5f48267__vr324__eeg325__row816,f59e9a00-0a45-4497-8048-818cd5f48267,4.4298095703125,5.666037559509277,1.2362279891967773,outer_fold_1,f59e9a00-0a45-4497-8048-818cd5f48267__f59e9a00-0a45-4497-8048-818cd5f48267__vr324__eeg325__row816
1,f59e9a00-0a45-4497-8048-818cd5f48267__vr325__eeg326__row817,f59e9a00-0a45-4497-8048-818cd5f48267,4.607917308807373,4.678436279296875,0.07051897048950195,outer_fold_1,f59e9a00-0a45-4497-8048-818cd5f48267__f59e9a00-0a45-4497-8048-818cd5f48267__vr325__eeg326__row817
1,f59e9a00-0a45-4497-8048-818cd5f48267__vr326__eeg327__row818,f59e9a00-0a45-4497-8048-818cd5f48267,5.558341979980469,6.678884029388428,1.120542049407959,outer_fold_1,f59e9a00-0a45-4497-8048-818cd5f48267__f59e9a00-0a45-4497-8048-818cd5f48267__vr326__eeg327__row818
1,f59e9a00-0a45-4497-8048-818cd5f48267__vr327__eeg328__row819,f59e9a00-0a45-4497-8048-818cd5f48267,13.428834915161133,6.24553108215332,7.1833038330078125,outer_fold_1,f59e9a00-0a45-4497-8048-818cd5f48267__f59e9a00-0a45-4497-8048-818cd5f48267__vr327__eeg328__row819
1,f59e9a00-0a45-4497-8048-818cd5f48267__vr329__eeg330__row821,f59e9a00-0a45-4497-8048-818cd5f48267,9.126424789428713,7.563418865203857,1.5630059242248553,outer_fold_1,f59e9a00-0a45-4497-8048-818cd5f48267__f59e9a00-0a45-4497-8048-818cd5f48267__vr329__eeg330__row821
1,f59e9a00-0a45-4497-8048-818cd5f48267__vr330__eeg331__row822,f59e9a00-0a45-4497-8048-818cd5f48267,12.482081413269045,9.279014587402344,3.203066825866701,outer_fold_1,f59e9a00-0a45-4497-8048-818cd5f48267__f59e9a00-0a45-4497-8048-818cd5f48267__vr330__eeg331__row822
1,f59e9a00-0a45-4497-8048-818cd5f48267__vr331__eeg332__row823,f59e9a00-0a45-4497-8048-818cd5f48267,2.044722557067871,2.608527898788452,0.563805341720581,outer_fold_1,f59e9a00-0a45-4497-8048-818cd5f48267__f59e9a00-0a45-4497-8048-818cd5f48267__vr331__eeg332__row823
1,f59e9a00-0a45-4497-8048-818cd5f48267__vr332__eeg333__row824,f59e9a00-0a45-4497-8048-818cd5f48267,7.488605499267578,5.371518611907959,2.117086887359619,outer_fold_1,f59e9a00-0a45-4497-8048-818cd5f48267__f59e9a00-0a45-4497-8048-818cd5f48267__vr332__eeg333__row824
1,f59e9a00-0a45-4497-8048-818cd5f48267__vr333__eeg334__row825,f59e9a00-0a45-4497-8048-818cd5f48267,2.695377826690674,4.480418682098389,1.7850408554077148,outer_fold_1,f59e9a00-0a45-4497-8048-818cd5f48267__f59e9a00-0a45-4497-8048-818cd5f48267__vr333__eeg334__row825
1,f59e9a00-0a45-4497-8048-818cd5f48267__vr334__eeg335__row826,f59e9a00-0a45-4497-8048-818cd5f48267,3.6982710361480713,5.301364898681641,1.6030938625335693,outer_fold_1,f59e9a00-0a45-4497-8048-818cd5f48267__f59e9a00-0a45-4497-8048-818cd5f48267__vr334__eeg335__row826
1,f59e9a00-0a45-4497-8048-818cd5f48267__vr335__eeg336__row827,f59e9a00-0a45-4497-8048-818cd5f48267,3.131873607635498,3.920833826065063,0.788960218429565,outer_fold_1,f59e9a00-0a45-4497-8048-818cd5f48267__f59e9a00-0a45-4497-8048-818cd5f48267__vr335__eeg336__row827
1,f59e9a00-0a45-4497-8048-818cd5f48267__vr336__eeg337__row828,f59e9a00-0a45-4497-8048-818cd5f48267,4.941788196563721,5.956592082977295,1.0148038864135742,outer_fold_1,f59e9a00-0a45-4497-8048-818cd5f48267__f59e9a00-0a45-4497-8048-818cd5f48267__vr336__eeg337__row828
1,f59e9a00-0a45-4497-8048-818cd5f48267__vr337__eeg338__row829,f59e9a00-0a45-4497-8048-818cd5f48267,4.1519999504089355,5.030600070953369,0.8786001205444336,outer_fold_1,f59e9a00-0a45-4497-8048-818cd5f48267__f59e9a00-0a45-4497-8048-818cd5f48267__vr337__eeg338__row829
1,f59e9a00-0a45-4497-8048-818cd5f48267__vr338__eeg339__row830,f59e9a00-0a45-4497-8048-818cd5f48267,7.556496620178223,6.3684821128845215,1.1880145072937012,outer_fold_1,f59e9a00-0a45-4497-8048-818cd5f48267__f59e9a00-0a45-4497-8048-818cd5f48267__vr338__eeg339__row830
1,f59e9a00-0a45-4497-8048-818cd5f48267__vr339__eeg340__row831,f59e9a00-0a45-4497-8048-818cd5f48267,3.426823616027832,5.880429744720459,2.453606128692627,outer_fold_1,f59e9a00-0a45-4497-8048-818cd5f48267__f59e9a00-0a45-4497-8048-818cd5f48267__vr339__eeg340__row831
1,f59e9a00-0a45-4497-8048-818cd5f48267__vr340__eeg341__row832,f59e9a00-0a45-4497-8048-818cd5f48267,4.139476299285889,4.340648174285889,0.201171875,outer_fold_1,f59e9a00-0a45-4497-8048-818cd5f48267__f59e9a00-0a45-4497-8048-818cd5f48267__vr340__eeg341__row832
1,f59e9a00-0a45-4497-8048-818cd5f48267__vr341__eeg342__row833,f59e9a00-0a45-4497-8048-818cd5f48267,4.802240371704102,5.882505893707275,1.0802655220031738,outer_fold_1,f59e9a00-0a45-4497-8048-818cd5f48267__f59e9a00-0a45-4497-8048-818cd5f48267__vr341__eeg342__row833
1,f59e9a00-0a45-4497-8048-818cd5f48267__vr342__eeg343__row834,f59e9a00-0a45-4497-8048-818cd5f48267,3.5912299156188965,4.003555774688721,0.4123258590698242,outer_fold_1,f59e9a00-0a45-4497-8048-818cd5f48267__f59e9a00-0a45-4497-8048-818cd5f48267__vr342__eeg343__row834
1,f59e9a00-0a45-4497-8048-818cd5f48267__vr343__eeg344__row835,f59e9a00-0a45-4497-8048-818cd5f48267,5.0045671463012695,5.841198444366455,0.8366312980651855,outer_fold_1,f59e9a00-0a45-4497-8048-818cd5f48267__f59e9a00-0a45-4497-8048-818cd5f48267__vr343__eeg344__row835
1,f59e9a00-0a45-4497-8048-818cd5f48267__vr344__eeg345__row836,f59e9a00-0a45-4497-8048-818cd5f48267,2.5668282508850098,2.88090181350708,0.3140735626220703,outer_fold_1,f59e9a00-0a45-4497-8048-818cd5f48267__f59e9a00-0a45-4497-8048-818cd5f48267__vr344__eeg345__row836
1,f59e9a00-0a45-4497-8048-818cd5f48267__vr345__eeg346__row837,f59e9a00-0a45-4497-8048-818cd5f48267,5.562857151031494,5.797435760498047,0.23457860946655273,outer_fold_1,f59e9a00-0a45-4497-8048-818cd5f48267__f59e9a00-0a45-4497-8048-818cd5f48267__vr345__eeg346__row837
1,f59e9a00-0a45-4497-8048-818cd5f48267__vr346__eeg347__row838,f59e9a00-0a45-4497-8048-818cd5f48267,5.925056457519531,5.7663984298706055,0.15865802764892578,outer_fold_1,f59e9a00-0a45-4497-8048-818cd5f48267__f59e9a00-0a45-4497-8048-818cd5f48267__vr346__eeg347__row838
1,f59e9a00-0a45-4497-8048-818cd5f48267__vr347__eeg348__row839,f59e9a00-0a45-4497-8048-818cd5f48267,7.177674293518066,8.809355735778809,1.6316814422607422,outer_fold_1,f59e9a00-0a45-4497-8048-818cd5f48267__f59e9a00-0a45-4497-8048-818cd5f48267__vr347__eeg348__row839
1,f59e9a00-0a45-4497-8048-818cd5f48267__vr348__eeg349__row840,f59e9a00-0a45-4497-8048-818cd5f48267,5.968260288238525,4.3405842781066895,1.627676010131836,outer_fold_1,f59e9a00-0a45-4497-8048-818cd5f48267__f59e9a00-0a45-4497-8048-818cd5f48267__vr348__eeg349__row840
1,f59e9a00-0a45-4497-8048-818cd5f48267__vr349__eeg350__row841,f59e9a00-0a45-4497-8048-818cd5f48267,4.929230690002441,4.251911163330078,0.6773195266723633,outer_fold_1,f59e9a00-0a45-4497-8048-818cd5f48267__f59e9a00-0a45-4497-8048-818cd5f48267__vr349__eeg350__row841
1,f59e9a00-0a45-4497-8048-818cd5f48267__vr350__eeg351__row842,f59e9a00-0a45-4497-8048-818cd5f48267,3.83219051361084,4.8137335777282715,0.9815430641174316,outer_fold_1,f59e9a00-0a45-4497-8048-818cd5f48267__f59e9a00-0a45-4497-8048-818cd5f48267__vr350__eeg351__row842
1,f59e9a00-0a45-4497-8048-818cd5f48267__vr351__eeg352__row843,f59e9a00-0a45-4497-8048-818cd5f48267,3.260219097137451,3.44921350479126,0.18899440765380904,outer_fold_1,f59e9a00-0a45-4497-8048-818cd5f48267__f59e9a00-0a45-4497-8048-818cd5f48267__vr351__eeg352__row843
1,f59e9a00-0a45-4497-8048-818cd5f48267__vr352__eeg353__row844,f59e9a00-0a45-4497-8048-818cd5f48267,9.139900207519531,9.185611724853516,0.045711517333984375,outer_fold_1,f59e9a00-0a45-4497-8048-818cd5f48267__f59e9a00-0a45-4497-8048-818cd5f48267__vr352__eeg353__row844
1,f59e9a00-0a45-4497-8048-818cd5f48267__vr353__eeg354__row845,f59e9a00-0a45-4497-8048-818cd5f48267,5.686366558074951,6.0198211669921875,0.33345460891723633,outer_fold_1,f59e9a00-0a45-4497-8048-818cd5f48267__f59e9a00-0a45-4497-8048-818cd5f48267__vr353__eeg354__row845
1,f59e9a00-0a45-4497-8048-818cd5f48267__vr354__eeg355__row846,f59e9a00-0a45-4497-8048-818cd5f48267,9.863751411437988,9.223718643188477,0.6400327682495117,outer_fold_1,f59e9a00-0a45-4497-8048-818cd5f48267__f59e9a00-0a45-4497-8048-818cd5f48267__vr354__eeg355__row846
1,f59e9a00-0a45-4497-8048-818cd5f48267__vr355__eeg356__row847,f59e9a00-0a45-4497-8048-818cd5f48267,7.581247329711914,5.138668537139893,2.4425787925720215,outer_fold_1,f59e9a00-0a45-4497-8048-818cd5f48267__f59e9a00-0a45-4497-8048-818cd5f48267__vr355__eeg356__row847
1,f59e9a00-0a45-4497-8048-818cd5f48267__vr356__eeg357__row848,f59e9a00-0a45-4497-8048-818cd5f48267,10.507438659667969,9.761730194091797,0.7457084655761719,outer_fold_1,f59e9a00-0a45-4497-8048-818cd5f48267__f59e9a00-0a45-4497-8048-818cd5f48267__vr356__eeg357__row848
2,2a298ece-1693-424d-9d70-7988e3c23aa6__vr35__eeg33__row31,2a298ece-1693-424d-9d70-7988e3c23aa6,5.1782660484313965,4.487344264984131,0.6909217834472656,outer_fold_2,2a298ece-1693-424d-9d70-7988e3c23aa6__2a298ece-1693-424d-9d70-7988e3c23aa6__vr35__eeg33__row31
2,2a298ece-1693-424d-9d70-7988e3c23aa6__vr36__eeg34__row32,2a298ece-1693-424d-9d70-7988e3c23aa6,7.375377655029297,9.551727294921877,2.17634963989258,outer_fold_2,2a298ece-1693-424d-9d70-7988e3c23aa6__2a298ece-1693-424d-9d70-7988e3c23aa6__vr36__eeg34__row32
2,2a298ece-1693-424d-9d70-7988e3c23aa6__vr37__eeg35__row33,2a298ece-1693-424d-9d70-7988e3c23aa6,5.879703521728516,5.926609516143799,0.0469059944152832,outer_fold_2,2a298ece-1693-424d-9d70-7988e3c23aa6__2a298ece-1693-424d-9d70-7988e3c23aa6__vr37__eeg35__row33
2,2a298ece-1693-424d-9d70-7988e3c23aa6__vr38__eeg36__row34,2a298ece-1693-424d-9d70-7988e3c23aa6,2.635376453399658,1.6975125074386597,0.9378639459609985,outer_fold_2,2a298ece-1693-424d-9d70-7988e3c23aa6__2a298ece-1693-424d-9d70-7988e3c23aa6__vr38__eeg36__row34
2,2a298ece-1693-424d-9d70-7988e3c23aa6__vr39__eeg37__row35,2a298ece-1693-424d-9d70-7988e3c23aa6,4.468992233276367,4.4141764640808105,0.05481576919555664,outer_fold_2,2a298ece-1693-424d-9d70-7988e3c23aa6__2a298ece-1693-424d-9d70-7988e3c23aa6__vr39__eeg37__row35
2,2a298ece-1693-424d-9d70-7988e3c23aa6__vr40__eeg38__row36,2a298ece-1693-424d-9d70-7988e3c23aa6,11.874611854553224,6.125890254974365,5.748721599578859,outer_fold_2,2a298ece-1693-424d-9d70-7988e3c23aa6__2a298ece-1693-424d-9d70-7988e3c23aa6__vr40__eeg38__row36
2,2a298ece-1693-424d-9d70-7988e3c23aa6__vr41__eeg39__row37,2a298ece-1693-424d-9d70-7988e3c23aa6,7.375258445739746,3.469825506210327,3.905432939529419,outer_fold_2,2a298ece-1693-424d-9d70-7988e3c23aa6__2a298ece-1693-424d-9d70-7988e3c23aa6__vr41__eeg39__row37
2,2a298ece-1693-424d-9d70-7988e3c23aa6__vr42__eeg40__row38,2a298ece-1693-424d-9d70-7988e3c23aa6,5.071255683898926,4.40029239654541,0.6709632873535156,outer_fold_2,2a298ece-1693-424d-9d70-7988e3c23aa6__2a298ece-1693-424d-9d70-7988e3c23aa6__vr42__eeg40__row38
2,2a298ece-1693-424d-9d70-7988e3c23aa6__vr43__eeg41__row39,2a298ece-1693-424d-9d70-7988e3c23aa6,6.629493236541748,1.7150464057922363,4.914446830749512,outer_fold_2,2a298ece-1693-424d-9d70-7988e3c23aa6__2a298ece-1693-424d-9d70-7988e3c23aa6__vr43__eeg41__row39
2,2a298ece-1693-424d-9d70-7988e3c23aa6__vr44__eeg42__row40,2a298ece-1693-424d-9d70-7988e3c23aa6,15.042612075805664,9.574609756469728,5.468002319335936,outer_fold_2,2a298ece-1693-424d-9d70-7988e3c23aa6__2a298ece-1693-424d-9d70-7988e3c23aa6__vr44__eeg42__row40
2,2a298ece-1693-424d-9d70-7988e3c23aa6__vr45__eeg43__row41,2a298ece-1693-424d-9d70-7988e3c23aa6,4.5675458908081055,1.472422480583191,3.0951234102249146,outer_fold_2,2a298ece-1693-424d-9d70-7988e3c23aa6__2a298ece-1693-424d-9d70-7988e3c23aa6__vr45__eeg43__row41
2,2a298ece-1693-424d-9d70-7988e3c23aa6__vr46__eeg44__row42,2a298ece-1693-424d-9d70-7988e3c23aa6,5.665927886962891,6.374875545501709,0.7089476585388184,outer_fold_2,2a298ece-1693-424d-9d70-7988e3c23aa6__2a298ece-1693-424d-9d70-7988e3c23aa6__vr46__eeg44__row42
2,2a298ece-1693-424d-9d70-7988e3c23aa6__vr47__eeg45__row43,2a298ece-1693-424d-9d70-7988e3c23aa6,4.963417053222656,5.478938579559326,0.5155215263366699,outer_fold_2,2a298ece-1693-424d-9d70-7988e3c23aa6__2a298ece-1693-424d-9d70-7988e3c23aa6__vr47__eeg45__row43
2,2a298ece-1693-424d-9d70-7988e3c23aa6__vr48__eeg46__row44,2a298ece-1693-424d-9d70-7988e3c23aa6,5.298248767852783,5.179956436157227,0.11829233169555664,outer_fold_2,2a298ece-1693-424d-9d70-7988e3c23aa6__2a298ece-1693-424d-9d70-7988e3c23aa6__vr48__eeg46__row44
2,2a298ece-1693-424d-9d70-7988e3c23aa6__vr49__eeg47__row45,2a298ece-1693-424d-9d70-7988e3c23aa6,8.41836166381836,8.075765609741211,0.34259605407714844,outer_fold_2,2a298ece-1693-424d-9d70-7988e3c23aa6__2a298ece-1693-424d-9d70-7988e3c23aa6__vr49__eeg47__row45
2,2a298ece-1693-424d-9d70-7988e3c23aa6__vr50__eeg48__row46,2a298ece-1693-424d-9d70-7988e3c23aa6,15.005000114440918,4.714198589324951,10.290801525115967,outer_fold_2,2a298ece-1693-424d-9d70-7988e3c23aa6__2a298ece-1693-424d-9d70-7988e3c23aa6__vr50__eeg48__row46
2,99ea5a4e-5011-47ee-823c-56fdacec63f5__vr100__eeg99__row372,99ea5a4e-5011-47ee-823c-56fdacec63f5,5.531270503997803,7.193546772003174,1.662276268005371,outer_fold_2,99ea5a4e-5011-47ee-823c-56fdacec63f5__99ea5a4e-5011-47ee-823c-56fdacec63f5__vr100__eeg99__row372
2,99ea5a4e-5011-47ee-823c-56fdacec63f5__vr101__eeg100__row373,99ea5a4e-5011-47ee-823c-56fdacec63f5,3.0296471118927,3.064271926879883,0.03462481498718262,outer_fold_2,99ea5a4e-5011-47ee-823c-56fdacec63f5__99ea5a4e-5011-47ee-823c-56fdacec63f5__vr101__eeg100__row373
2,99ea5a4e-5011-47ee-823c-56fdacec63f5__vr102__eeg101__row374,99ea5a4e-5011-47ee-823c-56fdacec63f5,4.43690299987793,4.513435363769531,0.07653236389160156,outer_fold_2,99ea5a4e-5011-47ee-823c-56fdacec63f5__99ea5a4e-5011-47ee-823c-56fdacec63f5__vr102__eeg101__row374
2,99ea5a4e-5011-47ee-823c-56fdacec63f5__vr103__eeg102__row375,99ea5a4e-5011-47ee-823c-56fdacec63f5,3.53227162361145,3.9869439601898193,0.45467233657836914,outer_fold_2,99ea5a4e-5011-47ee-823c-56fdacec63f5__99ea5a4e-5011-47ee-823c-56fdacec63f5__vr103__eeg102__row375
2,99ea5a4e-5011-47ee-823c-56fdacec63f5__vr104__eeg103__row376,99ea5a4e-5011-47ee-823c-56fdacec63f5,4.06365966796875,4.155776023864746,0.0921163558959961,outer_fold_2,99ea5a4e-5011-47ee-823c-56fdacec63f5__99ea5a4e-5011-47ee-823c-56fdacec63f5__vr104__eeg103__row376
2,99ea5a4e-5011-47ee-823c-56fdacec63f5__vr105__eeg104__row377,99ea5a4e-5011-47ee-823c-56fdacec63f5,5.559404373168945,5.646876335144043,0.08747196197509766,outer_fold_2,99ea5a4e-5011-47ee-823c-56fdacec63f5__99ea5a4e-5011-47ee-823c-56fdacec63f5__vr105__eeg104__row377
2,99ea5a4e-5011-47ee-823c-56fdacec63f5__vr106__eeg105__row378,99ea5a4e-5011-47ee-823c-56fdacec63f5,12.720236778259276,12.011862754821776,0.7083740234375,outer_fold_2,99ea5a4e-5011-47ee-823c-56fdacec63f5__99ea5a4e-5011-47ee-823c-56fdacec63f5__vr106__eeg105__row378
2,99ea5a4e-5011-47ee-823c-56fdacec63f5__vr107__eeg106__row379,99ea5a4e-5011-47ee-823c-56fdacec63f5,16.15796661376953,12.58112907409668,3.5768375396728516,outer_fold_2,99ea5a4e-5011-47ee-823c-56fdacec63f5__99ea5a4e-5011-47ee-823c-56fdacec63f5__vr107__eeg106__row379
2,99ea5a4e-5011-47ee-823c-56fdacec63f5__vr108__eeg107__row380,99ea5a4e-5011-47ee-823c-56fdacec63f5,4.233798027038574,4.224172115325928,0.009625911712646484,outer_fold_2,99ea5a4e-5011-47ee-823c-56fdacec63f5__99ea5a4e-5011-47ee-823c-56fdacec63f5__vr108__eeg107__row380
2,99ea5a4e-5011-47ee-823c-56fdacec63f5__vr109__eeg108__row381,99ea5a4e-5011-47ee-823c-56fdacec63f5,2.993086338043213,3.1435089111328125,0.1504225730895996,outer_fold_2,99ea5a4e-5011-47ee-823c-56fdacec63f5__99ea5a4e-5011-47ee-823c-56fdacec63f5__vr109__eeg108__row381
2,99ea5a4e-5011-47ee-823c-56fdacec63f5__vr110__eeg109__row382,99ea5a4e-5011-47ee-823c-56fdacec63f5,11.146316528320312,8.34650707244873,2.799809455871582,outer_fold_2,99ea5a4e-5011-47ee-823c-56fdacec63f5__99ea5a4e-5011-47ee-823c-56fdacec63f5__vr110__eeg109__row382
2,99ea5a4e-5011-47ee-823c-56fdacec63f5__vr111__eeg110__row383,99ea5a4e-5011-47ee-823c-56fdacec63f5,5.321707725524902,8.45370101928711,3.131993293762207,outer_fold_2,99ea5a4e-5011-47ee-823c-56fdacec63f5__99ea5a4e-5011-47ee-823c-56fdacec63f5__vr111__eeg110__row383
2,99ea5a4e-5011-47ee-823c-56fdacec63f5__vr112__eeg111__row384,99ea5a4e-5011-47ee-823c-56fdacec63f5,6.923368453979492,5.68330192565918,1.2400665283203125,outer_fold_2,99ea5a4e-5011-47ee-823c-56fdacec63f5__99ea5a4e-5011-47ee-823c-56fdacec63f5__vr112__eeg111__row384
2,99ea5a4e-5011-47ee-823c-56fdacec63f5__vr113__eeg112__row385,99ea5a4e-5011-47ee-823c-56fdacec63f5,10.34000015258789,7.868208408355713,2.4717917442321777,outer_fold_2,99ea5a4e-5011-47ee-823c-56fdacec63f5__99ea5a4e-5011-47ee-823c-56fdacec63f5__vr113__eeg112__row385
2,99ea5a4e-5011-47ee-823c-56fdacec63f5__vr114__eeg113__row386,99ea5a4e-5011-47ee-823c-56fdacec63f5,15.503154754638672,13.764501571655272,1.7386531829834002,outer_fold_2,99ea5a4e-5011-47ee-823c-56fdacec63f5__99ea5a4e-5011-47ee-823c-56fdacec63f5__vr114__eeg113__row386
2,99ea5a4e-5011-47ee-823c-56fdacec63f5__vr95__eeg94__row367,99ea5a4e-5011-47ee-823c-56fdacec63f5,5.113263130187988,6.934110641479492,1.820847511291504,outer_fold_2,99ea5a4e-5011-47ee-823c-56fdacec63f5__99ea5a4e-5011-47ee-823c-56fdacec63f5__vr95__eeg94__row367
2,99ea5a4e-5011-47ee-823c-56fdacec63f5__vr96__eeg95__row368,99ea5a4e-5011-47ee-823c-56fdacec63f5,3.5150322914123535,4.1589741706848145,0.6439418792724609,outer_fold_2,99ea5a4e-5011-47ee-823c-56fdacec63f5__99ea5a4e-5011-47ee-823c-56fdacec63f5__vr96__eeg95__row368
2,99ea5a4e-5011-47ee-823c-56fdacec63f5__vr97__eeg96__row369,99ea5a4e-5011-47ee-823c-56fdacec63f5,5.200799942016602,3.9527552127838135,1.248044729232788,outer_fold_2,99ea5a4e-5011-47ee-823c-56fdacec63f5__99ea5a4e-5011-47ee-823c-56fdacec63f5__vr97__eeg96__row369
2,99ea5a4e-5011-47ee-823c-56fdacec63f5__vr98__eeg97__row370,99ea5a4e-5011-47ee-823c-56fdacec63f5,4.809179782867432,4.515065670013428,0.2941141128540039,outer_fold_2,99ea5a4e-5011-47ee-823c-56fdacec63f5__99ea5a4e-5011-47ee-823c-56fdacec63f5__vr98__eeg97__row370
2,99ea5a4e-5011-47ee-823c-56fdacec63f5__vr99__eeg98__row371,99ea5a4e-5011-47ee-823c-56fdacec63f5,4.83612585067749,5.787293910980225,0.9511680603027344,outer_fold_2,99ea5a4e-5011-47ee-823c-56fdacec63f5__99ea5a4e-5011-47ee-823c-56fdacec63f5__vr99__eeg98__row371
2,c488b456-7651-4424-8cc9-8f81ed92e0e2__vr2155__eeg1332__row527,c488b456-7651-4424-8cc9-8f81ed92e0e2,5.86204719543457,3.8742916584014897,1.9877555370330806,outer_fold_2,c488b456-7651-4424-8cc9-8f81ed92e0e2__c488b456-7651-4424-8cc9-8f81ed92e0e2__vr2155__eeg1332__row527
2,c488b456-7651-4424-8cc9-8f81ed92e0e2__vr2156__eeg1333__row528,c488b456-7651-4424-8cc9-8f81ed92e0e2,2.97721004486084,4.58143949508667,1.60422945022583,outer_fold_2,c488b456-7651-4424-8cc9-8f81ed92e0e2__c488b456-7651-4424-8cc9-8f81ed92e0e2__vr2156__eeg1333__row528
2,c488b456-7651-4424-8cc9-8f81ed92e0e2__vr2157__eeg1334__row529,c488b456-7651-4424-8cc9-8f81ed92e0e2,4.18488883972168,3.87758207321167,0.30730676651000977,outer_fold_2,c488b456-7651-4424-8cc9-8f81ed92e0e2__c488b456-7651-4424-8cc9-8f81ed92e0e2__vr2157__eeg1334__row529
2,c488b456-7651-4424-8cc9-8f81ed92e0e2__vr2158__eeg1335__row530,c488b456-7651-4424-8cc9-8f81ed92e0e2,3.444946765899658,3.399834632873535,0.04511213302612305,outer_fold_2,c488b456-7651-4424-8cc9-8f81ed92e0e2__c488b456-7651-4424-8cc9-8f81ed92e0e2__vr2158__eeg1335__row530
2,c488b456-7651-4424-8cc9-8f81ed92e0e2__vr2159__eeg1336__row531,c488b456-7651-4424-8cc9-8f81ed92e0e2,2.8032562732696533,3.8477375507354736,1.0444812774658203,outer_fold_2,c488b456-7651-4424-8cc9-8f81ed92e0e2__c488b456-7651-4424-8cc9-8f81ed92e0e2__vr2159__eeg1336__row531
2,c488b456-7651-4424-8cc9-8f81ed92e0e2__vr2161__eeg1337__row532,c488b456-7651-4424-8cc9-8f81ed92e0e2,4.686903953552246,5.013482570648193,0.32657861709594727,outer_fold_2,c488b456-7651-4424-8cc9-8f81ed92e0e2__c488b456-7651-4424-8cc9-8f81ed92e0e2__vr2161__eeg1337__row532
2,c488b456-7651-4424-8cc9-8f81ed92e0e2__vr2162__eeg1338__row533,c488b456-7651-4424-8cc9-8f81ed92e0e2,5.663280487060547,5.765295505523682,0.10201501846313477,outer_fold_2,c488b456-7651-4424-8cc9-8f81ed92e0e2__c488b456-7651-4424-8cc9-8f81ed92e0e2__vr2162__eeg1338__row533
2,c488b456-7651-4424-8cc9-8f81ed92e0e2__vr2163__eeg1339__row534,c488b456-7651-4424-8cc9-8f81ed92e0e2,11.62967014312744,7.607956409454346,4.021713733673094,outer_fold_2,c488b456-7651-4424-8cc9-8f81ed92e0e2__c488b456-7651-4424-8cc9-8f81ed92e0e2__vr2163__eeg1339__row534
2,c488b456-7651-4424-8cc9-8f81ed92e0e2__vr2164__eeg1340__row535,c488b456-7651-4424-8cc9-8f81ed92e0e2,4.326290607452393,3.409266710281372,0.9170238971710205,outer_fold_2,c488b456-7651-4424-8cc9-8f81ed92e0e2__c488b456-7651-4424-8cc9-8f81ed92e0e2__vr2164__eeg1340__row535
2,c488b456-7651-4424-8cc9-8f81ed92e0e2__vr2165__eeg1341__row536,c488b456-7651-4424-8cc9-8f81ed92e0e2,5.23052978515625,5.82889986038208,0.5983700752258301,outer_fold_2,c488b456-7651-4424-8cc9-8f81ed92e0e2__c488b456-7651-4424-8cc9-8f81ed92e0e2__vr2165__eeg1341__row536
2,c488b456-7651-4424-8cc9-8f81ed92e0e2__vr2166__eeg1342__row537,c488b456-7651-4424-8cc9-8f81ed92e0e2,7.239734649658203,7.614475250244141,0.3747406005859375,outer_fold_2,c488b456-7651-4424-8cc9-8f81ed92e0e2__c488b456-7651-4424-8cc9-8f81ed92e0e2__vr2166__eeg1342__row537
2,c488b456-7651-4424-8cc9-8f81ed92e0e2__vr2167__eeg1343__row538,c488b456-7651-4424-8cc9-8f81ed92e0e2,6.869109630584717,4.562966823577881,2.306142807006836,outer_fold_2,c488b456-7651-4424-8cc9-8f81ed92e0e2__c488b456-7651-4424-8cc9-8f81ed92e0e2__vr2167__eeg1343__row538
2,c488b456-7651-4424-8cc9-8f81ed92e0e2__vr2168__eeg1344__row539,c488b456-7651-4424-8cc9-8f81ed92e0e2,4.2498087882995605,5.102878093719482,0.8530693054199219,outer_fold_2,c488b456-7651-4424-8cc9-8f81ed92e0e2__c488b456-7651-4424-8cc9-8f81ed92e0e2__vr2168__eeg1344__row539
2,c488b456-7651-4424-8cc9-8f81ed92e0e2__vr2169__eeg1345__row540,c488b456-7651-4424-8cc9-8f81ed92e0e2,2.286222219467163,2.497760772705078,0.21153855323791504,outer_fold_2,c488b456-7651-4424-8cc9-8f81ed92e0e2__c488b456-7651-4424-8cc9-8f81ed92e0e2__vr2169__eeg1345__row540
2,c488b456-7651-4424-8cc9-8f81ed92e0e2__vr2170__eeg1346__row541,c488b456-7651-4424-8cc9-8f81ed92e0e2,6.216698169708252,6.142923831939697,0.07377433776855469,outer_fold_2,c488b456-7651-4424-8cc9-8f81ed92e0e2__c488b456-7651-4424-8cc9-8f81ed92e0e2__vr2170__eeg1346__row541
2,c488b456-7651-4424-8cc9-8f81ed92e0e2__vr2171__eeg1347__row542,c488b456-7651-4424-8cc9-8f81ed92e0e2,5.491199970245361,5.755917072296143,0.26471710205078125,outer_fold_2,c488b456-7651-4424-8cc9-8f81ed92e0e2__c488b456-7651-4424-8cc9-8f81ed92e0e2__vr2171__eeg1347__row542
2,c488b456-7651-4424-8cc9-8f81ed92e0e2__vr2172__eeg1348__row543,c488b456-7651-4424-8cc9-8f81ed92e0e2,2.721608877182007,3.148937463760376,0.42732858657836914,outer_fold_2,c488b456-7651-4424-8cc9-8f81ed92e0e2__c488b456-7651-4424-8cc9-8f81ed92e0e2__vr2172__eeg1348__row543
2,c488b456-7651-4424-8cc9-8f81ed92e0e2__vr2173__eeg1349__row544,c488b456-7651-4424-8cc9-8f81ed92e0e2,6.1495280265808105,7.65646505355835,1.506937026977539,outer_fold_2,c488b456-7651-4424-8cc9-8f81ed92e0e2__c488b456-7651-4424-8cc9-8f81ed92e0e2__vr2173__eeg1349__row544
2,c488b456-7651-4424-8cc9-8f81ed92e0e2__vr2174__eeg1350__row545,c488b456-7651-4424-8cc9-8f81ed92e0e2,4.2147369384765625,5.3022780418396,1.087541103363037,outer_fold_2,c488b456-7651-4424-8cc9-8f81ed92e0e2__c488b456-7651-4424-8cc9-8f81ed92e0e2__vr2174__eeg1350__row545
2,c488b456-7651-4424-8cc9-8f81ed92e0e2__vr2175__eeg1351__row546,c488b456-7651-4424-8cc9-8f81ed92e0e2,3.4786505699157715,4.480546951293945,1.0018963813781738,outer_fold_2,c488b456-7651-4424-8cc9-8f81ed92e0e2__c488b456-7651-4424-8cc9-8f81ed92e0e2__vr2175__eeg1351__row546
2,c488b456-7651-4424-8cc9-8f81ed92e0e2__vr2176__eeg1352__row547,c488b456-7651-4424-8cc9-8f81ed92e0e2,6.440225601196289,6.416075229644775,0.024150371551513672,outer_fold_2,c488b456-7651-4424-8cc9-8f81ed92e0e2__c488b456-7651-4424-8cc9-8f81ed92e0e2__vr2176__eeg1352__row547
2,c488b456-7651-4424-8cc9-8f81ed92e0e2__vr2177__eeg1353__row548,c488b456-7651-4424-8cc9-8f81ed92e0e2,3.0393190383911133,3.3173282146453857,0.27800917625427246,outer_fold_2,c488b456-7651-4424-8cc9-8f81ed92e0e2__c488b456-7651-4424-8cc9-8f81ed92e0e2__vr2177__eeg1353__row548
2,c488b456-7651-4424-8cc9-8f81ed92e0e2__vr2178__eeg1354__row549,c488b456-7651-4424-8cc9-8f81ed92e0e2,7.845249652862549,7.432866096496582,0.4123835563659668,outer_fold_2,c488b456-7651-4424-8cc9-8f81ed92e0e2__c488b456-7651-4424-8cc9-8f81ed92e0e2__vr2178__eeg1354__row549
2,c488b456-7651-4424-8cc9-8f81ed92e0e2__vr2179__eeg1355__row550,c488b456-7651-4424-8cc9-8f81ed92e0e2,2.874454975128174,3.737348079681397,0.8628931045532231,outer_fold_2,c488b456-7651-4424-8cc9-8f81ed92e0e2__c488b456-7651-4424-8cc9-8f81ed92e0e2__vr2179__eeg1355__row550
2,c488b456-7651-4424-8cc9-8f81ed92e0e2__vr2180__eeg1356__row551,c488b456-7651-4424-8cc9-8f81ed92e0e2,3.859968662261963,5.472235679626465,1.612267017364502,outer_fold_2,c488b456-7651-4424-8cc9-8f81ed92e0e2__c488b456-7651-4424-8cc9-8f81ed92e0e2__vr2180__eeg1356__row551
2,c488b456-7651-4424-8cc9-8f81ed92e0e2__vr2181__eeg1357__row552,c488b456-7651-4424-8cc9-8f81ed92e0e2,2.779232978820801,4.3102335929870605,1.5310006141662598,outer_fold_2,c488b456-7651-4424-8cc9-8f81ed92e0e2__c488b456-7651-4424-8cc9-8f81ed92e0e2__vr2181__eeg1357__row552
2,c488b456-7651-4424-8cc9-8f81ed92e0e2__vr2182__eeg1358__row553,c488b456-7651-4424-8cc9-8f81ed92e0e2,3.568981170654297,3.630443811416626,0.0614626407623291,outer_fold_2,c488b456-7651-4424-8cc9-8f81ed92e0e2__c488b456-7651-4424-8cc9-8f81ed92e0e2__vr2182__eeg1358__row553
2,c488b456-7651-4424-8cc9-8f81ed92e0e2__vr2183__eeg1359__row554,c488b456-7651-4424-8cc9-8f81ed92e0e2,5.328000068664551,5.377544403076172,0.049544334411621094,outer_fold_2,c488b456-7651-4424-8cc9-8f81ed92e0e2__c488b456-7651-4424-8cc9-8f81ed92e0e2__vr2183__eeg1359__row554
2,c488b456-7651-4424-8cc9-8f81ed92e0e2__vr2184__eeg1360__row555,c488b456-7651-4424-8cc9-8f81ed92e0e2,5.027906894683838,6.307539463043213,1.279632568359375,outer_fold_2,c488b456-7651-4424-8cc9-8f81ed92e0e2__c488b456-7651-4424-8cc9-8f81ed92e0e2__vr2184__eeg1360__row555
2,c488b456-7651-4424-8cc9-8f81ed92e0e2__vr2185__eeg1361__row556,c488b456-7651-4424-8cc9-8f81ed92e0e2,4.646399974822998,5.094967842102051,0.44856786727905273,outer_fold_2,c488b456-7651-4424-8cc9-8f81ed92e0e2__c488b456-7651-4424-8cc9-8f81ed92e0e2__vr2185__eeg1361__row556
2,c488b456-7651-4424-8cc9-8f81ed92e0e2__vr2186__eeg1362__row557,c488b456-7651-4424-8cc9-8f81ed92e0e2,3.439600706100464,4.227734088897705,0.7881333827972412,outer_fold_2,c488b456-7651-4424-8cc9-8f81ed92e0e2__c488b456-7651-4424-8cc9-8f81ed92e0e2__vr2186__eeg1362__row557
2,c488b456-7651-4424-8cc9-8f81ed92e0e2__vr2187__eeg1363__row558,c488b456-7651-4424-8cc9-8f81ed92e0e2,3.6294960975646977,5.094051837921143,1.4645557403564449,outer_fold_2,c488b456-7651-4424-8cc9-8f81ed92e0e2__c488b456-7651-4424-8cc9-8f81ed92e0e2__vr2187__eeg1363__row558
2,c488b456-7651-4424-8cc9-8f81ed92e0e2__vr2188__eeg1364__row559,c488b456-7651-4424-8cc9-8f81ed92e0e2,3.239114284515381,4.104274272918701,0.8651599884033203,outer_fold_2,c488b456-7651-4424-8cc9-8f81ed92e0e2__c488b456-7651-4424-8cc9-8f81ed92e0e2__vr2188__eeg1364__row559
2,c488b456-7651-4424-8cc9-8f81ed92e0e2__vr2189__eeg1365__row560,c488b456-7651-4424-8cc9-8f81ed92e0e2,3.713279962539673,4.333693027496338,0.620413064956665,outer_fold_2,c488b456-7651-4424-8cc9-8f81ed92e0e2__c488b456-7651-4424-8cc9-8f81ed92e0e2__vr2189__eeg1365__row560
2,c488b456-7651-4424-8cc9-8f81ed92e0e2__vr2190__eeg1366__row561,c488b456-7651-4424-8cc9-8f81ed92e0e2,6.514808654785156,9.171987533569336,2.6571788787841797,outer_fold_2,c488b456-7651-4424-8cc9-8f81ed92e0e2__c488b456-7651-4424-8cc9-8f81ed92e0e2__vr2190__eeg1366__row561
2,c488b456-7651-4424-8cc9-8f81ed92e0e2__vr2191__eeg1367__row562,c488b456-7651-4424-8cc9-8f81ed92e0e2,5.400439739227295,5.196352481842041,0.2040872573852539,outer_fold_2,c488b456-7651-4424-8cc9-8f81ed92e0e2__c488b456-7651-4424-8cc9-8f81ed92e0e2__vr2191__eeg1367__row562
2,c488b456-7651-4424-8cc9-8f81ed92e0e2__vr2192__eeg1368__row563,c488b456-7651-4424-8cc9-8f81ed92e0e2,5.376158714294434,6.43169641494751,1.0555377006530762,outer_fold_2,c488b456-7651-4424-8cc9-8f81ed92e0e2__c488b456-7651-4424-8cc9-8f81ed92e0e2__vr2192__eeg1368__row563
2,c488b456-7651-4424-8cc9-8f81ed92e0e2__vr2193__eeg1369__row564,c488b456-7651-4424-8cc9-8f81ed92e0e2,3.657415390014648,4.538208484649658,0.8807930946350102,outer_fold_2,c488b456-7651-4424-8cc9-8f81ed92e0e2__c488b456-7651-4424-8cc9-8f81ed92e0e2__vr2193__eeg1369__row564
2,c488b456-7651-4424-8cc9-8f81ed92e0e2__vr2194__eeg1370__row565,c488b456-7651-4424-8cc9-8f81ed92e0e2,3.103015422821045,4.037971496582031,0.9349560737609863,outer_fold_2,c488b456-7651-4424-8cc9-8f81ed92e0e2__c488b456-7651-4424-8cc9-8f81ed92e0e2__vr2194__eeg1370__row565
2,c488b456-7651-4424-8cc9-8f81ed92e0e2__vr2195__eeg1371__row566,c488b456-7651-4424-8cc9-8f81ed92e0e2,6.865984916687012,7.752102375030518,0.8861174583435059,outer_fold_2,c488b456-7651-4424-8cc9-8f81ed92e0e2__c488b456-7651-4424-8cc9-8f81ed92e0e2__vr2195__eeg1371__row566
2,c488b456-7651-4424-8cc9-8f81ed92e0e2__vr2196__eeg1372__row567,c488b456-7651-4424-8cc9-8f81ed92e0e2,4.058643817901611,4.362595558166504,0.3039517402648926,outer_fold_2,c488b456-7651-4424-8cc9-8f81ed92e0e2__c488b456-7651-4424-8cc9-8f81ed92e0e2__vr2196__eeg1372__row567
2,c488b456-7651-4424-8cc9-8f81ed92e0e2__vr2197__eeg1373__row568,c488b456-7651-4424-8cc9-8f81ed92e0e2,5.189633369445801,4.649672508239746,0.5399608612060547,outer_fold_2,c488b456-7651-4424-8cc9-8f81ed92e0e2__c488b456-7651-4424-8cc9-8f81ed92e0e2__vr2197__eeg1373__row568
2,c488b456-7651-4424-8cc9-8f81ed92e0e2__vr2198__eeg1374__row569,c488b456-7651-4424-8cc9-8f81ed92e0e2,3.265746831893921,5.00370979309082,1.7379629611968994,outer_fold_2,c488b456-7651-4424-8cc9-8f81ed92e0e2__c488b456-7651-4424-8cc9-8f81ed92e0e2__vr2198__eeg1374__row569
2,c488b456-7651-4424-8cc9-8f81ed92e0e2__vr2199__eeg1375__row570,c488b456-7651-4424-8cc9-8f81ed92e0e2,5.101254463195801,6.585734844207764,1.484480381011963,outer_fold_2,c488b456-7651-4424-8cc9-8f81ed92e0e2__c488b456-7651-4424-8cc9-8f81ed92e0e2__vr2199__eeg1375__row570
2,c488b456-7651-4424-8cc9-8f81ed92e0e2__vr2200__eeg1376__row571,c488b456-7651-4424-8cc9-8f81ed92e0e2,11.653491020202637,10.46438217163086,1.1891088485717773,outer_fold_2,c488b456-7651-4424-8cc9-8f81ed92e0e2__c488b456-7651-4424-8cc9-8f81ed92e0e2__vr2200__eeg1376__row571
2,c488b456-7651-4424-8cc9-8f81ed92e0e2__vr2201__eeg1377__row572,c488b456-7651-4424-8cc9-8f81ed92e0e2,3.324626922607422,4.233546257019043,0.9089193344116211,outer_fold_2,c488b456-7651-4424-8cc9-8f81ed92e0e2__c488b456-7651-4424-8cc9-8f81ed92e0e2__vr2201__eeg1377__row572
2,c488b456-7651-4424-8cc9-8f81ed92e0e2__vr2202__eeg1378__row573,c488b456-7651-4424-8cc9-8f81ed92e0e2,4.1603217124938965,4.820044040679932,0.6597223281860352,outer_fold_2,c488b456-7651-4424-8cc9-8f81ed92e0e2__c488b456-7651-4424-8cc9-8f81ed92e0e2__vr2202__eeg1378__row573
2,c488b456-7651-4424-8cc9-8f81ed92e0e2__vr2203__eeg1379__row574,c488b456-7651-4424-8cc9-8f81ed92e0e2,2.0633249282836914,2.633331298828125,0.5700063705444336,outer_fold_2,c488b456-7651-4424-8cc9-8f81ed92e0e2__c488b456-7651-4424-8cc9-8f81ed92e0e2__vr2203__eeg1379__row574
2,c488b456-7651-4424-8cc9-8f81ed92e0e2__vr2204__eeg1380__row575,c488b456-7651-4424-8cc9-8f81ed92e0e2,3.5046563148498535,4.919010639190674,1.4143543243408203,outer_fold_2,c488b456-7651-4424-8cc9-8f81ed92e0e2__c488b456-7651-4424-8cc9-8f81ed92e0e2__vr2204__eeg1380__row575
2,c488b456-7651-4424-8cc9-8f81ed92e0e2__vr2205__eeg1381__row576,c488b456-7651-4424-8cc9-8f81ed92e0e2,4.751999855041504,6.796910285949707,2.044910430908203,outer_fold_2,c488b456-7651-4424-8cc9-8f81ed92e0e2__c488b456-7651-4424-8cc9-8f81ed92e0e2__vr2205__eeg1381__row576
2,c488b456-7651-4424-8cc9-8f81ed92e0e2__vr2206__eeg1382__row577,c488b456-7651-4424-8cc9-8f81ed92e0e2,4.020195484161377,5.593339443206787,1.5731439590454102,outer_fold_2,c488b456-7651-4424-8cc9-8f81ed92e0e2__c488b456-7651-4424-8cc9-8f81ed92e0e2__vr2206__eeg1382__row577
2,c488b456-7651-4424-8cc9-8f81ed92e0e2__vr2207__eeg1383__row578,c488b456-7651-4424-8cc9-8f81ed92e0e2,2.250744581222534,3.4643702507019043,1.2136256694793701,outer_fold_2,c488b456-7651-4424-8cc9-8f81ed92e0e2__c488b456-7651-4424-8cc9-8f81ed92e0e2__vr2207__eeg1383__row578
2,c488b456-7651-4424-8cc9-8f81ed92e0e2__vr2209__eeg1385__row580,c488b456-7651-4424-8cc9-8f81ed92e0e2,7.253113269805908,6.464640140533447,0.7884731292724609,outer_fold_2,c488b456-7651-4424-8cc9-8f81ed92e0e2__c488b456-7651-4424-8cc9-8f81ed92e0e2__vr2209__eeg1385__row580
2,c488b456-7651-4424-8cc9-8f81ed92e0e2__vr2210__eeg1386__row581,c488b456-7651-4424-8cc9-8f81ed92e0e2,5.443182945251465,7.153995990753174,1.710813045501709,outer_fold_2,c488b456-7651-4424-8cc9-8f81ed92e0e2__c488b456-7651-4424-8cc9-8f81ed92e0e2__vr2210__eeg1386__row581
2,c488b456-7651-4424-8cc9-8f81ed92e0e2__vr2211__eeg1387__row582,c488b456-7651-4424-8cc9-8f81ed92e0e2,8.028103828430176,8.910823822021484,0.8827199935913086,outer_fold_2,c488b456-7651-4424-8cc9-8f81ed92e0e2__c488b456-7651-4424-8cc9-8f81ed92e0e2__vr2211__eeg1387__row582
2,c488b456-7651-4424-8cc9-8f81ed92e0e2__vr2212__eeg1388__row583,c488b456-7651-4424-8cc9-8f81ed92e0e2,4.805678367614746,5.510713577270508,0.7050352096557617,outer_fold_2,c488b456-7651-4424-8cc9-8f81ed92e0e2__c488b456-7651-4424-8cc9-8f81ed92e0e2__vr2212__eeg1388__row583
2,c488b456-7651-4424-8cc9-8f81ed92e0e2__vr2213__eeg1389__row584,c488b456-7651-4424-8cc9-8f81ed92e0e2,1.9231276512145996,2.921461582183838,0.9983339309692383,outer_fold_2,c488b456-7651-4424-8cc9-8f81ed92e0e2__c488b456-7651-4424-8cc9-8f81ed92e0e2__vr2213__eeg1389__row584
2,c488b456-7651-4424-8cc9-8f81ed92e0e2__vr2214__eeg1390__row585,c488b456-7651-4424-8cc9-8f81ed92e0e2,5.657875061035156,8.321727752685547,2.6638526916503906,outer_fold_2,c488b456-7651-4424-8cc9-8f81ed92e0e2__c488b456-7651-4424-8cc9-8f81ed92e0e2__vr2214__eeg1390__row585
2,c488b456-7651-4424-8cc9-8f81ed92e0e2__vr2215__eeg1391__row586,c488b456-7651-4424-8cc9-8f81ed92e0e2,6.467043399810791,7.334021091461182,0.8669776916503906,outer_fold_2,c488b456-7651-4424-8cc9-8f81ed92e0e2__c488b456-7651-4424-8cc9-8f81ed92e0e2__vr2215__eeg1391__row586
2,c488b456-7651-4424-8cc9-8f81ed92e0e2__vr2216__eeg1392__row587,c488b456-7651-4424-8cc9-8f81ed92e0e2,3.195652961730957,2.50447940826416,0.6911735534667969,outer_fold_2,c488b456-7651-4424-8cc9-8f81ed92e0e2__c488b456-7651-4424-8cc9-8f81ed92e0e2__vr2216__eeg1392__row587
2,c488b456-7651-4424-8cc9-8f81ed92e0e2__vr2217__eeg1393__row588,c488b456-7651-4424-8cc9-8f81ed92e0e2,2.888028383255005,3.5469555854797363,0.6589272022247314,outer_fold_2,c488b456-7651-4424-8cc9-8f81ed92e0e2__c488b456-7651-4424-8cc9-8f81ed92e0e2__vr2217__eeg1393__row588
2,c488b456-7651-4424-8cc9-8f81ed92e0e2__vr2218__eeg1394__row589,c488b456-7651-4424-8cc9-8f81ed92e0e2,5.528470516204834,6.163606643676758,0.6351361274719238,outer_fold_2,c488b456-7651-4424-8cc9-8f81ed92e0e2__c488b456-7651-4424-8cc9-8f81ed92e0e2__vr2218__eeg1394__row589
2,c488b456-7651-4424-8cc9-8f81ed92e0e2__vr2219__eeg1395__row590,c488b456-7651-4424-8cc9-8f81ed92e0e2,5.2145280838012695,5.003061294555664,0.21146678924560547,outer_fold_2,c488b456-7651-4424-8cc9-8f81ed92e0e2__c488b456-7651-4424-8cc9-8f81ed92e0e2__vr2219__eeg1395__row590
2,c488b456-7651-4424-8cc9-8f81ed92e0e2__vr2220__eeg1396__row591,c488b456-7651-4424-8cc9-8f81ed92e0e2,5.441945552825928,6.396426677703857,0.9544811248779297,outer_fold_2,c488b456-7651-4424-8cc9-8f81ed92e0e2__c488b456-7651-4424-8cc9-8f81ed92e0e2__vr2220__eeg1396__row591
2,c488b456-7651-4424-8cc9-8f81ed92e0e2__vr2221__eeg1397__row592,c488b456-7651-4424-8cc9-8f81ed92e0e2,2.2930541038513184,3.0436034202575684,0.75054931640625,outer_fold_2,c488b456-7651-4424-8cc9-8f81ed92e0e2__c488b456-7651-4424-8cc9-8f81ed92e0e2__vr2221__eeg1397__row592
2,c488b456-7651-4424-8cc9-8f81ed92e0e2__vr2222__eeg1398__row593,c488b456-7651-4424-8cc9-8f81ed92e0e2,5.089687824249268,5.8974289894104,0.8077411651611328,outer_fold_2,c488b456-7651-4424-8cc9-8f81ed92e0e2__c488b456-7651-4424-8cc9-8f81ed92e0e2__vr2222__eeg1398__row593
2,c488b456-7651-4424-8cc9-8f81ed92e0e2__vr2223__eeg1399__row594,c488b456-7651-4424-8cc9-8f81ed92e0e2,4.096925258636475,6.097012996673584,2.0000877380371094,outer_fold_2,c488b456-7651-4424-8cc9-8f81ed92e0e2__c488b456-7651-4424-8cc9-8f81ed92e0e2__vr2223__eeg1399__row594
2,c488b456-7651-4424-8cc9-8f81ed92e0e2__vr2224__eeg1400__row595,c488b456-7651-4424-8cc9-8f81ed92e0e2,5.777479648590088,7.871011257171631,2.093531608581543,outer_fold_2,c488b456-7651-4424-8cc9-8f81ed92e0e2__c488b456-7651-4424-8cc9-8f81ed92e0e2__vr2224__eeg1400__row595
2,c488b456-7651-4424-8cc9-8f81ed92e0e2__vr2225__eeg1401__row596,c488b456-7651-4424-8cc9-8f81ed92e0e2,5.680638790130615,8.447525024414062,2.7668862342834473,outer_fold_2,c488b456-7651-4424-8cc9-8f81ed92e0e2__c488b456-7651-4424-8cc9-8f81ed92e0e2__vr2225__eeg1401__row596
2,c488b456-7651-4424-8cc9-8f81ed92e0e2__vr2226__eeg1402__row597,c488b456-7651-4424-8cc9-8f81ed92e0e2,2.4415266513824463,4.357382297515869,1.9158556461334229,outer_fold_2,c488b456-7651-4424-8cc9-8f81ed92e0e2__c488b456-7651-4424-8cc9-8f81ed92e0e2__vr2226__eeg1402__row597
2,c488b456-7651-4424-8cc9-8f81ed92e0e2__vr2227__eeg1403__row598,c488b456-7651-4424-8cc9-8f81ed92e0e2,4.039374828338623,6.623806476593018,2.5844316482543945,outer_fold_2,c488b456-7651-4424-8cc9-8f81ed92e0e2__c488b456-7651-4424-8cc9-8f81ed92e0e2__vr2227__eeg1403__row598
2,c488b456-7651-4424-8cc9-8f81ed92e0e2__vr2228__eeg1404__row599,c488b456-7651-4424-8cc9-8f81ed92e0e2,3.4152185916900635,5.186583042144775,1.771364450454712,outer_fold_2,c488b456-7651-4424-8cc9-8f81ed92e0e2__c488b456-7651-4424-8cc9-8f81ed92e0e2__vr2228__eeg1404__row599
2,c488b456-7651-4424-8cc9-8f81ed92e0e2__vr2229__eeg1405__row600,c488b456-7651-4424-8cc9-8f81ed92e0e2,3.335918426513672,4.322947978973389,0.9870295524597168,outer_fold_2,c488b456-7651-4424-8cc9-8f81ed92e0e2__c488b456-7651-4424-8cc9-8f81ed92e0e2__vr2229__eeg1405__row600
2,c488b456-7651-4424-8cc9-8f81ed92e0e2__vr2230__eeg1406__row601,c488b456-7651-4424-8cc9-8f81ed92e0e2,5.209292411804199,6.691479682922363,1.482187271118164,outer_fold_2,c488b456-7651-4424-8cc9-8f81ed92e0e2__c488b456-7651-4424-8cc9-8f81ed92e0e2__vr2230__eeg1406__row601
2,c488b456-7651-4424-8cc9-8f81ed92e0e2__vr2231__eeg1407__row602,c488b456-7651-4424-8cc9-8f81ed92e0e2,3.058415174484253,4.888672351837158,1.8302571773529053,outer_fold_2,c488b456-7651-4424-8cc9-8f81ed92e0e2__c488b456-7651-4424-8cc9-8f81ed92e0e2__vr2231__eeg1407__row602
2,c488b456-7651-4424-8cc9-8f81ed92e0e2__vr2232__eeg1408__row603,c488b456-7651-4424-8cc9-8f81ed92e0e2,3.746011018753052,4.278608798980713,0.5325977802276607,outer_fold_2,c488b456-7651-4424-8cc9-8f81ed92e0e2__c488b456-7651-4424-8cc9-8f81ed92e0e2__vr2232__eeg1408__row603
2,c488b456-7651-4424-8cc9-8f81ed92e0e2__vr2233__eeg1409__row604,c488b456-7651-4424-8cc9-8f81ed92e0e2,3.3404250144958496,4.71736478805542,1.3769397735595703,outer_fold_2,c488b456-7651-4424-8cc9-8f81ed92e0e2__c488b456-7651-4424-8cc9-8f81ed92e0e2__vr2233__eeg1409__row604
2,c488b456-7651-4424-8cc9-8f81ed92e0e2__vr2234__eeg1410__row605,c488b456-7651-4424-8cc9-8f81ed92e0e2,3.9629757404327393,5.489400386810303,1.5264246463775635,outer_fold_2,c488b456-7651-4424-8cc9-8f81ed92e0e2__c488b456-7651-4424-8cc9-8f81ed92e0e2__vr2234__eeg1410__row605
2,c488b456-7651-4424-8cc9-8f81ed92e0e2__vr2235__eeg1411__row606,c488b456-7651-4424-8cc9-8f81ed92e0e2,1.7913087606430054,3.736737728118897,1.9454289674758916,outer_fold_2,c488b456-7651-4424-8cc9-8f81ed92e0e2__c488b456-7651-4424-8cc9-8f81ed92e0e2__vr2235__eeg1411__row606
2,c488b456-7651-4424-8cc9-8f81ed92e0e2__vr2236__eeg1412__row607,c488b456-7651-4424-8cc9-8f81ed92e0e2,3.031766653060913,4.44735860824585,1.4155919551849365,outer_fold_2,c488b456-7651-4424-8cc9-8f81ed92e0e2__c488b456-7651-4424-8cc9-8f81ed92e0e2__vr2236__eeg1412__row607
2,c488b456-7651-4424-8cc9-8f81ed92e0e2__vr2237__eeg1413__row608,c488b456-7651-4424-8cc9-8f81ed92e0e2,2.418658494949341,4.6649017333984375,2.2462432384490967,outer_fold_2,c488b456-7651-4424-8cc9-8f81ed92e0e2__c488b456-7651-4424-8cc9-8f81ed92e0e2__vr2237__eeg1413__row608
2,c488b456-7651-4424-8cc9-8f81ed92e0e2__vr2238__eeg1414__row609,c488b456-7651-4424-8cc9-8f81ed92e0e2,5.998783111572266,8.046777725219727,2.047994613647461,outer_fold_2,c488b456-7651-4424-8cc9-8f81ed92e0e2__c488b456-7651-4424-8cc9-8f81ed92e0e2__vr2238__eeg1414__row609
2,c488b456-7651-4424-8cc9-8f81ed92e0e2__vr2239__eeg1415__row610,c488b456-7651-4424-8cc9-8f81ed92e0e2,3.4554266929626465,5.082466125488281,1.6270394325256348,outer_fold_2,c488b456-7651-4424-8cc9-8f81ed92e0e2__c488b456-7651-4424-8cc9-8f81ed92e0e2__vr2239__eeg1415__row610
2,c488b456-7651-4424-8cc9-8f81ed92e0e2__vr2240__eeg1416__row611,c488b456-7651-4424-8cc9-8f81ed92e0e2,4.0056471824646,5.514181613922119,1.5085344314575195,outer_fold_2,c488b456-7651-4424-8cc9-8f81ed92e0e2__c488b456-7651-4424-8cc9-8f81ed92e0e2__vr2240__eeg1416__row611
2,c488b456-7651-4424-8cc9-8f81ed92e0e2__vr2241__eeg1417__row612,c488b456-7651-4424-8cc9-8f81ed92e0e2,7.535679340362549,8.997310638427734,1.4616312980651855,outer_fold_2,c488b456-7651-4424-8cc9-8f81ed92e0e2__c488b456-7651-4424-8cc9-8f81ed92e0e2__vr2241__eeg1417__row612
2,c488b456-7651-4424-8cc9-8f81ed92e0e2__vr2242__eeg1418__row613,c488b456-7651-4424-8cc9-8f81ed92e0e2,2.4842092990875244,3.720714569091797,1.2365052700042725,outer_fold_2,c488b456-7651-4424-8cc9-8f81ed92e0e2__c488b456-7651-4424-8cc9-8f81ed92e0e2__vr2242__eeg1418__row613
2,c488b456-7651-4424-8cc9-8f81ed92e0e2__vr2243__eeg1419__row614,c488b456-7651-4424-8cc9-8f81ed92e0e2,4.933703899383545,6.866665363311768,1.9329614639282227,outer_fold_2,c488b456-7651-4424-8cc9-8f81ed92e0e2__c488b456-7651-4424-8cc9-8f81ed92e0e2__vr2243__eeg1419__row614
2,c488b456-7651-4424-8cc9-8f81ed92e0e2__vr2244__eeg1420__row615,c488b456-7651-4424-8cc9-8f81ed92e0e2,2.877469539642334,3.710728168487549,0.8332586288452148,outer_fold_2,c488b456-7651-4424-8cc9-8f81ed92e0e2__c488b456-7651-4424-8cc9-8f81ed92e0e2__vr2244__eeg1420__row615
2,c488b456-7651-4424-8cc9-8f81ed92e0e2__vr2245__eeg1421__row616,c488b456-7651-4424-8cc9-8f81ed92e0e2,2.4802515506744385,2.7253499031066895,0.24509835243225098,outer_fold_2,c488b456-7651-4424-8cc9-8f81ed92e0e2__c488b456-7651-4424-8cc9-8f81ed92e0e2__vr2245__eeg1421__row616
2,c488b456-7651-4424-8cc9-8f81ed92e0e2__vr2246__eeg1422__row617,c488b456-7651-4424-8cc9-8f81ed92e0e2,2.2613019943237305,3.279600143432617,1.0182981491088867,outer_fold_2,c488b456-7651-4424-8cc9-8f81ed92e0e2__c488b456-7651-4424-8cc9-8f81ed92e0e2__vr2246__eeg1422__row617
2,c488b456-7651-4424-8cc9-8f81ed92e0e2__vr2247__eeg1423__row618,c488b456-7651-4424-8cc9-8f81ed92e0e2,5.791500091552734,6.567731857299805,0.7762317657470703,outer_fold_2,c488b456-7651-4424-8cc9-8f81ed92e0e2__c488b456-7651-4424-8cc9-8f81ed92e0e2__vr2247__eeg1423__row618
2,c488b456-7651-4424-8cc9-8f81ed92e0e2__vr2248__eeg1424__row619,c488b456-7651-4424-8cc9-8f81ed92e0e2,4.180808067321777,5.375654697418213,1.1948466300964355,outer_fold_2,c488b456-7651-4424-8cc9-8f81ed92e0e2__c488b456-7651-4424-8cc9-8f81ed92e0e2__vr2248__eeg1424__row619
2,c488b456-7651-4424-8cc9-8f81ed92e0e2__vr2249__eeg1425__row620,c488b456-7651-4424-8cc9-8f81ed92e0e2,7.396203994750977,9.12140655517578,1.725202560424803,outer_fold_2,c488b456-7651-4424-8cc9-8f81ed92e0e2__c488b456-7651-4424-8cc9-8f81ed92e0e2__vr2249__eeg1425__row620
2,c488b456-7651-4424-8cc9-8f81ed92e0e2__vr2250__eeg1426__row621,c488b456-7651-4424-8cc9-8f81ed92e0e2,3.499229907989502,5.044199466705322,1.5449695587158203,outer_fold_2,c488b456-7651-4424-8cc9-8f81ed92e0e2__c488b456-7651-4424-8cc9-8f81ed92e0e2__vr2250__eeg1426__row621
2,c488b456-7651-4424-8cc9-8f81ed92e0e2__vr2251__eeg1427__row622,c488b456-7651-4424-8cc9-8f81ed92e0e2,2.427457571029663,3.7118349075317383,1.2843773365020752,outer_fold_2,c488b456-7651-4424-8cc9-8f81ed92e0e2__c488b456-7651-4424-8cc9-8f81ed92e0e2__vr2251__eeg1427__row622
2,c488b456-7651-4424-8cc9-8f81ed92e0e2__vr2252__eeg1428__row623,c488b456-7651-4424-8cc9-8f81ed92e0e2,2.6951255798339844,4.182942867279053,1.4878172874450684,outer_fold_2,c488b456-7651-4424-8cc9-8f81ed92e0e2__c488b456-7651-4424-8cc9-8f81ed92e0e2__vr2252__eeg1428__row623
2,c488b456-7651-4424-8cc9-8f81ed92e0e2__vr2253__eeg1429__row624,c488b456-7651-4424-8cc9-8f81ed92e0e2,2.423966646194458,3.784548282623291,1.360581636428833,outer_fold_2,c488b456-7651-4424-8cc9-8f81ed92e0e2__c488b456-7651-4424-8cc9-8f81ed92e0e2__vr2253__eeg1429__row624
2,c488b456-7651-4424-8cc9-8f81ed92e0e2__vr2254__eeg1430__row625,c488b456-7651-4424-8cc9-8f81ed92e0e2,2.3394088745117188,4.367247104644775,2.0278382301330566,outer_fold_2,c488b456-7651-4424-8cc9-8f81ed92e0e2__c488b456-7651-4424-8cc9-8f81ed92e0e2__vr2254__eeg1430__row625
2,c488b456-7651-4424-8cc9-8f81ed92e0e2__vr2255__eeg1431__row626,c488b456-7651-4424-8cc9-8f81ed92e0e2,3.826413869857788,5.665149211883545,1.8387353420257568,outer_fold_2,c488b456-7651-4424-8cc9-8f81ed92e0e2__c488b456-7651-4424-8cc9-8f81ed92e0e2__vr2255__eeg1431__row626
2,c488b456-7651-4424-8cc9-8f81ed92e0e2__vr2256__eeg1432__row627,c488b456-7651-4424-8cc9-8f81ed92e0e2,1.8894180059432983,4.387964248657227,2.4985462427139282,outer_fold_2,c488b456-7651-4424-8cc9-8f81ed92e0e2__c488b456-7651-4424-8cc9-8f81ed92e0e2__vr2256__eeg1432__row627
2,c488b456-7651-4424-8cc9-8f81ed92e0e2__vr2257__eeg1433__row628,c488b456-7651-4424-8cc9-8f81ed92e0e2,2.8531041145324707,4.858652591705322,2.0055484771728516,outer_fold_2,c488b456-7651-4424-8cc9-8f81ed92e0e2__c488b456-7651-4424-8cc9-8f81ed92e0e2__vr2257__eeg1433__row628
2,c488b456-7651-4424-8cc9-8f81ed92e0e2__vr2258__eeg1435__row629,c488b456-7651-4424-8cc9-8f81ed92e0e2,4.077486991882324,5.597690105438232,1.5202031135559082,outer_fold_2,c488b456-7651-4424-8cc9-8f81ed92e0e2__c488b456-7651-4424-8cc9-8f81ed92e0e2__vr2258__eeg1435__row629
2,c488b456-7651-4424-8cc9-8f81ed92e0e2__vr2260__eeg1437__row631,c488b456-7651-4424-8cc9-8f81ed92e0e2,3.1687116622924805,5.0566792488098145,1.887967586517334,outer_fold_2,c488b456-7651-4424-8cc9-8f81ed92e0e2__c488b456-7651-4424-8cc9-8f81ed92e0e2__vr2260__eeg1437__row631
2,c488b456-7651-4424-8cc9-8f81ed92e0e2__vr2261__eeg1438__row632,c488b456-7651-4424-8cc9-8f81ed92e0e2,4.42902135848999,5.394009113311768,0.9649877548217773,outer_fold_2,c488b456-7651-4424-8cc9-8f81ed92e0e2__c488b456-7651-4424-8cc9-8f81ed92e0e2__vr2261__eeg1438__row632
2,c488b456-7651-4424-8cc9-8f81ed92e0e2__vr2262__eeg1439__row633,c488b456-7651-4424-8cc9-8f81ed92e0e2,2.2815916538238525,4.26807165145874,1.9864799976348877,outer_fold_2,c488b456-7651-4424-8cc9-8f81ed92e0e2__c488b456-7651-4424-8cc9-8f81ed92e0e2__vr2262__eeg1439__row633
2,c488b456-7651-4424-8cc9-8f81ed92e0e2__vr2263__eeg1440__row634,c488b456-7651-4424-8cc9-8f81ed92e0e2,2.392793893814087,4.762555122375488,2.3697612285614014,outer_fold_2,c488b456-7651-4424-8cc9-8f81ed92e0e2__c488b456-7651-4424-8cc9-8f81ed92e0e2__vr2263__eeg1440__row634
2,c488b456-7651-4424-8cc9-8f81ed92e0e2__vr2264__eeg1441__row635,c488b456-7651-4424-8cc9-8f81ed92e0e2,6.335263729095459,9.06938934326172,2.7341256141662615,outer_fold_2,c488b456-7651-4424-8cc9-8f81ed92e0e2__c488b456-7651-4424-8cc9-8f81ed92e0e2__vr2264__eeg1441__row635
2,c488b456-7651-4424-8cc9-8f81ed92e0e2__vr2265__eeg1442__row636,c488b456-7651-4424-8cc9-8f81ed92e0e2,2.082034111022949,4.205328464508057,2.1232943534851074,outer_fold_2,c488b456-7651-4424-8cc9-8f81ed92e0e2__c488b456-7651-4424-8cc9-8f81ed92e0e2__vr2265__eeg1442__row636
2,c488b456-7651-4424-8cc9-8f81ed92e0e2__vr2266__eeg1443__row637,c488b456-7651-4424-8cc9-8f81ed92e0e2,4.130335807800293,6.270584583282471,2.1402487754821777,outer_fold_2,c488b456-7651-4424-8cc9-8f81ed92e0e2__c488b456-7651-4424-8cc9-8f81ed92e0e2__vr2266__eeg1443__row637
2,c488b456-7651-4424-8cc9-8f81ed92e0e2__vr2268__eeg1445__row639,c488b456-7651-4424-8cc9-8f81ed92e0e2,4.732645034790039,6.267980575561523,1.5353355407714844,outer_fold_2,c488b456-7651-4424-8cc9-8f81ed92e0e2__c488b456-7651-4424-8cc9-8f81ed92e0e2__vr2268__eeg1445__row639
2,c488b456-7651-4424-8cc9-8f81ed92e0e2__vr2269__eeg1446__row640,c488b456-7651-4424-8cc9-8f81ed92e0e2,3.7554757595062256,6.5321478843688965,2.776672124862671,outer_fold_2,c488b456-7651-4424-8cc9-8f81ed92e0e2__c488b456-7651-4424-8cc9-8f81ed92e0e2__vr2269__eeg1446__row640
2,c488b456-7651-4424-8cc9-8f81ed92e0e2__vr2270__eeg1447__row641,c488b456-7651-4424-8cc9-8f81ed92e0e2,3.7061538696289062,5.577306747436523,1.8711528778076172,outer_fold_2,c488b456-7651-4424-8cc9-8f81ed92e0e2__c488b456-7651-4424-8cc9-8f81ed92e0e2__vr2270__eeg1447__row641
2,c488b456-7651-4424-8cc9-8f81ed92e0e2__vr2271__eeg1448__row642,c488b456-7651-4424-8cc9-8f81ed92e0e2,1.5603772401809692,2.7403669357299805,1.1799896955490112,outer_fold_2,c488b456-7651-4424-8cc9-8f81ed92e0e2__c488b456-7651-4424-8cc9-8f81ed92e0e2__vr2271__eeg1448__row642
2,c488b456-7651-4424-8cc9-8f81ed92e0e2__vr2272__eeg1449__row643,c488b456-7651-4424-8cc9-8f81ed92e0e2,2.105160713195801,4.5114359855651855,2.4062752723693848,outer_fold_2,c488b456-7651-4424-8cc9-8f81ed92e0e2__c488b456-7651-4424-8cc9-8f81ed92e0e2__vr2272__eeg1449__row643
2,c488b456-7651-4424-8cc9-8f81ed92e0e2__vr2273__eeg1450__row644,c488b456-7651-4424-8cc9-8f81ed92e0e2,1.8448445796966553,3.755427360534668,1.9105827808380127,outer_fold_2,c488b456-7651-4424-8cc9-8f81ed92e0e2__c488b456-7651-4424-8cc9-8f81ed92e0e2__vr2273__eeg1450__row644
2,c488b456-7651-4424-8cc9-8f81ed92e0e2__vr2274__eeg1451__row645,c488b456-7651-4424-8cc9-8f81ed92e0e2,3.9433512687683105,6.891602993011475,2.948251724243164,outer_fold_2,c488b456-7651-4424-8cc9-8f81ed92e0e2__c488b456-7651-4424-8cc9-8f81ed92e0e2__vr2274__eeg1451__row645
2,c488b456-7651-4424-8cc9-8f81ed92e0e2__vr2275__eeg1452__row646,c488b456-7651-4424-8cc9-8f81ed92e0e2,3.546595573425293,5.739410877227783,2.1928153038024902,outer_fold_2,c488b456-7651-4424-8cc9-8f81ed92e0e2__c488b456-7651-4424-8cc9-8f81ed92e0e2__vr2275__eeg1452__row646
2,c488b456-7651-4424-8cc9-8f81ed92e0e2__vr2276__eeg1453__row647,c488b456-7651-4424-8cc9-8f81ed92e0e2,2.428800106048584,3.67973256111145,1.2509324550628662,outer_fold_2,c488b456-7651-4424-8cc9-8f81ed92e0e2__c488b456-7651-4424-8cc9-8f81ed92e0e2__vr2276__eeg1453__row647
2,c488b456-7651-4424-8cc9-8f81ed92e0e2__vr2277__eeg1454__row648,c488b456-7651-4424-8cc9-8f81ed92e0e2,2.1985442638397217,3.5679078102111816,1.36936354637146,outer_fold_2,c488b456-7651-4424-8cc9-8f81ed92e0e2__c488b456-7651-4424-8cc9-8f81ed92e0e2__vr2277__eeg1454__row648
2,c488b456-7651-4424-8cc9-8f81ed92e0e2__vr2278__eeg1455__row649,c488b456-7651-4424-8cc9-8f81ed92e0e2,4.606123924255371,7.228405952453613,2.622282028198242,outer_fold_2,c488b456-7651-4424-8cc9-8f81ed92e0e2__c488b456-7651-4424-8cc9-8f81ed92e0e2__vr2278__eeg1455__row649
2,c488b456-7651-4424-8cc9-8f81ed92e0e2__vr2279__eeg1456__row650,c488b456-7651-4424-8cc9-8f81ed92e0e2,1.9434434175491333,3.7206461429595943,1.777202725410461,outer_fold_2,c488b456-7651-4424-8cc9-8f81ed92e0e2__c488b456-7651-4424-8cc9-8f81ed92e0e2__vr2279__eeg1456__row650
2,c488b456-7651-4424-8cc9-8f81ed92e0e2__vr2280__eeg1457__row651,c488b456-7651-4424-8cc9-8f81ed92e0e2,2.6776089668273926,4.671320915222168,1.9937119483947754,outer_fold_2,c488b456-7651-4424-8cc9-8f81ed92e0e2__c488b456-7651-4424-8cc9-8f81ed92e0e2__vr2280__eeg1457__row651
2,c488b456-7651-4424-8cc9-8f81ed92e0e2__vr2281__eeg1458__row652,c488b456-7651-4424-8cc9-8f81ed92e0e2,4.598576068878174,6.637598037719727,2.0390219688415527,outer_fold_2,c488b456-7651-4424-8cc9-8f81ed92e0e2__c488b456-7651-4424-8cc9-8f81ed92e0e2__vr2281__eeg1458__row652
2,c488b456-7651-4424-8cc9-8f81ed92e0e2__vr2282__eeg1459__row653,c488b456-7651-4424-8cc9-8f81ed92e0e2,2.965627670288086,4.309858798980713,1.344231128692627,outer_fold_2,c488b456-7651-4424-8cc9-8f81ed92e0e2__c488b456-7651-4424-8cc9-8f81ed92e0e2__vr2282__eeg1459__row653
2,c488b456-7651-4424-8cc9-8f81ed92e0e2__vr2283__eeg1460__row654,c488b456-7651-4424-8cc9-8f81ed92e0e2,1.973299503326416,3.58447003364563,1.6111705303192139,outer_fold_2,c488b456-7651-4424-8cc9-8f81ed92e0e2__c488b456-7651-4424-8cc9-8f81ed92e0e2__vr2283__eeg1460__row654
2,c488b456-7651-4424-8cc9-8f81ed92e0e2__vr2284__eeg1461__row655,c488b456-7651-4424-8cc9-8f81ed92e0e2,4.473665237426758,7.715023517608643,3.2413582801818848,outer_fold_2,c488b456-7651-4424-8cc9-8f81ed92e0e2__c488b456-7651-4424-8cc9-8f81ed92e0e2__vr2284__eeg1461__row655
2,c488b456-7651-4424-8cc9-8f81ed92e0e2__vr2285__eeg1462__row656,c488b456-7651-4424-8cc9-8f81ed92e0e2,2.345381498336792,3.849102735519409,1.5037212371826172,outer_fold_2,c488b456-7651-4424-8cc9-8f81ed92e0e2__c488b456-7651-4424-8cc9-8f81ed92e0e2__vr2285__eeg1462__row656
2,c488b456-7651-4424-8cc9-8f81ed92e0e2__vr2286__eeg1463__row657,c488b456-7651-4424-8cc9-8f81ed92e0e2,2.809534788131714,5.630822658538818,2.8212878704071045,outer_fold_2,c488b456-7651-4424-8cc9-8f81ed92e0e2__c488b456-7651-4424-8cc9-8f81ed92e0e2__vr2286__eeg1463__row657
2,c488b456-7651-4424-8cc9-8f81ed92e0e2__vr2287__eeg1464__row658,c488b456-7651-4424-8cc9-8f81ed92e0e2,2.006932020187378,3.7875025272369385,1.7805705070495605,outer_fold_2,c488b456-7651-4424-8cc9-8f81ed92e0e2__c488b456-7651-4424-8cc9-8f81ed92e0e2__vr2287__eeg1464__row658
2,c488b456-7651-4424-8cc9-8f81ed92e0e2__vr2288__eeg1465__row659,c488b456-7651-4424-8cc9-8f81ed92e0e2,2.2996363639831543,4.83871603012085,2.5390796661376953,outer_fold_2,c488b456-7651-4424-8cc9-8f81ed92e0e2__c488b456-7651-4424-8cc9-8f81ed92e0e2__vr2288__eeg1465__row659
2,c488b456-7651-4424-8cc9-8f81ed92e0e2__vr2290__eeg1467__row661,c488b456-7651-4424-8cc9-8f81ed92e0e2,2.7901387214660645,4.771315097808838,1.9811763763427734,outer_fold_2,c488b456-7651-4424-8cc9-8f81ed92e0e2__c488b456-7651-4424-8cc9-8f81ed92e0e2__vr2290__eeg1467__row661
2,c488b456-7651-4424-8cc9-8f81ed92e0e2__vr2291__eeg1468__row662,c488b456-7651-4424-8cc9-8f81ed92e0e2,1.8799909353256223,4.3884711265563965,2.508480191230774,outer_fold_2,c488b456-7651-4424-8cc9-8f81ed92e0e2__c488b456-7651-4424-8cc9-8f81ed92e0e2__vr2291__eeg1468__row662
2,c488b456-7651-4424-8cc9-8f81ed92e0e2__vr2292__eeg1469__row663,c488b456-7651-4424-8cc9-8f81ed92e0e2,6.645347595214844,8.543581008911133,1.898233413696289,outer_fold_2,c488b456-7651-4424-8cc9-8f81ed92e0e2__c488b456-7651-4424-8cc9-8f81ed92e0e2__vr2292__eeg1469__row663
2,dfb19734-6102-44df-8e11-9947e134eeb2__vr460__eeg461__row732,dfb19734-6102-44df-8e11-9947e134eeb2,2.410388708114624,3.0427052974700928,0.6323165893554688,outer_fold_2,dfb19734-6102-44df-8e11-9947e134eeb2__dfb19734-6102-44df-8e11-9947e134eeb2__vr460__eeg461__row732
2,dfb19734-6102-44df-8e11-9947e134eeb2__vr462__eeg462__row733,dfb19734-6102-44df-8e11-9947e134eeb2,5.72760009765625,4.747857570648193,0.9797425270080566,outer_fold_2,dfb19734-6102-44df-8e11-9947e134eeb2__dfb19734-6102-44df-8e11-9947e134eeb2__vr462__eeg462__row733
2,dfb19734-6102-44df-8e11-9947e134eeb2__vr463__eeg463__row734,dfb19734-6102-44df-8e11-9947e134eeb2,4.583040237426758,2.5024731159210205,2.0805671215057373,outer_fold_2,dfb19734-6102-44df-8e11-9947e134eeb2__dfb19734-6102-44df-8e11-9947e134eeb2__vr463__eeg463__row734
2,dfb19734-6102-44df-8e11-9947e134eeb2__vr464__eeg464__row735,dfb19734-6102-44df-8e11-9947e134eeb2,10.625415802001951,6.327845573425293,4.297570228576658,outer_fold_2,dfb19734-6102-44df-8e11-9947e134eeb2__dfb19734-6102-44df-8e11-9947e134eeb2__vr464__eeg464__row735
2,dfb19734-6102-44df-8e11-9947e134eeb2__vr465__eeg465__row736,dfb19734-6102-44df-8e11-9947e134eeb2,2.7311267852783203,2.8747963905334473,0.14366960525512695,outer_fold_2,dfb19734-6102-44df-8e11-9947e134eeb2__dfb19734-6102-44df-8e11-9947e134eeb2__vr465__eeg465__row736
2,dfb19734-6102-44df-8e11-9947e134eeb2__vr466__eeg466__row737,dfb19734-6102-44df-8e11-9947e134eeb2,4.962064743041992,4.7919535636901855,0.17011117935180664,outer_fold_2,dfb19734-6102-44df-8e11-9947e134eeb2__dfb19734-6102-44df-8e11-9947e134eeb2__vr466__eeg466__row737
2,dfb19734-6102-44df-8e11-9947e134eeb2__vr467__eeg467__row738,dfb19734-6102-44df-8e11-9947e134eeb2,3.4242353439331055,3.2538795471191406,0.17035579681396484,outer_fold_2,dfb19734-6102-44df-8e11-9947e134eeb2__dfb19734-6102-44df-8e11-9947e134eeb2__vr467__eeg467__row738
2,dfb19734-6102-44df-8e11-9947e134eeb2__vr468__eeg468__row739,dfb19734-6102-44df-8e11-9947e134eeb2,4.540363788604736,4.446755886077881,0.09360790252685547,outer_fold_2,dfb19734-6102-44df-8e11-9947e134eeb2__dfb19734-6102-44df-8e11-9947e134eeb2__vr468__eeg468__row739
2,dfb19734-6102-44df-8e11-9947e134eeb2__vr469__eeg469__row740,dfb19734-6102-44df-8e11-9947e134eeb2,4.855199813842773,4.650735855102539,0.20446395874023438,outer_fold_2,dfb19734-6102-44df-8e11-9947e134eeb2__dfb19734-6102-44df-8e11-9947e134eeb2__vr469__eeg469__row740
2,dfb19734-6102-44df-8e11-9947e134eeb2__vr470__eeg470__row741,dfb19734-6102-44df-8e11-9947e134eeb2,3.7447962760925297,2.723066568374634,1.021729707717896,outer_fold_2,dfb19734-6102-44df-8e11-9947e134eeb2__dfb19734-6102-44df-8e11-9947e134eeb2__vr470__eeg470__row741
2,dfb19734-6102-44df-8e11-9947e134eeb2__vr471__eeg471__row742,dfb19734-6102-44df-8e11-9947e134eeb2,4.55384635925293,3.9505534172058105,0.6032929420471191,outer_fold_2,dfb19734-6102-44df-8e11-9947e134eeb2__dfb19734-6102-44df-8e11-9947e134eeb2__vr471__eeg471__row742
2,dfb19734-6102-44df-8e11-9947e134eeb2__vr472__eeg472__row743,dfb19734-6102-44df-8e11-9947e134eeb2,6.3877387046813965,5.0792131423950195,1.308525562286377,outer_fold_2,dfb19734-6102-44df-8e11-9947e134eeb2__dfb19734-6102-44df-8e11-9947e134eeb2__vr472__eeg472__row743
2,dfb19734-6102-44df-8e11-9947e134eeb2__vr473__eeg473__row744,dfb19734-6102-44df-8e11-9947e134eeb2,6.620388031005859,6.595481872558594,0.024906158447265625,outer_fold_2,dfb19734-6102-44df-8e11-9947e134eeb2__dfb19734-6102-44df-8e11-9947e134eeb2__vr473__eeg473__row744
2,dfb19734-6102-44df-8e11-9947e134eeb2__vr474__eeg474__row745,dfb19734-6102-44df-8e11-9947e134eeb2,3.6617143154144287,3.1046061515808105,0.5571081638336182,outer_fold_2,dfb19734-6102-44df-8e11-9947e134eeb2__dfb19734-6102-44df-8e11-9947e134eeb2__vr474__eeg474__row745
2,dfb19734-6102-44df-8e11-9947e134eeb2__vr475__eeg475__row746,dfb19734-6102-44df-8e11-9947e134eeb2,5.032281875610352,5.064905166625977,0.032623291015625,outer_fold_2,dfb19734-6102-44df-8e11-9947e134eeb2__dfb19734-6102-44df-8e11-9947e134eeb2__vr475__eeg475__row746
2,dfb19734-6102-44df-8e11-9947e134eeb2__vr476__eeg476__row747,dfb19734-6102-44df-8e11-9947e134eeb2,5.958504676818848,5.545100688934326,0.4134039878845215,outer_fold_2,dfb19734-6102-44df-8e11-9947e134eeb2__dfb19734-6102-44df-8e11-9947e134eeb2__vr476__eeg476__row747
2,dfb19734-6102-44df-8e11-9947e134eeb2__vr477__eeg477__row748,dfb19734-6102-44df-8e11-9947e134eeb2,7.132735252380371,7.092433452606201,0.04030179977416992,outer_fold_2,dfb19734-6102-44df-8e11-9947e134eeb2__dfb19734-6102-44df-8e11-9947e134eeb2__vr477__eeg477__row748
2,dfb19734-6102-44df-8e11-9947e134eeb2__vr478__eeg478__row749,dfb19734-6102-44df-8e11-9947e134eeb2,5.251636505126953,4.818093776702881,0.43354272842407227,outer_fold_2,dfb19734-6102-44df-8e11-9947e134eeb2__dfb19734-6102-44df-8e11-9947e134eeb2__vr478__eeg478__row749
2,dfb19734-6102-44df-8e11-9947e134eeb2__vr479__eeg479__row750,dfb19734-6102-44df-8e11-9947e134eeb2,3.6504316329956055,3.820089340209961,0.16965770721435547,outer_fold_2,dfb19734-6102-44df-8e11-9947e134eeb2__dfb19734-6102-44df-8e11-9947e134eeb2__vr479__eeg479__row750
2,dfb19734-6102-44df-8e11-9947e134eeb2__vr480__eeg480__row751,dfb19734-6102-44df-8e11-9947e134eeb2,2.6742024421691895,2.3499319553375244,0.32427048683166504,outer_fold_2,dfb19734-6102-44df-8e11-9947e134eeb2__dfb19734-6102-44df-8e11-9947e134eeb2__vr480__eeg480__row751
2,dfb19734-6102-44df-8e11-9947e134eeb2__vr481__eeg481__row752,dfb19734-6102-44df-8e11-9947e134eeb2,7.618285655975342,5.944273471832275,1.6740121841430664,outer_fold_2,dfb19734-6102-44df-8e11-9947e134eeb2__dfb19734-6102-44df-8e11-9947e134eeb2__vr481__eeg481__row752
2,dfb19734-6102-44df-8e11-9947e134eeb2__vr482__eeg482__row753,dfb19734-6102-44df-8e11-9947e134eeb2,3.78010630607605,4.116004467010498,0.33589816093444824,outer_fold_2,dfb19734-6102-44df-8e11-9947e134eeb2__dfb19734-6102-44df-8e11-9947e134eeb2__vr482__eeg482__row753
2,dfb19734-6102-44df-8e11-9947e134eeb2__vr483__eeg483__row754,dfb19734-6102-44df-8e11-9947e134eeb2,10.629046440124512,7.297633171081543,3.3314132690429688,outer_fold_2,dfb19734-6102-44df-8e11-9947e134eeb2__dfb19734-6102-44df-8e11-9947e134eeb2__vr483__eeg483__row754
2,dfb19734-6102-44df-8e11-9947e134eeb2__vr484__eeg484__row755,dfb19734-6102-44df-8e11-9947e134eeb2,5.826953887939453,6.963850021362305,1.1368961334228516,outer_fold_2,dfb19734-6102-44df-8e11-9947e134eeb2__dfb19734-6102-44df-8e11-9947e134eeb2__vr484__eeg484__row755
2,dfb19734-6102-44df-8e11-9947e134eeb2__vr485__eeg485__row756,dfb19734-6102-44df-8e11-9947e134eeb2,3.992665290832519,3.536566734313965,0.45609855651855424,outer_fold_2,dfb19734-6102-44df-8e11-9947e134eeb2__dfb19734-6102-44df-8e11-9947e134eeb2__vr485__eeg485__row756
2,dfb19734-6102-44df-8e11-9947e134eeb2__vr486__eeg486__row757,dfb19734-6102-44df-8e11-9947e134eeb2,6.945911884307861,6.148367404937744,0.7975444793701172,outer_fold_2,dfb19734-6102-44df-8e11-9947e134eeb2__dfb19734-6102-44df-8e11-9947e134eeb2__vr486__eeg486__row757
2,dfb19734-6102-44df-8e11-9947e134eeb2__vr487__eeg487__row758,dfb19734-6102-44df-8e11-9947e134eeb2,3.845851421356201,3.936553478240967,0.09070205688476562,outer_fold_2,dfb19734-6102-44df-8e11-9947e134eeb2__dfb19734-6102-44df-8e11-9947e134eeb2__vr487__eeg487__row758
2,dfb19734-6102-44df-8e11-9947e134eeb2__vr488__eeg488__row759,dfb19734-6102-44df-8e11-9947e134eeb2,3.5083484649658203,3.7841598987579346,0.27581143379211426,outer_fold_2,dfb19734-6102-44df-8e11-9947e134eeb2__dfb19734-6102-44df-8e11-9947e134eeb2__vr488__eeg488__row759
2,dfb19734-6102-44df-8e11-9947e134eeb2__vr489__eeg489__row760,dfb19734-6102-44df-8e11-9947e134eeb2,3.1167495250701904,2.1714072227478027,0.9453423023223877,outer_fold_2,dfb19734-6102-44df-8e11-9947e134eeb2__dfb19734-6102-44df-8e11-9947e134eeb2__vr489__eeg489__row760
2,dfb19734-6102-44df-8e11-9947e134eeb2__vr490__eeg490__row761,dfb19734-6102-44df-8e11-9947e134eeb2,6.949900150299072,6.168058395385742,0.7818417549133301,outer_fold_2,dfb19734-6102-44df-8e11-9947e134eeb2__dfb19734-6102-44df-8e11-9947e134eeb2__vr490__eeg490__row761
2,dfb19734-6102-44df-8e11-9947e134eeb2__vr491__eeg491__row762,dfb19734-6102-44df-8e11-9947e134eeb2,3.641587734222412,3.3638861179351807,0.27770161628723145,outer_fold_2,dfb19734-6102-44df-8e11-9947e134eeb2__dfb19734-6102-44df-8e11-9947e134eeb2__vr491__eeg491__row762
2,dfb19734-6102-44df-8e11-9947e134eeb2__vr492__eeg492__row763,dfb19734-6102-44df-8e11-9947e134eeb2,6.864893436431885,7.866546154022217,1.001652717590332,outer_fold_2,dfb19734-6102-44df-8e11-9947e134eeb2__dfb19734-6102-44df-8e11-9947e134eeb2__vr492__eeg492__row763
2,dfb19734-6102-44df-8e11-9947e134eeb2__vr493__eeg493__row764,dfb19734-6102-44df-8e11-9947e134eeb2,5.972803115844727,5.590975761413574,0.38182735443115234,outer_fold_2,dfb19734-6102-44df-8e11-9947e134eeb2__dfb19734-6102-44df-8e11-9947e134eeb2__vr493__eeg493__row764
2,dfb19734-6102-44df-8e11-9947e134eeb2__vr494__eeg494__row765,dfb19734-6102-44df-8e11-9947e134eeb2,5.389714241027832,4.141551971435547,1.2481622695922852,outer_fold_2,dfb19734-6102-44df-8e11-9947e134eeb2__dfb19734-6102-44df-8e11-9947e134eeb2__vr494__eeg494__row765
2,dfb19734-6102-44df-8e11-9947e134eeb2__vr495__eeg495__row766,dfb19734-6102-44df-8e11-9947e134eeb2,9.840415000915527,9.300867080688477,0.5395479202270508,outer_fold_2,dfb19734-6102-44df-8e11-9947e134eeb2__dfb19734-6102-44df-8e11-9947e134eeb2__vr495__eeg495__row766
2,dfb19734-6102-44df-8e11-9947e134eeb2__vr496__eeg496__row767,dfb19734-6102-44df-8e11-9947e134eeb2,5.943272590637207,3.547041893005371,2.396230697631836,outer_fold_2,dfb19734-6102-44df-8e11-9947e134eeb2__dfb19734-6102-44df-8e11-9947e134eeb2__vr496__eeg496__row767
2,dfb19734-6102-44df-8e11-9947e134eeb2__vr497__eeg497__row768,dfb19734-6102-44df-8e11-9947e134eeb2,5.181797027587891,4.0304856300354,1.1513113975524902,outer_fold_2,dfb19734-6102-44df-8e11-9947e134eeb2__dfb19734-6102-44df-8e11-9947e134eeb2__vr497__eeg497__row768
2,dfb19734-6102-44df-8e11-9947e134eeb2__vr498__eeg498__row769,dfb19734-6102-44df-8e11-9947e134eeb2,3.798162698745727,4.270406246185303,0.47224354743957564,outer_fold_2,dfb19734-6102-44df-8e11-9947e134eeb2__dfb19734-6102-44df-8e11-9947e134eeb2__vr498__eeg498__row769
2,dfb19734-6102-44df-8e11-9947e134eeb2__vr499__eeg499__row770,dfb19734-6102-44df-8e11-9947e134eeb2,5.958466529846191,3.99753475189209,1.9609317779541016,outer_fold_2,dfb19734-6102-44df-8e11-9947e134eeb2__dfb19734-6102-44df-8e11-9947e134eeb2__vr499__eeg499__row770
2,dfb19734-6102-44df-8e11-9947e134eeb2__vr500__eeg500__row771,dfb19734-6102-44df-8e11-9947e134eeb2,4.007710933685303,4.036037921905518,0.028326988220214844,outer_fold_2,dfb19734-6102-44df-8e11-9947e134eeb2__dfb19734-6102-44df-8e11-9947e134eeb2__vr500__eeg500__row771
2,dfb19734-6102-44df-8e11-9947e134eeb2__vr501__eeg501__row772,dfb19734-6102-44df-8e11-9947e134eeb2,3.2605576515197754,3.868696451187134,0.6081387996673584,outer_fold_2,dfb19734-6102-44df-8e11-9947e134eeb2__dfb19734-6102-44df-8e11-9947e134eeb2__vr501__eeg501__row772
2,dfb19734-6102-44df-8e11-9947e134eeb2__vr502__eeg502__row773,dfb19734-6102-44df-8e11-9947e134eeb2,4.8493804931640625,5.108592510223389,0.25921201705932617,outer_fold_2,dfb19734-6102-44df-8e11-9947e134eeb2__dfb19734-6102-44df-8e11-9947e134eeb2__vr502__eeg502__row773
2,dfb19734-6102-44df-8e11-9947e134eeb2__vr503__eeg503__row774,dfb19734-6102-44df-8e11-9947e134eeb2,4.550020694732666,4.516765594482422,0.03325510025024414,outer_fold_2,dfb19734-6102-44df-8e11-9947e134eeb2__dfb19734-6102-44df-8e11-9947e134eeb2__vr503__eeg503__row774
2,dfb19734-6102-44df-8e11-9947e134eeb2__vr504__eeg504__row775,dfb19734-6102-44df-8e11-9947e134eeb2,3.550415515899658,3.629127264022827,0.07871174812316895,outer_fold_2,dfb19734-6102-44df-8e11-9947e134eeb2__dfb19734-6102-44df-8e11-9947e134eeb2__vr504__eeg504__row775
2,dfb19734-6102-44df-8e11-9947e134eeb2__vr505__eeg505__row776,dfb19734-6102-44df-8e11-9947e134eeb2,13.304085731506348,10.906633377075195,2.3974523544311523,outer_fold_2,dfb19734-6102-44df-8e11-9947e134eeb2__dfb19734-6102-44df-8e11-9947e134eeb2__vr505__eeg505__row776
3,359314b3-5a7c-4dd0-b813-6d8344c62062__vr274__eeg275__row47,359314b3-5a7c-4dd0-b813-6d8344c62062,3.3654634952545166,2.621441125869751,0.7440223693847656,outer_fold_3,359314b3-5a7c-4dd0-b813-6d8344c62062__359314b3-5a7c-4dd0-b813-6d8344c62062__vr274__eeg275__row47
3,359314b3-5a7c-4dd0-b813-6d8344c62062__vr275__eeg276__row48,359314b3-5a7c-4dd0-b813-6d8344c62062,5.380078315734863,5.722081661224365,0.34200334548950195,outer_fold_3,359314b3-5a7c-4dd0-b813-6d8344c62062__359314b3-5a7c-4dd0-b813-6d8344c62062__vr275__eeg276__row48
3,359314b3-5a7c-4dd0-b813-6d8344c62062__vr276__eeg277__row49,359314b3-5a7c-4dd0-b813-6d8344c62062,8.703359603881836,4.367818355560303,4.335541248321533,outer_fold_3,359314b3-5a7c-4dd0-b813-6d8344c62062__359314b3-5a7c-4dd0-b813-6d8344c62062__vr276__eeg277__row49
3,359314b3-5a7c-4dd0-b813-6d8344c62062__vr277__eeg278__row50,359314b3-5a7c-4dd0-b813-6d8344c62062,5.713313102722168,3.9464051723480225,1.7669079303741455,outer_fold_3,359314b3-5a7c-4dd0-b813-6d8344c62062__359314b3-5a7c-4dd0-b813-6d8344c62062__vr277__eeg278__row50
3,359314b3-5a7c-4dd0-b813-6d8344c62062__vr278__eeg279__row51,359314b3-5a7c-4dd0-b813-6d8344c62062,7.445284366607666,7.633532047271728,0.1882476806640616,outer_fold_3,359314b3-5a7c-4dd0-b813-6d8344c62062__359314b3-5a7c-4dd0-b813-6d8344c62062__vr278__eeg279__row51
3,359314b3-5a7c-4dd0-b813-6d8344c62062__vr279__eeg280__row52,359314b3-5a7c-4dd0-b813-6d8344c62062,3.1978867053985596,3.044766902923584,0.15311980247497559,outer_fold_3,359314b3-5a7c-4dd0-b813-6d8344c62062__359314b3-5a7c-4dd0-b813-6d8344c62062__vr279__eeg280__row52
3,359314b3-5a7c-4dd0-b813-6d8344c62062__vr280__eeg281__row53,359314b3-5a7c-4dd0-b813-6d8344c62062,3.861259937286377,5.345211982727051,1.4839520454406738,outer_fold_3,359314b3-5a7c-4dd0-b813-6d8344c62062__359314b3-5a7c-4dd0-b813-6d8344c62062__vr280__eeg281__row53
3,359314b3-5a7c-4dd0-b813-6d8344c62062__vr281__eeg282__row54,359314b3-5a7c-4dd0-b813-6d8344c62062,7.76864767074585,9.52593231201172,1.757284641265871,outer_fold_3,359314b3-5a7c-4dd0-b813-6d8344c62062__359314b3-5a7c-4dd0-b813-6d8344c62062__vr281__eeg282__row54
3,359314b3-5a7c-4dd0-b813-6d8344c62062__vr282__eeg283__row55,359314b3-5a7c-4dd0-b813-6d8344c62062,6.165719985961914,3.942953824996948,2.2227661609649663,outer_fold_3,359314b3-5a7c-4dd0-b813-6d8344c62062__359314b3-5a7c-4dd0-b813-6d8344c62062__vr282__eeg283__row55
3,359314b3-5a7c-4dd0-b813-6d8344c62062__vr283__eeg284__row56,359314b3-5a7c-4dd0-b813-6d8344c62062,2.7823047637939453,2.020087718963623,0.7622170448303223,outer_fold_3,359314b3-5a7c-4dd0-b813-6d8344c62062__359314b3-5a7c-4dd0-b813-6d8344c62062__vr283__eeg284__row56
3,359314b3-5a7c-4dd0-b813-6d8344c62062__vr284__eeg285__row57,359314b3-5a7c-4dd0-b813-6d8344c62062,3.1679999828338623,3.192840099334717,0.024840116500854492,outer_fold_3,359314b3-5a7c-4dd0-b813-6d8344c62062__359314b3-5a7c-4dd0-b813-6d8344c62062__vr284__eeg285__row57
3,359314b3-5a7c-4dd0-b813-6d8344c62062__vr285__eeg286__row58,359314b3-5a7c-4dd0-b813-6d8344c62062,5.5162739753723145,5.086266040802002,0.4300079345703125,outer_fold_3,359314b3-5a7c-4dd0-b813-6d8344c62062__359314b3-5a7c-4dd0-b813-6d8344c62062__vr285__eeg286__row58
3,359314b3-5a7c-4dd0-b813-6d8344c62062__vr286__eeg287__row59,359314b3-5a7c-4dd0-b813-6d8344c62062,8.929161071777344,9.41472339630127,0.4855623245239258,outer_fold_3,359314b3-5a7c-4dd0-b813-6d8344c62062__359314b3-5a7c-4dd0-b813-6d8344c62062__vr286__eeg287__row59
3,359314b3-5a7c-4dd0-b813-6d8344c62062__vr287__eeg288__row60,359314b3-5a7c-4dd0-b813-6d8344c62062,6.489773273468018,5.797932147979736,0.6918411254882812,outer_fold_3,359314b3-5a7c-4dd0-b813-6d8344c62062__359314b3-5a7c-4dd0-b813-6d8344c62062__vr287__eeg288__row60
3,359314b3-5a7c-4dd0-b813-6d8344c62062__vr288__eeg289__row61,359314b3-5a7c-4dd0-b813-6d8344c62062,7.180581092834473,7.0248870849609375,0.15569400787353516,outer_fold_3,359314b3-5a7c-4dd0-b813-6d8344c62062__359314b3-5a7c-4dd0-b813-6d8344c62062__vr288__eeg289__row61
3,359314b3-5a7c-4dd0-b813-6d8344c62062__vr289__eeg290__row62,359314b3-5a7c-4dd0-b813-6d8344c62062,6.479207515716553,5.982296466827393,0.49691104888916016,outer_fold_3,359314b3-5a7c-4dd0-b813-6d8344c62062__359314b3-5a7c-4dd0-b813-6d8344c62062__vr289__eeg290__row62
3,359314b3-5a7c-4dd0-b813-6d8344c62062__vr290__eeg291__row63,359314b3-5a7c-4dd0-b813-6d8344c62062,2.056918144226074,1.734047532081604,0.3228706121444702,outer_fold_3,359314b3-5a7c-4dd0-b813-6d8344c62062__359314b3-5a7c-4dd0-b813-6d8344c62062__vr290__eeg291__row63
3,359314b3-5a7c-4dd0-b813-6d8344c62062__vr291__eeg292__row64,359314b3-5a7c-4dd0-b813-6d8344c62062,5.870828151702881,5.456698894500732,0.41412925720214844,outer_fold_3,359314b3-5a7c-4dd0-b813-6d8344c62062__359314b3-5a7c-4dd0-b813-6d8344c62062__vr291__eeg292__row64
3,359314b3-5a7c-4dd0-b813-6d8344c62062__vr292__eeg293__row65,359314b3-5a7c-4dd0-b813-6d8344c62062,4.076807975769043,2.6674466133117676,1.4093613624572754,outer_fold_3,359314b3-5a7c-4dd0-b813-6d8344c62062__359314b3-5a7c-4dd0-b813-6d8344c62062__vr292__eeg293__row65
3,359314b3-5a7c-4dd0-b813-6d8344c62062__vr293__eeg294__row66,359314b3-5a7c-4dd0-b813-6d8344c62062,5.290307998657227,5.403862476348877,0.11355447769165039,outer_fold_3,359314b3-5a7c-4dd0-b813-6d8344c62062__359314b3-5a7c-4dd0-b813-6d8344c62062__vr293__eeg294__row66
3,359314b3-5a7c-4dd0-b813-6d8344c62062__vr294__eeg295__row67,359314b3-5a7c-4dd0-b813-6d8344c62062,4.855573654174805,4.9782538414001465,0.1226801872253418,outer_fold_3,359314b3-5a7c-4dd0-b813-6d8344c62062__359314b3-5a7c-4dd0-b813-6d8344c62062__vr294__eeg295__row67
3,359314b3-5a7c-4dd0-b813-6d8344c62062__vr295__eeg296__row68,359314b3-5a7c-4dd0-b813-6d8344c62062,6.563223838806152,5.130477428436279,1.432746410369873,outer_fold_3,359314b3-5a7c-4dd0-b813-6d8344c62062__359314b3-5a7c-4dd0-b813-6d8344c62062__vr295__eeg296__row68
3,359314b3-5a7c-4dd0-b813-6d8344c62062__vr296__eeg297__row69,359314b3-5a7c-4dd0-b813-6d8344c62062,5.560500144958496,3.8997011184692383,1.6607990264892578,outer_fold_3,359314b3-5a7c-4dd0-b813-6d8344c62062__359314b3-5a7c-4dd0-b813-6d8344c62062__vr296__eeg297__row69
3,359314b3-5a7c-4dd0-b813-6d8344c62062__vr297__eeg298__row70,359314b3-5a7c-4dd0-b813-6d8344c62062,6.913238048553467,6.910425662994385,0.0028123855590820312,outer_fold_3,359314b3-5a7c-4dd0-b813-6d8344c62062__359314b3-5a7c-4dd0-b813-6d8344c62062__vr297__eeg298__row70
3,359314b3-5a7c-4dd0-b813-6d8344c62062__vr298__eeg299__row71,359314b3-5a7c-4dd0-b813-6d8344c62062,7.144723892211914,5.2113728523254395,1.9333510398864746,outer_fold_3,359314b3-5a7c-4dd0-b813-6d8344c62062__359314b3-5a7c-4dd0-b813-6d8344c62062__vr298__eeg299__row71
3,359314b3-5a7c-4dd0-b813-6d8344c62062__vr299__eeg300__row72,359314b3-5a7c-4dd0-b813-6d8344c62062,8.021062850952148,6.926692485809326,1.0943703651428223,outer_fold_3,359314b3-5a7c-4dd0-b813-6d8344c62062__359314b3-5a7c-4dd0-b813-6d8344c62062__vr299__eeg300__row72
3,359314b3-5a7c-4dd0-b813-6d8344c62062__vr300__eeg301__row73,359314b3-5a7c-4dd0-b813-6d8344c62062,3.696000099182129,4.306488990783691,0.6104888916015625,outer_fold_3,359314b3-5a7c-4dd0-b813-6d8344c62062__359314b3-5a7c-4dd0-b813-6d8344c62062__vr300__eeg301__row73
3,359314b3-5a7c-4dd0-b813-6d8344c62062__vr301__eeg302__row74,359314b3-5a7c-4dd0-b813-6d8344c62062,5.7050018310546875,4.6204729080200195,1.084528923034668,outer_fold_3,359314b3-5a7c-4dd0-b813-6d8344c62062__359314b3-5a7c-4dd0-b813-6d8344c62062__vr301__eeg302__row74
3,359314b3-5a7c-4dd0-b813-6d8344c62062__vr302__eeg303__row75,359314b3-5a7c-4dd0-b813-6d8344c62062,3.720639944076538,4.284004211425781,0.5633642673492432,outer_fold_3,359314b3-5a7c-4dd0-b813-6d8344c62062__359314b3-5a7c-4dd0-b813-6d8344c62062__vr302__eeg303__row75
3,359314b3-5a7c-4dd0-b813-6d8344c62062__vr303__eeg304__row76,359314b3-5a7c-4dd0-b813-6d8344c62062,5.226531505584717,4.735074043273926,0.491457462310791,outer_fold_3,359314b3-5a7c-4dd0-b813-6d8344c62062__359314b3-5a7c-4dd0-b813-6d8344c62062__vr303__eeg304__row76
3,359314b3-5a7c-4dd0-b813-6d8344c62062__vr304__eeg305__row77,359314b3-5a7c-4dd0-b813-6d8344c62062,5.071805000305176,4.6181745529174805,0.4536304473876953,outer_fold_3,359314b3-5a7c-4dd0-b813-6d8344c62062__359314b3-5a7c-4dd0-b813-6d8344c62062__vr304__eeg305__row77
3,359314b3-5a7c-4dd0-b813-6d8344c62062__vr305__eeg306__row78,359314b3-5a7c-4dd0-b813-6d8344c62062,3.048170328140259,4.194730281829834,1.1465599536895752,outer_fold_3,359314b3-5a7c-4dd0-b813-6d8344c62062__359314b3-5a7c-4dd0-b813-6d8344c62062__vr305__eeg306__row78
3,359314b3-5a7c-4dd0-b813-6d8344c62062__vr306__eeg307__row79,359314b3-5a7c-4dd0-b813-6d8344c62062,4.050192356109619,4.21550178527832,0.16530942916870117,outer_fold_3,359314b3-5a7c-4dd0-b813-6d8344c62062__359314b3-5a7c-4dd0-b813-6d8344c62062__vr306__eeg307__row79
3,359314b3-5a7c-4dd0-b813-6d8344c62062__vr307__eeg308__row80,359314b3-5a7c-4dd0-b813-6d8344c62062,4.085609436035156,3.810137271881103,0.2754721641540532,outer_fold_3,359314b3-5a7c-4dd0-b813-6d8344c62062__359314b3-5a7c-4dd0-b813-6d8344c62062__vr307__eeg308__row80
3,359314b3-5a7c-4dd0-b813-6d8344c62062__vr308__eeg309__row81,359314b3-5a7c-4dd0-b813-6d8344c62062,4.8918046951293945,4.8388237953186035,0.052980899810791016,outer_fold_3,359314b3-5a7c-4dd0-b813-6d8344c62062__359314b3-5a7c-4dd0-b813-6d8344c62062__vr308__eeg309__row81
3,359314b3-5a7c-4dd0-b813-6d8344c62062__vr309__eeg310__row82,359314b3-5a7c-4dd0-b813-6d8344c62062,4.846183776855469,6.390151023864746,1.5439672470092773,outer_fold_3,359314b3-5a7c-4dd0-b813-6d8344c62062__359314b3-5a7c-4dd0-b813-6d8344c62062__vr309__eeg310__row82
3,359314b3-5a7c-4dd0-b813-6d8344c62062__vr310__eeg311__row83,359314b3-5a7c-4dd0-b813-6d8344c62062,9.787882804870604,10.58516788482666,0.7972850799560565,outer_fold_3,359314b3-5a7c-4dd0-b813-6d8344c62062__359314b3-5a7c-4dd0-b813-6d8344c62062__vr310__eeg311__row83
3,359314b3-5a7c-4dd0-b813-6d8344c62062__vr311__eeg312__row84,359314b3-5a7c-4dd0-b813-6d8344c62062,5.285134315490723,7.121306419372559,1.836172103881836,outer_fold_3,359314b3-5a7c-4dd0-b813-6d8344c62062__359314b3-5a7c-4dd0-b813-6d8344c62062__vr311__eeg312__row84
3,359314b3-5a7c-4dd0-b813-6d8344c62062__vr312__eeg313__row85,359314b3-5a7c-4dd0-b813-6d8344c62062,5.344025135040283,8.12500286102295,2.780977725982666,outer_fold_3,359314b3-5a7c-4dd0-b813-6d8344c62062__359314b3-5a7c-4dd0-b813-6d8344c62062__vr312__eeg313__row85
3,359314b3-5a7c-4dd0-b813-6d8344c62062__vr313__eeg314__row86,359314b3-5a7c-4dd0-b813-6d8344c62062,1.944543719291687,2.2754483222961426,0.33090460300445557,outer_fold_3,359314b3-5a7c-4dd0-b813-6d8344c62062__359314b3-5a7c-4dd0-b813-6d8344c62062__vr313__eeg314__row86
3,359314b3-5a7c-4dd0-b813-6d8344c62062__vr315__eeg316__row88,359314b3-5a7c-4dd0-b813-6d8344c62062,4.168272018432617,6.357890605926514,2.1896185874938965,outer_fold_3,359314b3-5a7c-4dd0-b813-6d8344c62062__359314b3-5a7c-4dd0-b813-6d8344c62062__vr315__eeg316__row88
3,359314b3-5a7c-4dd0-b813-6d8344c62062__vr316__eeg317__row89,359314b3-5a7c-4dd0-b813-6d8344c62062,2.783186435699463,4.220940589904785,1.4377541542053223,outer_fold_3,359314b3-5a7c-4dd0-b813-6d8344c62062__359314b3-5a7c-4dd0-b813-6d8344c62062__vr316__eeg317__row89
3,359314b3-5a7c-4dd0-b813-6d8344c62062__vr317__eeg318__row90,359314b3-5a7c-4dd0-b813-6d8344c62062,5.598761558532715,6.38931131362915,0.7905497550964355,outer_fold_3,359314b3-5a7c-4dd0-b813-6d8344c62062__359314b3-5a7c-4dd0-b813-6d8344c62062__vr317__eeg318__row90
3,359314b3-5a7c-4dd0-b813-6d8344c62062__vr318__eeg319__row91,359314b3-5a7c-4dd0-b813-6d8344c62062,5.53422212600708,7.29460334777832,1.7603812217712402,outer_fold_3,359314b3-5a7c-4dd0-b813-6d8344c62062__359314b3-5a7c-4dd0-b813-6d8344c62062__vr318__eeg319__row91
3,359314b3-5a7c-4dd0-b813-6d8344c62062__vr319__eeg320__row92,359314b3-5a7c-4dd0-b813-6d8344c62062,4.6970953941345215,6.465147018432617,1.7680516242980957,outer_fold_3,359314b3-5a7c-4dd0-b813-6d8344c62062__359314b3-5a7c-4dd0-b813-6d8344c62062__vr319__eeg320__row92
3,359314b3-5a7c-4dd0-b813-6d8344c62062__vr320__eeg321__row93,359314b3-5a7c-4dd0-b813-6d8344c62062,7.082598686218262,8.132320404052734,1.0497217178344727,outer_fold_3,359314b3-5a7c-4dd0-b813-6d8344c62062__359314b3-5a7c-4dd0-b813-6d8344c62062__vr320__eeg321__row93
3,359314b3-5a7c-4dd0-b813-6d8344c62062__vr321__eeg322__row94,359314b3-5a7c-4dd0-b813-6d8344c62062,5.408990383148193,7.21190071105957,1.802910327911377,outer_fold_3,359314b3-5a7c-4dd0-b813-6d8344c62062__359314b3-5a7c-4dd0-b813-6d8344c62062__vr321__eeg322__row94
3,359314b3-5a7c-4dd0-b813-6d8344c62062__vr322__eeg323__row95,359314b3-5a7c-4dd0-b813-6d8344c62062,13.75159740447998,10.940260887145996,2.8113365173339844,outer_fold_3,359314b3-5a7c-4dd0-b813-6d8344c62062__359314b3-5a7c-4dd0-b813-6d8344c62062__vr322__eeg323__row95
3,3e4a23a8-c0e7-4ce7-ae53-eeaf9f4c0fd5__vr1786__eeg1090__row161,3e4a23a8-c0e7-4ce7-ae53-eeaf9f4c0fd5,8.741957664489746,6.811164855957031,1.9307928085327148,outer_fold_3,3e4a23a8-c0e7-4ce7-ae53-eeaf9f4c0fd5__3e4a23a8-c0e7-4ce7-ae53-eeaf9f4c0fd5__vr1786__eeg1090__row161
3,3e4a23a8-c0e7-4ce7-ae53-eeaf9f4c0fd5__vr1787__eeg1091__row162,3e4a23a8-c0e7-4ce7-ae53-eeaf9f4c0fd5,5.037811756134033,2.401393413543701,2.636418342590332,outer_fold_3,3e4a23a8-c0e7-4ce7-ae53-eeaf9f4c0fd5__3e4a23a8-c0e7-4ce7-ae53-eeaf9f4c0fd5__vr1787__eeg1091__row162
3,3e4a23a8-c0e7-4ce7-ae53-eeaf9f4c0fd5__vr1788__eeg1092__row163,3e4a23a8-c0e7-4ce7-ae53-eeaf9f4c0fd5,6.408648490905762,4.422018051147461,1.9866304397583008,outer_fold_3,3e4a23a8-c0e7-4ce7-ae53-eeaf9f4c0fd5__3e4a23a8-c0e7-4ce7-ae53-eeaf9f4c0fd5__vr1788__eeg1092__row163
3,3e4a23a8-c0e7-4ce7-ae53-eeaf9f4c0fd5__vr1789__eeg1093__row164,3e4a23a8-c0e7-4ce7-ae53-eeaf9f4c0fd5,15.296344757080078,12.094390869140623,3.201953887939455,outer_fold_3,3e4a23a8-c0e7-4ce7-ae53-eeaf9f4c0fd5__3e4a23a8-c0e7-4ce7-ae53-eeaf9f4c0fd5__vr1789__eeg1093__row164
3,3e4a23a8-c0e7-4ce7-ae53-eeaf9f4c0fd5__vr1790__eeg1094__row165,3e4a23a8-c0e7-4ce7-ae53-eeaf9f4c0fd5,3.157224416732788,1.35662043094635,1.800603985786438,outer_fold_3,3e4a23a8-c0e7-4ce7-ae53-eeaf9f4c0fd5__3e4a23a8-c0e7-4ce7-ae53-eeaf9f4c0fd5__vr1790__eeg1094__row165
3,3e4a23a8-c0e7-4ce7-ae53-eeaf9f4c0fd5__vr1791__eeg1095__row166,3e4a23a8-c0e7-4ce7-ae53-eeaf9f4c0fd5,6.346421241760254,6.510851860046387,0.1644306182861328,outer_fold_3,3e4a23a8-c0e7-4ce7-ae53-eeaf9f4c0fd5__3e4a23a8-c0e7-4ce7-ae53-eeaf9f4c0fd5__vr1791__eeg1095__row166
3,3e4a23a8-c0e7-4ce7-ae53-eeaf9f4c0fd5__vr1792__eeg1096__row167,3e4a23a8-c0e7-4ce7-ae53-eeaf9f4c0fd5,3.105046272277832,2.556666851043701,0.5483794212341309,outer_fold_3,3e4a23a8-c0e7-4ce7-ae53-eeaf9f4c0fd5__3e4a23a8-c0e7-4ce7-ae53-eeaf9f4c0fd5__vr1792__eeg1096__row167
3,3e4a23a8-c0e7-4ce7-ae53-eeaf9f4c0fd5__vr1793__eeg1097__row168,3e4a23a8-c0e7-4ce7-ae53-eeaf9f4c0fd5,4.879672050476074,2.5388870239257812,2.340785026550293,outer_fold_3,3e4a23a8-c0e7-4ce7-ae53-eeaf9f4c0fd5__3e4a23a8-c0e7-4ce7-ae53-eeaf9f4c0fd5__vr1793__eeg1097__row168
3,3e4a23a8-c0e7-4ce7-ae53-eeaf9f4c0fd5__vr1794__eeg1098__row169,3e4a23a8-c0e7-4ce7-ae53-eeaf9f4c0fd5,6.51863431930542,3.8752732276916504,2.6433610916137695,outer_fold_3,3e4a23a8-c0e7-4ce7-ae53-eeaf9f4c0fd5__3e4a23a8-c0e7-4ce7-ae53-eeaf9f4c0fd5__vr1794__eeg1098__row169
3,3e4a23a8-c0e7-4ce7-ae53-eeaf9f4c0fd5__vr1795__eeg1099__row170,3e4a23a8-c0e7-4ce7-ae53-eeaf9f4c0fd5,1.891477108001709,1.299432396888733,0.5920447111129761,outer_fold_3,3e4a23a8-c0e7-4ce7-ae53-eeaf9f4c0fd5__3e4a23a8-c0e7-4ce7-ae53-eeaf9f4c0fd5__vr1795__eeg1099__row170
3,3e4a23a8-c0e7-4ce7-ae53-eeaf9f4c0fd5__vr1796__eeg1100__row171,3e4a23a8-c0e7-4ce7-ae53-eeaf9f4c0fd5,4.4849371910095215,4.383680820465088,0.1012563705444336,outer_fold_3,3e4a23a8-c0e7-4ce7-ae53-eeaf9f4c0fd5__3e4a23a8-c0e7-4ce7-ae53-eeaf9f4c0fd5__vr1796__eeg1100__row171
3,3e4a23a8-c0e7-4ce7-ae53-eeaf9f4c0fd5__vr1797__eeg1101__row172,3e4a23a8-c0e7-4ce7-ae53-eeaf9f4c0fd5,4.56233024597168,1.9429341554641724,2.6193960905075073,outer_fold_3,3e4a23a8-c0e7-4ce7-ae53-eeaf9f4c0fd5__3e4a23a8-c0e7-4ce7-ae53-eeaf9f4c0fd5__vr1797__eeg1101__row172
3,3e4a23a8-c0e7-4ce7-ae53-eeaf9f4c0fd5__vr1798__eeg1102__row173,3e4a23a8-c0e7-4ce7-ae53-eeaf9f4c0fd5,2.7301690578460693,1.606701135635376,1.1234679222106934,outer_fold_3,3e4a23a8-c0e7-4ce7-ae53-eeaf9f4c0fd5__3e4a23a8-c0e7-4ce7-ae53-eeaf9f4c0fd5__vr1798__eeg1102__row173
3,3e4a23a8-c0e7-4ce7-ae53-eeaf9f4c0fd5__vr1799__eeg1103__row174,3e4a23a8-c0e7-4ce7-ae53-eeaf9f4c0fd5,5.554215908050537,3.841041803359986,1.7131741046905513,outer_fold_3,3e4a23a8-c0e7-4ce7-ae53-eeaf9f4c0fd5__3e4a23a8-c0e7-4ce7-ae53-eeaf9f4c0fd5__vr1799__eeg1103__row174
3,3e4a23a8-c0e7-4ce7-ae53-eeaf9f4c0fd5__vr1800__eeg1104__row175,3e4a23a8-c0e7-4ce7-ae53-eeaf9f4c0fd5,11.66103172302246,0.3609197437763214,11.300111979246138,outer_fold_3,3e4a23a8-c0e7-4ce7-ae53-eeaf9f4c0fd5__3e4a23a8-c0e7-4ce7-ae53-eeaf9f4c0fd5__vr1800__eeg1104__row175
3,3e4a23a8-c0e7-4ce7-ae53-eeaf9f4c0fd5__vr1801__eeg1105__row176,3e4a23a8-c0e7-4ce7-ae53-eeaf9f4c0fd5,5.837039947509766,3.7725069522857666,2.064532995223999,outer_fold_3,3e4a23a8-c0e7-4ce7-ae53-eeaf9f4c0fd5__3e4a23a8-c0e7-4ce7-ae53-eeaf9f4c0fd5__vr1801__eeg1105__row176
3,3e4a23a8-c0e7-4ce7-ae53-eeaf9f4c0fd5__vr1802__eeg1106__row177,3e4a23a8-c0e7-4ce7-ae53-eeaf9f4c0fd5,15.58051300048828,14.72091579437256,0.8595972061157191,outer_fold_3,3e4a23a8-c0e7-4ce7-ae53-eeaf9f4c0fd5__3e4a23a8-c0e7-4ce7-ae53-eeaf9f4c0fd5__vr1802__eeg1106__row177
3,3e4a23a8-c0e7-4ce7-ae53-eeaf9f4c0fd5__vr1803__eeg1108__row178,3e4a23a8-c0e7-4ce7-ae53-eeaf9f4c0fd5,5.827173233032227,2.71256685256958,3.1146063804626465,outer_fold_3,3e4a23a8-c0e7-4ce7-ae53-eeaf9f4c0fd5__3e4a23a8-c0e7-4ce7-ae53-eeaf9f4c0fd5__vr1803__eeg1108__row178
3,3e4a23a8-c0e7-4ce7-ae53-eeaf9f4c0fd5__vr1804__eeg1110__row179,3e4a23a8-c0e7-4ce7-ae53-eeaf9f4c0fd5,2.0107290744781494,1.8941848278045657,0.11654424667358376,outer_fold_3,3e4a23a8-c0e7-4ce7-ae53-eeaf9f4c0fd5__3e4a23a8-c0e7-4ce7-ae53-eeaf9f4c0fd5__vr1804__eeg1110__row179
3,3e4a23a8-c0e7-4ce7-ae53-eeaf9f4c0fd5__vr1805__eeg1111__row180,3e4a23a8-c0e7-4ce7-ae53-eeaf9f4c0fd5,5.078292369842529,1.799224853515625,3.2790675163269043,outer_fold_3,3e4a23a8-c0e7-4ce7-ae53-eeaf9f4c0fd5__3e4a23a8-c0e7-4ce7-ae53-eeaf9f4c0fd5__vr1805__eeg1111__row180
3,3e4a23a8-c0e7-4ce7-ae53-eeaf9f4c0fd5__vr1806__eeg1112__row181,3e4a23a8-c0e7-4ce7-ae53-eeaf9f4c0fd5,6.310244083404541,2.7036921977996826,3.6065518856048584,outer_fold_3,3e4a23a8-c0e7-4ce7-ae53-eeaf9f4c0fd5__3e4a23a8-c0e7-4ce7-ae53-eeaf9f4c0fd5__vr1806__eeg1112__row181
3,3e4a23a8-c0e7-4ce7-ae53-eeaf9f4c0fd5__vr1807__eeg1113__row182,3e4a23a8-c0e7-4ce7-ae53-eeaf9f4c0fd5,4.099221229553223,2.280198812484741,1.8190224170684814,outer_fold_3,3e4a23a8-c0e7-4ce7-ae53-eeaf9f4c0fd5__3e4a23a8-c0e7-4ce7-ae53-eeaf9f4c0fd5__vr1807__eeg1113__row182
3,3e4a23a8-c0e7-4ce7-ae53-eeaf9f4c0fd5__vr1808__eeg1114__row183,3e4a23a8-c0e7-4ce7-ae53-eeaf9f4c0fd5,3.8535969257354736,2.7912676334381104,1.0623292922973633,outer_fold_3,3e4a23a8-c0e7-4ce7-ae53-eeaf9f4c0fd5__3e4a23a8-c0e7-4ce7-ae53-eeaf9f4c0fd5__vr1808__eeg1114__row183
3,3e4a23a8-c0e7-4ce7-ae53-eeaf9f4c0fd5__vr1809__eeg1115__row184,3e4a23a8-c0e7-4ce7-ae53-eeaf9f4c0fd5,6.622217655181885,3.982413291931152,2.639804363250733,outer_fold_3,3e4a23a8-c0e7-4ce7-ae53-eeaf9f4c0fd5__3e4a23a8-c0e7-4ce7-ae53-eeaf9f4c0fd5__vr1809__eeg1115__row184
3,3e4a23a8-c0e7-4ce7-ae53-eeaf9f4c0fd5__vr1810__eeg1116__row185,3e4a23a8-c0e7-4ce7-ae53-eeaf9f4c0fd5,2.7731821537017822,0.9629877209663392,1.8101944327354431,outer_fold_3,3e4a23a8-c0e7-4ce7-ae53-eeaf9f4c0fd5__3e4a23a8-c0e7-4ce7-ae53-eeaf9f4c0fd5__vr1810__eeg1116__row185
3,3e4a23a8-c0e7-4ce7-ae53-eeaf9f4c0fd5__vr1811__eeg1117__row186,3e4a23a8-c0e7-4ce7-ae53-eeaf9f4c0fd5,3.075530529022217,2.610367774963379,0.4651627540588379,outer_fold_3,3e4a23a8-c0e7-4ce7-ae53-eeaf9f4c0fd5__3e4a23a8-c0e7-4ce7-ae53-eeaf9f4c0fd5__vr1811__eeg1117__row186
3,3e4a23a8-c0e7-4ce7-ae53-eeaf9f4c0fd5__vr1812__eeg1118__row187,3e4a23a8-c0e7-4ce7-ae53-eeaf9f4c0fd5,7.909990310668945,3.615377426147461,4.294612884521484,outer_fold_3,3e4a23a8-c0e7-4ce7-ae53-eeaf9f4c0fd5__3e4a23a8-c0e7-4ce7-ae53-eeaf9f4c0fd5__vr1812__eeg1118__row187
3,3e4a23a8-c0e7-4ce7-ae53-eeaf9f4c0fd5__vr1813__eeg1119__row188,3e4a23a8-c0e7-4ce7-ae53-eeaf9f4c0fd5,4.798961639404297,1.8574291467666624,2.9415324926376343,outer_fold_3,3e4a23a8-c0e7-4ce7-ae53-eeaf9f4c0fd5__3e4a23a8-c0e7-4ce7-ae53-eeaf9f4c0fd5__vr1813__eeg1119__row188
3,3e4a23a8-c0e7-4ce7-ae53-eeaf9f4c0fd5__vr1814__eeg1120__row189,3e4a23a8-c0e7-4ce7-ae53-eeaf9f4c0fd5,3.184349775314331,2.858241558074951,0.3261082172393799,outer_fold_3,3e4a23a8-c0e7-4ce7-ae53-eeaf9f4c0fd5__3e4a23a8-c0e7-4ce7-ae53-eeaf9f4c0fd5__vr1814__eeg1120__row189
3,3e4a23a8-c0e7-4ce7-ae53-eeaf9f4c0fd5__vr1815__eeg1121__row190,3e4a23a8-c0e7-4ce7-ae53-eeaf9f4c0fd5,4.174017429351807,3.957827091217041,0.21619033813476562,outer_fold_3,3e4a23a8-c0e7-4ce7-ae53-eeaf9f4c0fd5__3e4a23a8-c0e7-4ce7-ae53-eeaf9f4c0fd5__vr1815__eeg1121__row190
3,3e4a23a8-c0e7-4ce7-ae53-eeaf9f4c0fd5__vr1816__eeg1122__row191,3e4a23a8-c0e7-4ce7-ae53-eeaf9f4c0fd5,3.880186080932617,2.6403534412384033,1.2398326396942139,outer_fold_3,3e4a23a8-c0e7-4ce7-ae53-eeaf9f4c0fd5__3e4a23a8-c0e7-4ce7-ae53-eeaf9f4c0fd5__vr1816__eeg1122__row191
3,3e4a23a8-c0e7-4ce7-ae53-eeaf9f4c0fd5__vr1817__eeg1123__row192,3e4a23a8-c0e7-4ce7-ae53-eeaf9f4c0fd5,6.238927841186523,5.547410488128662,0.6915173530578613,outer_fold_3,3e4a23a8-c0e7-4ce7-ae53-eeaf9f4c0fd5__3e4a23a8-c0e7-4ce7-ae53-eeaf9f4c0fd5__vr1817__eeg1123__row192
3,3e4a23a8-c0e7-4ce7-ae53-eeaf9f4c0fd5__vr1818__eeg1124__row193,3e4a23a8-c0e7-4ce7-ae53-eeaf9f4c0fd5,4.334051609039307,2.7857964038848877,1.548255205154419,outer_fold_3,3e4a23a8-c0e7-4ce7-ae53-eeaf9f4c0fd5__3e4a23a8-c0e7-4ce7-ae53-eeaf9f4c0fd5__vr1818__eeg1124__row193
3,3e4a23a8-c0e7-4ce7-ae53-eeaf9f4c0fd5__vr1819__eeg1125__row194,3e4a23a8-c0e7-4ce7-ae53-eeaf9f4c0fd5,2.8664307594299316,1.2664200067520142,1.6000107526779175,outer_fold_3,3e4a23a8-c0e7-4ce7-ae53-eeaf9f4c0fd5__3e4a23a8-c0e7-4ce7-ae53-eeaf9f4c0fd5__vr1819__eeg1125__row194
3,3e4a23a8-c0e7-4ce7-ae53-eeaf9f4c0fd5__vr1820__eeg1126__row195,3e4a23a8-c0e7-4ce7-ae53-eeaf9f4c0fd5,5.544000148773193,3.928280830383301,1.6157193183898926,outer_fold_3,3e4a23a8-c0e7-4ce7-ae53-eeaf9f4c0fd5__3e4a23a8-c0e7-4ce7-ae53-eeaf9f4c0fd5__vr1820__eeg1126__row195
3,3e4a23a8-c0e7-4ce7-ae53-eeaf9f4c0fd5__vr1821__eeg1127__row196,3e4a23a8-c0e7-4ce7-ae53-eeaf9f4c0fd5,6.101482391357422,3.067474842071533,3.0340075492858887,outer_fold_3,3e4a23a8-c0e7-4ce7-ae53-eeaf9f4c0fd5__3e4a23a8-c0e7-4ce7-ae53-eeaf9f4c0fd5__vr1821__eeg1127__row196
3,3e4a23a8-c0e7-4ce7-ae53-eeaf9f4c0fd5__vr1822__eeg1128__row197,3e4a23a8-c0e7-4ce7-ae53-eeaf9f4c0fd5,2.53439998626709,1.62591290473938,0.9084870815277097,outer_fold_3,3e4a23a8-c0e7-4ce7-ae53-eeaf9f4c0fd5__3e4a23a8-c0e7-4ce7-ae53-eeaf9f4c0fd5__vr1822__eeg1128__row197
3,3e4a23a8-c0e7-4ce7-ae53-eeaf9f4c0fd5__vr1823__eeg1129__row198,3e4a23a8-c0e7-4ce7-ae53-eeaf9f4c0fd5,10.437182426452637,7.4894561767578125,2.947726249694824,outer_fold_3,3e4a23a8-c0e7-4ce7-ae53-eeaf9f4c0fd5__3e4a23a8-c0e7-4ce7-ae53-eeaf9f4c0fd5__vr1823__eeg1129__row198
3,3e4a23a8-c0e7-4ce7-ae53-eeaf9f4c0fd5__vr1824__eeg1130__row199,3e4a23a8-c0e7-4ce7-ae53-eeaf9f4c0fd5,13.213167190551758,7.881724834442139,5.331442356109619,outer_fold_3,3e4a23a8-c0e7-4ce7-ae53-eeaf9f4c0fd5__3e4a23a8-c0e7-4ce7-ae53-eeaf9f4c0fd5__vr1824__eeg1130__row199
3,3e4a23a8-c0e7-4ce7-ae53-eeaf9f4c0fd5__vr1825__eeg1131__row200,3e4a23a8-c0e7-4ce7-ae53-eeaf9f4c0fd5,5.665617942810059,5.226390361785889,0.4392275810241699,outer_fold_3,3e4a23a8-c0e7-4ce7-ae53-eeaf9f4c0fd5__3e4a23a8-c0e7-4ce7-ae53-eeaf9f4c0fd5__vr1825__eeg1131__row200
3,3e4a23a8-c0e7-4ce7-ae53-eeaf9f4c0fd5__vr1826__eeg1132__row201,3e4a23a8-c0e7-4ce7-ae53-eeaf9f4c0fd5,5.126554012298584,2.7248334884643555,2.4017205238342285,outer_fold_3,3e4a23a8-c0e7-4ce7-ae53-eeaf9f4c0fd5__3e4a23a8-c0e7-4ce7-ae53-eeaf9f4c0fd5__vr1826__eeg1132__row201
3,3e4a23a8-c0e7-4ce7-ae53-eeaf9f4c0fd5__vr1827__eeg1133__row202,3e4a23a8-c0e7-4ce7-ae53-eeaf9f4c0fd5,5.20173454284668,3.969260215759278,1.232474327087402,outer_fold_3,3e4a23a8-c0e7-4ce7-ae53-eeaf9f4c0fd5__3e4a23a8-c0e7-4ce7-ae53-eeaf9f4c0fd5__vr1827__eeg1133__row202
3,3e4a23a8-c0e7-4ce7-ae53-eeaf9f4c0fd5__vr1828__eeg1134__row203,3e4a23a8-c0e7-4ce7-ae53-eeaf9f4c0fd5,5.942706108093262,4.113426685333252,1.8292794227600098,outer_fold_3,3e4a23a8-c0e7-4ce7-ae53-eeaf9f4c0fd5__3e4a23a8-c0e7-4ce7-ae53-eeaf9f4c0fd5__vr1828__eeg1134__row203
3,3e4a23a8-c0e7-4ce7-ae53-eeaf9f4c0fd5__vr1829__eeg1135__row204,3e4a23a8-c0e7-4ce7-ae53-eeaf9f4c0fd5,5.282232761383057,3.933922290802002,1.3483104705810547,outer_fold_3,3e4a23a8-c0e7-4ce7-ae53-eeaf9f4c0fd5__3e4a23a8-c0e7-4ce7-ae53-eeaf9f4c0fd5__vr1829__eeg1135__row204
3,3e4a23a8-c0e7-4ce7-ae53-eeaf9f4c0fd5__vr1830__eeg1136__row205,3e4a23a8-c0e7-4ce7-ae53-eeaf9f4c0fd5,4.459373474121094,2.904283046722412,1.5550904273986816,outer_fold_3,3e4a23a8-c0e7-4ce7-ae53-eeaf9f4c0fd5__3e4a23a8-c0e7-4ce7-ae53-eeaf9f4c0fd5__vr1830__eeg1136__row205
3,3e4a23a8-c0e7-4ce7-ae53-eeaf9f4c0fd5__vr1831__eeg1137__row206,3e4a23a8-c0e7-4ce7-ae53-eeaf9f4c0fd5,3.1390798091888428,3.480236053466797,0.3411562442779541,outer_fold_3,3e4a23a8-c0e7-4ce7-ae53-eeaf9f4c0fd5__3e4a23a8-c0e7-4ce7-ae53-eeaf9f4c0fd5__vr1831__eeg1137__row206
3,3e4a23a8-c0e7-4ce7-ae53-eeaf9f4c0fd5__vr1832__eeg1138__row207,3e4a23a8-c0e7-4ce7-ae53-eeaf9f4c0fd5,4.577986240386963,3.9513614177703857,0.6266248226165771,outer_fold_3,3e4a23a8-c0e7-4ce7-ae53-eeaf9f4c0fd5__3e4a23a8-c0e7-4ce7-ae53-eeaf9f4c0fd5__vr1832__eeg1138__row207
3,3e4a23a8-c0e7-4ce7-ae53-eeaf9f4c0fd5__vr1833__eeg1139__row208,3e4a23a8-c0e7-4ce7-ae53-eeaf9f4c0fd5,2.640000104904175,2.189948081970215,0.45005202293395996,outer_fold_3,3e4a23a8-c0e7-4ce7-ae53-eeaf9f4c0fd5__3e4a23a8-c0e7-4ce7-ae53-eeaf9f4c0fd5__vr1833__eeg1139__row208
3,3e4a23a8-c0e7-4ce7-ae53-eeaf9f4c0fd5__vr1834__eeg1140__row209,3e4a23a8-c0e7-4ce7-ae53-eeaf9f4c0fd5,3.83032751083374,2.002713680267334,1.8276138305664058,outer_fold_3,3e4a23a8-c0e7-4ce7-ae53-eeaf9f4c0fd5__3e4a23a8-c0e7-4ce7-ae53-eeaf9f4c0fd5__vr1834__eeg1140__row209
3,3e4a23a8-c0e7-4ce7-ae53-eeaf9f4c0fd5__vr1835__eeg1141__row210,3e4a23a8-c0e7-4ce7-ae53-eeaf9f4c0fd5,9.47395133972168,10.695518493652344,1.221567153930664,outer_fold_3,3e4a23a8-c0e7-4ce7-ae53-eeaf9f4c0fd5__3e4a23a8-c0e7-4ce7-ae53-eeaf9f4c0fd5__vr1835__eeg1141__row210
3,3e4a23a8-c0e7-4ce7-ae53-eeaf9f4c0fd5__vr1836__eeg1142__row211,3e4a23a8-c0e7-4ce7-ae53-eeaf9f4c0fd5,6.259314060211182,2.661569356918335,3.5977447032928467,outer_fold_3,3e4a23a8-c0e7-4ce7-ae53-eeaf9f4c0fd5__3e4a23a8-c0e7-4ce7-ae53-eeaf9f4c0fd5__vr1836__eeg1142__row211
3,3e4a23a8-c0e7-4ce7-ae53-eeaf9f4c0fd5__vr1837__eeg1143__row212,3e4a23a8-c0e7-4ce7-ae53-eeaf9f4c0fd5,7.013647079467773,3.9439151287078857,3.0697319507598877,outer_fold_3,3e4a23a8-c0e7-4ce7-ae53-eeaf9f4c0fd5__3e4a23a8-c0e7-4ce7-ae53-eeaf9f4c0fd5__vr1837__eeg1143__row212
3,3e4a23a8-c0e7-4ce7-ae53-eeaf9f4c0fd5__vr1838__eeg1144__row213,3e4a23a8-c0e7-4ce7-ae53-eeaf9f4c0fd5,6.739706039428711,5.247674465179443,1.4920315742492676,outer_fold_3,3e4a23a8-c0e7-4ce7-ae53-eeaf9f4c0fd5__3e4a23a8-c0e7-4ce7-ae53-eeaf9f4c0fd5__vr1838__eeg1144__row213
3,3e4a23a8-c0e7-4ce7-ae53-eeaf9f4c0fd5__vr1839__eeg1145__row214,3e4a23a8-c0e7-4ce7-ae53-eeaf9f4c0fd5,3.8789472579956055,3.295126438140869,0.5838208198547363,outer_fold_3,3e4a23a8-c0e7-4ce7-ae53-eeaf9f4c0fd5__3e4a23a8-c0e7-4ce7-ae53-eeaf9f4c0fd5__vr1839__eeg1145__row214
3,3e4a23a8-c0e7-4ce7-ae53-eeaf9f4c0fd5__vr1840__eeg1146__row215,3e4a23a8-c0e7-4ce7-ae53-eeaf9f4c0fd5,2.996680736541748,1.1886578798294067,1.8080228567123413,outer_fold_3,3e4a23a8-c0e7-4ce7-ae53-eeaf9f4c0fd5__3e4a23a8-c0e7-4ce7-ae53-eeaf9f4c0fd5__vr1840__eeg1146__row215
3,3e4a23a8-c0e7-4ce7-ae53-eeaf9f4c0fd5__vr1841__eeg1147__row216,3e4a23a8-c0e7-4ce7-ae53-eeaf9f4c0fd5,2.4990158081054688,1.2459183931350708,1.253097414970398,outer_fold_3,3e4a23a8-c0e7-4ce7-ae53-eeaf9f4c0fd5__3e4a23a8-c0e7-4ce7-ae53-eeaf9f4c0fd5__vr1841__eeg1147__row216
3,3e4a23a8-c0e7-4ce7-ae53-eeaf9f4c0fd5__vr1842__eeg1148__row217,3e4a23a8-c0e7-4ce7-ae53-eeaf9f4c0fd5,7.617553234100342,6.776012897491455,0.8415403366088867,outer_fold_3,3e4a23a8-c0e7-4ce7-ae53-eeaf9f4c0fd5__3e4a23a8-c0e7-4ce7-ae53-eeaf9f4c0fd5__vr1842__eeg1148__row217
3,3e4a23a8-c0e7-4ce7-ae53-eeaf9f4c0fd5__vr1843__eeg1149__row218,3e4a23a8-c0e7-4ce7-ae53-eeaf9f4c0fd5,2.5606632232666016,2.5491714477539062,0.011491775512695312,outer_fold_3,3e4a23a8-c0e7-4ce7-ae53-eeaf9f4c0fd5__3e4a23a8-c0e7-4ce7-ae53-eeaf9f4c0fd5__vr1843__eeg1149__row218
3,3e4a23a8-c0e7-4ce7-ae53-eeaf9f4c0fd5__vr1844__eeg1150__row219,3e4a23a8-c0e7-4ce7-ae53-eeaf9f4c0fd5,3.044800043106079,3.9240026473999023,0.8792026042938232,outer_fold_3,3e4a23a8-c0e7-4ce7-ae53-eeaf9f4c0fd5__3e4a23a8-c0e7-4ce7-ae53-eeaf9f4c0fd5__vr1844__eeg1150__row219
3,3e4a23a8-c0e7-4ce7-ae53-eeaf9f4c0fd5__vr1845__eeg1151__row220,3e4a23a8-c0e7-4ce7-ae53-eeaf9f4c0fd5,4.4991865158081055,2.8114328384399414,1.687753677368164,outer_fold_3,3e4a23a8-c0e7-4ce7-ae53-eeaf9f4c0fd5__3e4a23a8-c0e7-4ce7-ae53-eeaf9f4c0fd5__vr1845__eeg1151__row220
3,3e4a23a8-c0e7-4ce7-ae53-eeaf9f4c0fd5__vr1846__eeg1152__row221,3e4a23a8-c0e7-4ce7-ae53-eeaf9f4c0fd5,12.061427116394045,9.967987060546877,2.093440055847168,outer_fold_3,3e4a23a8-c0e7-4ce7-ae53-eeaf9f4c0fd5__3e4a23a8-c0e7-4ce7-ae53-eeaf9f4c0fd5__vr1846__eeg1152__row221
3,3e4a23a8-c0e7-4ce7-ae53-eeaf9f4c0fd5__vr1847__eeg1153__row222,3e4a23a8-c0e7-4ce7-ae53-eeaf9f4c0fd5,7.118048667907715,5.48732852935791,1.6307201385498047,outer_fold_3,3e4a23a8-c0e7-4ce7-ae53-eeaf9f4c0fd5__3e4a23a8-c0e7-4ce7-ae53-eeaf9f4c0fd5__vr1847__eeg1153__row222
3,3e4a23a8-c0e7-4ce7-ae53-eeaf9f4c0fd5__vr1848__eeg1154__row223,3e4a23a8-c0e7-4ce7-ae53-eeaf9f4c0fd5,4.080175399780273,2.9402685165405273,1.139906883239746,outer_fold_3,3e4a23a8-c0e7-4ce7-ae53-eeaf9f4c0fd5__3e4a23a8-c0e7-4ce7-ae53-eeaf9f4c0fd5__vr1848__eeg1154__row223
3,3e4a23a8-c0e7-4ce7-ae53-eeaf9f4c0fd5__vr1849__eeg1155__row224,3e4a23a8-c0e7-4ce7-ae53-eeaf9f4c0fd5,10.492193222045898,7.053788661956787,3.4384045600891113,outer_fold_3,3e4a23a8-c0e7-4ce7-ae53-eeaf9f4c0fd5__3e4a23a8-c0e7-4ce7-ae53-eeaf9f4c0fd5__vr1849__eeg1155__row224
3,3e4a23a8-c0e7-4ce7-ae53-eeaf9f4c0fd5__vr1850__eeg1156__row225,3e4a23a8-c0e7-4ce7-ae53-eeaf9f4c0fd5,10.27590560913086,3.890319585800171,6.3855860233306885,outer_fold_3,3e4a23a8-c0e7-4ce7-ae53-eeaf9f4c0fd5__3e4a23a8-c0e7-4ce7-ae53-eeaf9f4c0fd5__vr1850__eeg1156__row225
3,3e4a23a8-c0e7-4ce7-ae53-eeaf9f4c0fd5__vr1851__eeg1157__row226,3e4a23a8-c0e7-4ce7-ae53-eeaf9f4c0fd5,6.524374961853027,2.551413059234619,3.972961902618408,outer_fold_3,3e4a23a8-c0e7-4ce7-ae53-eeaf9f4c0fd5__3e4a23a8-c0e7-4ce7-ae53-eeaf9f4c0fd5__vr1851__eeg1157__row226
3,3e4a23a8-c0e7-4ce7-ae53-eeaf9f4c0fd5__vr1852__eeg1158__row227,3e4a23a8-c0e7-4ce7-ae53-eeaf9f4c0fd5,9.88234043121338,4.446139335632324,5.4362010955810565,outer_fold_3,3e4a23a8-c0e7-4ce7-ae53-eeaf9f4c0fd5__3e4a23a8-c0e7-4ce7-ae53-eeaf9f4c0fd5__vr1852__eeg1158__row227
3,3e4a23a8-c0e7-4ce7-ae53-eeaf9f4c0fd5__vr1853__eeg1159__row228,3e4a23a8-c0e7-4ce7-ae53-eeaf9f4c0fd5,6.132561206817627,4.9263691902160645,1.2061920166015625,outer_fold_3,3e4a23a8-c0e7-4ce7-ae53-eeaf9f4c0fd5__3e4a23a8-c0e7-4ce7-ae53-eeaf9f4c0fd5__vr1853__eeg1159__row228
3,3e4a23a8-c0e7-4ce7-ae53-eeaf9f4c0fd5__vr1854__eeg1160__row229,3e4a23a8-c0e7-4ce7-ae53-eeaf9f4c0fd5,6.493249416351318,3.312678813934326,3.180570602416992,outer_fold_3,3e4a23a8-c0e7-4ce7-ae53-eeaf9f4c0fd5__3e4a23a8-c0e7-4ce7-ae53-eeaf9f4c0fd5__vr1854__eeg1160__row229
3,3e4a23a8-c0e7-4ce7-ae53-eeaf9f4c0fd5__vr1855__eeg1161__row230,3e4a23a8-c0e7-4ce7-ae53-eeaf9f4c0fd5,5.5957207679748535,3.923593282699585,1.6721274852752686,outer_fold_3,3e4a23a8-c0e7-4ce7-ae53-eeaf9f4c0fd5__3e4a23a8-c0e7-4ce7-ae53-eeaf9f4c0fd5__vr1855__eeg1161__row230
3,3e4a23a8-c0e7-4ce7-ae53-eeaf9f4c0fd5__vr1856__eeg1162__row231,3e4a23a8-c0e7-4ce7-ae53-eeaf9f4c0fd5,2.5477774143218994,1.2407983541488647,1.3069790601730347,outer_fold_3,3e4a23a8-c0e7-4ce7-ae53-eeaf9f4c0fd5__3e4a23a8-c0e7-4ce7-ae53-eeaf9f4c0fd5__vr1856__eeg1162__row231
3,3e4a23a8-c0e7-4ce7-ae53-eeaf9f4c0fd5__vr1857__eeg1163__row232,3e4a23a8-c0e7-4ce7-ae53-eeaf9f4c0fd5,7.674029350280762,6.100118637084961,1.5739107131958008,outer_fold_3,3e4a23a8-c0e7-4ce7-ae53-eeaf9f4c0fd5__3e4a23a8-c0e7-4ce7-ae53-eeaf9f4c0fd5__vr1857__eeg1163__row232
3,3e4a23a8-c0e7-4ce7-ae53-eeaf9f4c0fd5__vr1858__eeg1164__row233,3e4a23a8-c0e7-4ce7-ae53-eeaf9f4c0fd5,8.847686767578125,3.774481058120727,5.0732057094573975,outer_fold_3,3e4a23a8-c0e7-4ce7-ae53-eeaf9f4c0fd5__3e4a23a8-c0e7-4ce7-ae53-eeaf9f4c0fd5__vr1858__eeg1164__row233
3,3e4a23a8-c0e7-4ce7-ae53-eeaf9f4c0fd5__vr1859__eeg1165__row234,3e4a23a8-c0e7-4ce7-ae53-eeaf9f4c0fd5,6.369472503662109,6.176502704620361,0.19296979904174805,outer_fold_3,3e4a23a8-c0e7-4ce7-ae53-eeaf9f4c0fd5__3e4a23a8-c0e7-4ce7-ae53-eeaf9f4c0fd5__vr1859__eeg1165__row234
3,3e4a23a8-c0e7-4ce7-ae53-eeaf9f4c0fd5__vr1860__eeg1166__row235,3e4a23a8-c0e7-4ce7-ae53-eeaf9f4c0fd5,8.469624519348145,4.983068466186523,3.486556053161621,outer_fold_3,3e4a23a8-c0e7-4ce7-ae53-eeaf9f4c0fd5__3e4a23a8-c0e7-4ce7-ae53-eeaf9f4c0fd5__vr1860__eeg1166__row235
3,3e4a23a8-c0e7-4ce7-ae53-eeaf9f4c0fd5__vr1861__eeg1167__row236,3e4a23a8-c0e7-4ce7-ae53-eeaf9f4c0fd5,6.436661720275879,5.82356595993042,0.613095760345459,outer_fold_3,3e4a23a8-c0e7-4ce7-ae53-eeaf9f4c0fd5__3e4a23a8-c0e7-4ce7-ae53-eeaf9f4c0fd5__vr1861__eeg1167__row236
3,3e4a23a8-c0e7-4ce7-ae53-eeaf9f4c0fd5__vr1862__eeg1168__row237,3e4a23a8-c0e7-4ce7-ae53-eeaf9f4c0fd5,6.342558860778809,6.974982738494873,0.6324238777160645,outer_fold_3,3e4a23a8-c0e7-4ce7-ae53-eeaf9f4c0fd5__3e4a23a8-c0e7-4ce7-ae53-eeaf9f4c0fd5__vr1862__eeg1168__row237
3,3e4a23a8-c0e7-4ce7-ae53-eeaf9f4c0fd5__vr1863__eeg1169__row238,3e4a23a8-c0e7-4ce7-ae53-eeaf9f4c0fd5,2.5488193035125732,1.7415934801101685,0.8072258234024048,outer_fold_3,3e4a23a8-c0e7-4ce7-ae53-eeaf9f4c0fd5__3e4a23a8-c0e7-4ce7-ae53-eeaf9f4c0fd5__vr1863__eeg1169__row238
3,3e4a23a8-c0e7-4ce7-ae53-eeaf9f4c0fd5__vr1864__eeg1170__row239,3e4a23a8-c0e7-4ce7-ae53-eeaf9f4c0fd5,5.130220413208008,4.929924964904785,0.20029544830322266,outer_fold_3,3e4a23a8-c0e7-4ce7-ae53-eeaf9f4c0fd5__3e4a23a8-c0e7-4ce7-ae53-eeaf9f4c0fd5__vr1864__eeg1170__row239
3,3e4a23a8-c0e7-4ce7-ae53-eeaf9f4c0fd5__vr1865__eeg1171__row240,3e4a23a8-c0e7-4ce7-ae53-eeaf9f4c0fd5,4.25059700012207,2.887758255004883,1.3628387451171875,outer_fold_3,3e4a23a8-c0e7-4ce7-ae53-eeaf9f4c0fd5__3e4a23a8-c0e7-4ce7-ae53-eeaf9f4c0fd5__vr1865__eeg1171__row240
3,3e4a23a8-c0e7-4ce7-ae53-eeaf9f4c0fd5__vr1866__eeg1172__row241,3e4a23a8-c0e7-4ce7-ae53-eeaf9f4c0fd5,4.551211357116699,3.452878713607788,1.0983326435089111,outer_fold_3,3e4a23a8-c0e7-4ce7-ae53-eeaf9f4c0fd5__3e4a23a8-c0e7-4ce7-ae53-eeaf9f4c0fd5__vr1866__eeg1172__row241
3,3e4a23a8-c0e7-4ce7-ae53-eeaf9f4c0fd5__vr1867__eeg1173__row242,3e4a23a8-c0e7-4ce7-ae53-eeaf9f4c0fd5,6.858666896820068,5.276218414306641,1.5824484825134277,outer_fold_3,3e4a23a8-c0e7-4ce7-ae53-eeaf9f4c0fd5__3e4a23a8-c0e7-4ce7-ae53-eeaf9f4c0fd5__vr1867__eeg1173__row242
3,3e4a23a8-c0e7-4ce7-ae53-eeaf9f4c0fd5__vr1868__eeg1174__row243,3e4a23a8-c0e7-4ce7-ae53-eeaf9f4c0fd5,3.9823174476623535,4.721123218536377,0.7388057708740234,outer_fold_3,3e4a23a8-c0e7-4ce7-ae53-eeaf9f4c0fd5__3e4a23a8-c0e7-4ce7-ae53-eeaf9f4c0fd5__vr1868__eeg1174__row243
3,3e4a23a8-c0e7-4ce7-ae53-eeaf9f4c0fd5__vr1869__eeg1175__row244,3e4a23a8-c0e7-4ce7-ae53-eeaf9f4c0fd5,3.1212923526763916,1.7846471071243286,1.336645245552063,outer_fold_3,3e4a23a8-c0e7-4ce7-ae53-eeaf9f4c0fd5__3e4a23a8-c0e7-4ce7-ae53-eeaf9f4c0fd5__vr1869__eeg1175__row244
3,3e4a23a8-c0e7-4ce7-ae53-eeaf9f4c0fd5__vr1870__eeg1176__row245,3e4a23a8-c0e7-4ce7-ae53-eeaf9f4c0fd5,9.23629665374756,8.765012741088867,0.4712839126586932,outer_fold_3,3e4a23a8-c0e7-4ce7-ae53-eeaf9f4c0fd5__3e4a23a8-c0e7-4ce7-ae53-eeaf9f4c0fd5__vr1870__eeg1176__row245
3,52c3627d-635c-44b0-8eca-f1a6c372019d__vr52__eeg50__row247,52c3627d-635c-44b0-8eca-f1a6c372019d,3.76116156578064,4.204004287719727,0.44284272193908647,outer_fold_3,52c3627d-635c-44b0-8eca-f1a6c372019d__52c3627d-635c-44b0-8eca-f1a6c372019d__vr52__eeg50__row247
3,52c3627d-635c-44b0-8eca-f1a6c372019d__vr53__eeg51__row248,52c3627d-635c-44b0-8eca-f1a6c372019d,16.482839584350586,13.999784469604492,2.4830551147460938,outer_fold_3,52c3627d-635c-44b0-8eca-f1a6c372019d__52c3627d-635c-44b0-8eca-f1a6c372019d__vr53__eeg51__row248
3,52c3627d-635c-44b0-8eca-f1a6c372019d__vr54__eeg52__row249,52c3627d-635c-44b0-8eca-f1a6c372019d,3.911678552627563,4.875096797943115,0.9634182453155522,outer_fold_3,52c3627d-635c-44b0-8eca-f1a6c372019d__52c3627d-635c-44b0-8eca-f1a6c372019d__vr54__eeg52__row249
3,52c3627d-635c-44b0-8eca-f1a6c372019d__vr55__eeg53__row250,52c3627d-635c-44b0-8eca-f1a6c372019d,5.851516246795654,3.9552741050720215,1.8962421417236328,outer_fold_3,52c3627d-635c-44b0-8eca-f1a6c372019d__52c3627d-635c-44b0-8eca-f1a6c372019d__vr55__eeg53__row250
3,52c3627d-635c-44b0-8eca-f1a6c372019d__vr56__eeg54__row251,52c3627d-635c-44b0-8eca-f1a6c372019d,5.309010982513428,4.1768975257873535,1.1321134567260742,outer_fold_3,52c3627d-635c-44b0-8eca-f1a6c372019d__52c3627d-635c-44b0-8eca-f1a6c372019d__vr56__eeg54__row251
3,52c3627d-635c-44b0-8eca-f1a6c372019d__vr57__eeg55__row252,52c3627d-635c-44b0-8eca-f1a6c372019d,7.583644390106201,7.791396141052246,0.20775175094604492,outer_fold_3,52c3627d-635c-44b0-8eca-f1a6c372019d__52c3627d-635c-44b0-8eca-f1a6c372019d__vr57__eeg55__row252
3,52c3627d-635c-44b0-8eca-f1a6c372019d__vr58__eeg56__row253,52c3627d-635c-44b0-8eca-f1a6c372019d,13.678750991821287,12.140634536743164,1.5381164550781232,outer_fold_3,52c3627d-635c-44b0-8eca-f1a6c372019d__52c3627d-635c-44b0-8eca-f1a6c372019d__vr58__eeg56__row253
3,52c3627d-635c-44b0-8eca-f1a6c372019d__vr59__eeg57__row254,52c3627d-635c-44b0-8eca-f1a6c372019d,14.948195457458496,13.484800338745115,1.4633951187133807,outer_fold_3,52c3627d-635c-44b0-8eca-f1a6c372019d__52c3627d-635c-44b0-8eca-f1a6c372019d__vr59__eeg57__row254
3,52c3627d-635c-44b0-8eca-f1a6c372019d__vr60__eeg58__row255,52c3627d-635c-44b0-8eca-f1a6c372019d,14.84723949432373,12.582927703857422,2.2643117904663086,outer_fold_3,52c3627d-635c-44b0-8eca-f1a6c372019d__52c3627d-635c-44b0-8eca-f1a6c372019d__vr60__eeg58__row255
3,52c3627d-635c-44b0-8eca-f1a6c372019d__vr61__eeg59__row256,52c3627d-635c-44b0-8eca-f1a6c372019d,15.623098373413086,14.12855339050293,1.4945449829101562,outer_fold_3,52c3627d-635c-44b0-8eca-f1a6c372019d__52c3627d-635c-44b0-8eca-f1a6c372019d__vr61__eeg59__row256
3,52c3627d-635c-44b0-8eca-f1a6c372019d__vr62__eeg60__row257,52c3627d-635c-44b0-8eca-f1a6c372019d,6.895119667053223,9.778167724609377,2.883048057556154,outer_fold_3,52c3627d-635c-44b0-8eca-f1a6c372019d__52c3627d-635c-44b0-8eca-f1a6c372019d__vr62__eeg60__row257
3,52c3627d-635c-44b0-8eca-f1a6c372019d__vr63__eeg62__row258,52c3627d-635c-44b0-8eca-f1a6c372019d,9.9015531539917,11.81947135925293,1.9179182052612305,outer_fold_3,52c3627d-635c-44b0-8eca-f1a6c372019d__52c3627d-635c-44b0-8eca-f1a6c372019d__vr63__eeg62__row258
3,52c3627d-635c-44b0-8eca-f1a6c372019d__vr65__eeg64__row260,52c3627d-635c-44b0-8eca-f1a6c372019d,6.0122551918029785,7.449304580688477,1.437049388885498,outer_fold_3,52c3627d-635c-44b0-8eca-f1a6c372019d__52c3627d-635c-44b0-8eca-f1a6c372019d__vr65__eeg64__row260
3,52c3627d-635c-44b0-8eca-f1a6c372019d__vr66__eeg65__row261,52c3627d-635c-44b0-8eca-f1a6c372019d,4.675793647766113,4.668966770172119,0.006826877593994141,outer_fold_3,52c3627d-635c-44b0-8eca-f1a6c372019d__52c3627d-635c-44b0-8eca-f1a6c372019d__vr66__eeg65__row261
3,52c3627d-635c-44b0-8eca-f1a6c372019d__vr67__eeg66__row262,52c3627d-635c-44b0-8eca-f1a6c372019d,6.162478923797607,5.943909645080566,0.21856927871704102,outer_fold_3,52c3627d-635c-44b0-8eca-f1a6c372019d__52c3627d-635c-44b0-8eca-f1a6c372019d__vr67__eeg66__row262
3,52c3627d-635c-44b0-8eca-f1a6c372019d__vr68__eeg67__row263,52c3627d-635c-44b0-8eca-f1a6c372019d,2.5114920139312744,3.155832290649414,0.6443402767181396,outer_fold_3,52c3627d-635c-44b0-8eca-f1a6c372019d__52c3627d-635c-44b0-8eca-f1a6c372019d__vr68__eeg67__row263
3,52c3627d-635c-44b0-8eca-f1a6c372019d__vr69__eeg68__row264,52c3627d-635c-44b0-8eca-f1a6c372019d,9.82421588897705,8.255365371704102,1.5688505172729492,outer_fold_3,52c3627d-635c-44b0-8eca-f1a6c372019d__52c3627d-635c-44b0-8eca-f1a6c372019d__vr69__eeg68__row264
3,52c3627d-635c-44b0-8eca-f1a6c372019d__vr70__eeg69__row265,52c3627d-635c-44b0-8eca-f1a6c372019d,6.500377178192139,8.116462707519531,1.6160855293273926,outer_fold_3,52c3627d-635c-44b0-8eca-f1a6c372019d__52c3627d-635c-44b0-8eca-f1a6c372019d__vr70__eeg69__row265
3,52c3627d-635c-44b0-8eca-f1a6c372019d__vr71__eeg70__row266,52c3627d-635c-44b0-8eca-f1a6c372019d,14.853503227233888,14.89247226715088,0.03896903991699219,outer_fold_3,52c3627d-635c-44b0-8eca-f1a6c372019d__52c3627d-635c-44b0-8eca-f1a6c372019d__vr71__eeg70__row266
3,52c3627d-635c-44b0-8eca-f1a6c372019d__vr72__eeg71__row267,52c3627d-635c-44b0-8eca-f1a6c372019d,2.427711248397827,3.0284512042999268,0.6007399559020996,outer_fold_3,52c3627d-635c-44b0-8eca-f1a6c372019d__52c3627d-635c-44b0-8eca-f1a6c372019d__vr72__eeg71__row267
3,52c3627d-635c-44b0-8eca-f1a6c372019d__vr73__eeg72__row268,52c3627d-635c-44b0-8eca-f1a6c372019d,6.833391189575195,8.275731086730957,1.4423398971557617,outer_fold_3,52c3627d-635c-44b0-8eca-f1a6c372019d__52c3627d-635c-44b0-8eca-f1a6c372019d__vr73__eeg72__row268
3,52c3627d-635c-44b0-8eca-f1a6c372019d__vr74__eeg73__row269,52c3627d-635c-44b0-8eca-f1a6c372019d,9.002654075622559,9.011579513549805,0.008925437927246094,outer_fold_3,52c3627d-635c-44b0-8eca-f1a6c372019d__52c3627d-635c-44b0-8eca-f1a6c372019d__vr74__eeg73__row269
3,52c3627d-635c-44b0-8eca-f1a6c372019d__vr75__eeg74__row270,52c3627d-635c-44b0-8eca-f1a6c372019d,10.88266658782959,13.971052169799805,3.088385581970215,outer_fold_3,52c3627d-635c-44b0-8eca-f1a6c372019d__52c3627d-635c-44b0-8eca-f1a6c372019d__vr75__eeg74__row270
3,52c3627d-635c-44b0-8eca-f1a6c372019d__vr76__eeg75__row271,52c3627d-635c-44b0-8eca-f1a6c372019d,7.055686950683594,8.64981460571289,1.5941276550292969,outer_fold_3,52c3627d-635c-44b0-8eca-f1a6c372019d__52c3627d-635c-44b0-8eca-f1a6c372019d__vr76__eeg75__row271
3,52c3627d-635c-44b0-8eca-f1a6c372019d__vr77__eeg76__row272,52c3627d-635c-44b0-8eca-f1a6c372019d,8.079719543457031,7.40880012512207,0.6709194183349609,outer_fold_3,52c3627d-635c-44b0-8eca-f1a6c372019d__52c3627d-635c-44b0-8eca-f1a6c372019d__vr77__eeg76__row272
3,52c3627d-635c-44b0-8eca-f1a6c372019d__vr78__eeg77__row273,52c3627d-635c-44b0-8eca-f1a6c372019d,7.129210948944092,7.720763206481934,0.5915522575378418,outer_fold_3,52c3627d-635c-44b0-8eca-f1a6c372019d__52c3627d-635c-44b0-8eca-f1a6c372019d__vr78__eeg77__row273
3,52c3627d-635c-44b0-8eca-f1a6c372019d__vr79__eeg78__row274,52c3627d-635c-44b0-8eca-f1a6c372019d,4.0894856452941895,2.9919347763061523,1.097550868988037,outer_fold_3,52c3627d-635c-44b0-8eca-f1a6c372019d__52c3627d-635c-44b0-8eca-f1a6c372019d__vr79__eeg78__row274
3,52c3627d-635c-44b0-8eca-f1a6c372019d__vr80__eeg79__row275,52c3627d-635c-44b0-8eca-f1a6c372019d,10.695356369018556,8.643057823181152,2.052298545837404,outer_fold_3,52c3627d-635c-44b0-8eca-f1a6c372019d__52c3627d-635c-44b0-8eca-f1a6c372019d__vr80__eeg79__row275
3,52c3627d-635c-44b0-8eca-f1a6c372019d__vr81__eeg80__row276,52c3627d-635c-44b0-8eca-f1a6c372019d,3.0535144805908203,4.518826961517334,1.4653124809265137,outer_fold_3,52c3627d-635c-44b0-8eca-f1a6c372019d__52c3627d-635c-44b0-8eca-f1a6c372019d__vr81__eeg80__row276
3,52c3627d-635c-44b0-8eca-f1a6c372019d__vr82__eeg81__row277,52c3627d-635c-44b0-8eca-f1a6c372019d,4.797224998474121,4.4329023361206055,0.3643226623535156,outer_fold_3,52c3627d-635c-44b0-8eca-f1a6c372019d__52c3627d-635c-44b0-8eca-f1a6c372019d__vr82__eeg81__row277
3,52c3627d-635c-44b0-8eca-f1a6c372019d__vr83__eeg82__row278,52c3627d-635c-44b0-8eca-f1a6c372019d,4.84374475479126,11.238525390625,6.39478063583374,outer_fold_3,52c3627d-635c-44b0-8eca-f1a6c372019d__52c3627d-635c-44b0-8eca-f1a6c372019d__vr83__eeg82__row278
3,52c3627d-635c-44b0-8eca-f1a6c372019d__vr84__eeg83__row279,52c3627d-635c-44b0-8eca-f1a6c372019d,2.964622259140014,5.881784915924072,2.917162656784058,outer_fold_3,52c3627d-635c-44b0-8eca-f1a6c372019d__52c3627d-635c-44b0-8eca-f1a6c372019d__vr84__eeg83__row279
3,52c3627d-635c-44b0-8eca-f1a6c372019d__vr85__eeg84__row280,52c3627d-635c-44b0-8eca-f1a6c372019d,2.4338200092315674,2.973520278930664,0.5397002696990967,outer_fold_3,52c3627d-635c-44b0-8eca-f1a6c372019d__52c3627d-635c-44b0-8eca-f1a6c372019d__vr85__eeg84__row280
3,52c3627d-635c-44b0-8eca-f1a6c372019d__vr86__eeg85__row281,52c3627d-635c-44b0-8eca-f1a6c372019d,7.95559549331665,11.564061164855955,3.608465671539305,outer_fold_3,52c3627d-635c-44b0-8eca-f1a6c372019d__52c3627d-635c-44b0-8eca-f1a6c372019d__vr86__eeg85__row281
3,52c3627d-635c-44b0-8eca-f1a6c372019d__vr87__eeg86__row282,52c3627d-635c-44b0-8eca-f1a6c372019d,5.352081775665283,7.141000270843506,1.7889184951782227,outer_fold_3,52c3627d-635c-44b0-8eca-f1a6c372019d__52c3627d-635c-44b0-8eca-f1a6c372019d__vr87__eeg86__row282
3,52c3627d-635c-44b0-8eca-f1a6c372019d__vr88__eeg87__row283,52c3627d-635c-44b0-8eca-f1a6c372019d,3.6423749923706055,3.804951906204224,0.1625769138336186,outer_fold_3,52c3627d-635c-44b0-8eca-f1a6c372019d__52c3627d-635c-44b0-8eca-f1a6c372019d__vr88__eeg87__row283
3,52c3627d-635c-44b0-8eca-f1a6c372019d__vr89__eeg88__row284,52c3627d-635c-44b0-8eca-f1a6c372019d,5.774937152862549,3.709446907043457,2.065490245819092,outer_fold_3,52c3627d-635c-44b0-8eca-f1a6c372019d__52c3627d-635c-44b0-8eca-f1a6c372019d__vr89__eeg88__row284
3,52c3627d-635c-44b0-8eca-f1a6c372019d__vr90__eeg89__row285,52c3627d-635c-44b0-8eca-f1a6c372019d,2.442486047744751,3.9497437477111816,1.5072576999664307,outer_fold_3,52c3627d-635c-44b0-8eca-f1a6c372019d__52c3627d-635c-44b0-8eca-f1a6c372019d__vr90__eeg89__row285
3,52c3627d-635c-44b0-8eca-f1a6c372019d__vr91__eeg90__row286,52c3627d-635c-44b0-8eca-f1a6c372019d,3.7854270935058594,5.144654750823975,1.3592276573181152,outer_fold_3,52c3627d-635c-44b0-8eca-f1a6c372019d__52c3627d-635c-44b0-8eca-f1a6c372019d__vr91__eeg90__row286
3,52c3627d-635c-44b0-8eca-f1a6c372019d__vr92__eeg91__row287,52c3627d-635c-44b0-8eca-f1a6c372019d,6.966992378234863,5.262643337249756,1.7043490409851074,outer_fold_3,52c3627d-635c-44b0-8eca-f1a6c372019d__52c3627d-635c-44b0-8eca-f1a6c372019d__vr92__eeg91__row287
3,52c3627d-635c-44b0-8eca-f1a6c372019d__vr93__eeg92__row288,52c3627d-635c-44b0-8eca-f1a6c372019d,11.880000114440918,13.232488632202148,1.3524885177612305,outer_fold_3,52c3627d-635c-44b0-8eca-f1a6c372019d__52c3627d-635c-44b0-8eca-f1a6c372019d__vr93__eeg92__row288
3,52c3627d-635c-44b0-8eca-f1a6c372019d__vr94__eeg93__row289,52c3627d-635c-44b0-8eca-f1a6c372019d,12.285785675048828,8.907159805297852,3.3786258697509766,outer_fold_3,52c3627d-635c-44b0-8eca-f1a6c372019d__52c3627d-635c-44b0-8eca-f1a6c372019d__vr94__eeg93__row289
3,84a32360-b241-415e-9626-55dddd442162__vr10__eeg10__row314,84a32360-b241-415e-9626-55dddd442162,8.38607406616211,2.6021323204040527,5.783941745758057,outer_fold_3,84a32360-b241-415e-9626-55dddd442162__84a32360-b241-415e-9626-55dddd442162__vr10__eeg10__row314
3,84a32360-b241-415e-9626-55dddd442162__vr11__eeg11__row315,84a32360-b241-415e-9626-55dddd442162,3.6289522647857666,3.277331829071045,0.3516204357147217,outer_fold_3,84a32360-b241-415e-9626-55dddd442162__84a32360-b241-415e-9626-55dddd442162__vr11__eeg11__row315
3,84a32360-b241-415e-9626-55dddd442162__vr12__eeg12__row316,84a32360-b241-415e-9626-55dddd442162,4.225959300994873,5.245611667633057,1.0196523666381836,outer_fold_3,84a32360-b241-415e-9626-55dddd442162__84a32360-b241-415e-9626-55dddd442162__vr12__eeg12__row316
3,84a32360-b241-415e-9626-55dddd442162__vr13__eeg13__row317,84a32360-b241-415e-9626-55dddd442162,6.748180866241455,3.953052759170532,2.7951281070709233,outer_fold_3,84a32360-b241-415e-9626-55dddd442162__84a32360-b241-415e-9626-55dddd442162__vr13__eeg13__row317
3,84a32360-b241-415e-9626-55dddd442162__vr15__eeg14__row318,84a32360-b241-415e-9626-55dddd442162,3.288757085800171,3.186530590057373,0.10222649574279785,outer_fold_3,84a32360-b241-415e-9626-55dddd442162__84a32360-b241-415e-9626-55dddd442162__vr15__eeg14__row318
3,84a32360-b241-415e-9626-55dddd442162__vr16__eeg15__row319,84a32360-b241-415e-9626-55dddd442162,4.274791717529297,3.765524387359619,0.5092673301696777,outer_fold_3,84a32360-b241-415e-9626-55dddd442162__84a32360-b241-415e-9626-55dddd442162__vr16__eeg15__row319
3,84a32360-b241-415e-9626-55dddd442162__vr17__eeg16__row320,84a32360-b241-415e-9626-55dddd442162,12.220778465270996,10.75216007232666,1.468618392944336,outer_fold_3,84a32360-b241-415e-9626-55dddd442162__84a32360-b241-415e-9626-55dddd442162__vr17__eeg16__row320
3,84a32360-b241-415e-9626-55dddd442162__vr18__eeg17__row321,84a32360-b241-415e-9626-55dddd442162,4.379759788513184,3.524286985397339,0.8554728031158447,outer_fold_3,84a32360-b241-415e-9626-55dddd442162__84a32360-b241-415e-9626-55dddd442162__vr18__eeg17__row321
3,84a32360-b241-415e-9626-55dddd442162__vr19__eeg18__row322,84a32360-b241-415e-9626-55dddd442162,4.0839409828186035,4.076971530914307,0.006969451904296875,outer_fold_3,84a32360-b241-415e-9626-55dddd442162__84a32360-b241-415e-9626-55dddd442162__vr19__eeg18__row322
3,84a32360-b241-415e-9626-55dddd442162__vr1__eeg1__row305,84a32360-b241-415e-9626-55dddd442162,10.996214866638184,11.183009147644045,0.18679428100586115,outer_fold_3,84a32360-b241-415e-9626-55dddd442162__84a32360-b241-415e-9626-55dddd442162__vr1__eeg1__row305
3,84a32360-b241-415e-9626-55dddd442162__vr20__eeg19__row323,84a32360-b241-415e-9626-55dddd442162,1.6293689012527466,1.1346924304962158,0.49467647075653076,outer_fold_3,84a32360-b241-415e-9626-55dddd442162__84a32360-b241-415e-9626-55dddd442162__vr20__eeg19__row323
3,84a32360-b241-415e-9626-55dddd442162__vr21__eeg20__row324,84a32360-b241-415e-9626-55dddd442162,3.611884832382202,2.9555256366729736,0.6563591957092285,outer_fold_3,84a32360-b241-415e-9626-55dddd442162__84a32360-b241-415e-9626-55dddd442162__vr21__eeg20__row324
3,84a32360-b241-415e-9626-55dddd442162__vr22__eeg21__row325,84a32360-b241-415e-9626-55dddd442162,7.817599773406982,6.710348606109619,1.1072511672973633,outer_fold_3,84a32360-b241-415e-9626-55dddd442162__84a32360-b241-415e-9626-55dddd442162__vr22__eeg21__row325
3,84a32360-b241-415e-9626-55dddd442162__vr23__eeg22__row326,84a32360-b241-415e-9626-55dddd442162,13.683182716369627,10.823604583740234,2.8595781326293928,outer_fold_3,84a32360-b241-415e-9626-55dddd442162__84a32360-b241-415e-9626-55dddd442162__vr23__eeg22__row326
3,84a32360-b241-415e-9626-55dddd442162__vr24__eeg23__row327,84a32360-b241-415e-9626-55dddd442162,6.78373384475708,5.976304531097412,0.807429313659668,outer_fold_3,84a32360-b241-415e-9626-55dddd442162__84a32360-b241-415e-9626-55dddd442162__vr24__eeg23__row327
3,84a32360-b241-415e-9626-55dddd442162__vr25__eeg24__row328,84a32360-b241-415e-9626-55dddd442162,2.0029735565185547,2.7354702949523926,0.7324967384338379,outer_fold_3,84a32360-b241-415e-9626-55dddd442162__84a32360-b241-415e-9626-55dddd442162__vr25__eeg24__row328
3,84a32360-b241-415e-9626-55dddd442162__vr26__eeg25__row329,84a32360-b241-415e-9626-55dddd442162,6.916301727294922,5.930612087249756,0.985689640045166,outer_fold_3,84a32360-b241-415e-9626-55dddd442162__84a32360-b241-415e-9626-55dddd442162__vr26__eeg25__row329
3,84a32360-b241-415e-9626-55dddd442162__vr27__eeg26__row330,84a32360-b241-415e-9626-55dddd442162,5.699929714202881,4.180323123931885,1.519606590270996,outer_fold_3,84a32360-b241-415e-9626-55dddd442162__84a32360-b241-415e-9626-55dddd442162__vr27__eeg26__row330
3,84a32360-b241-415e-9626-55dddd442162__vr28__eeg27__row331,84a32360-b241-415e-9626-55dddd442162,3.2360174655914307,2.885324239730835,0.3506932258605957,outer_fold_3,84a32360-b241-415e-9626-55dddd442162__84a32360-b241-415e-9626-55dddd442162__vr28__eeg27__row331
3,84a32360-b241-415e-9626-55dddd442162__vr29__eeg28__row332,84a32360-b241-415e-9626-55dddd442162,5.72776460647583,4.398171901702881,1.3295927047729492,outer_fold_3,84a32360-b241-415e-9626-55dddd442162__84a32360-b241-415e-9626-55dddd442162__vr29__eeg28__row332
3,84a32360-b241-415e-9626-55dddd442162__vr2__eeg2__row306,84a32360-b241-415e-9626-55dddd442162,2.838127613067627,2.7916159629821777,0.04651165008544922,outer_fold_3,84a32360-b241-415e-9626-55dddd442162__84a32360-b241-415e-9626-55dddd442162__vr2__eeg2__row306
3,84a32360-b241-415e-9626-55dddd442162__vr30__eeg29__row333,84a32360-b241-415e-9626-55dddd442162,3.3299496173858643,2.5945441722869873,0.735405445098877,outer_fold_3,84a32360-b241-415e-9626-55dddd442162__84a32360-b241-415e-9626-55dddd442162__vr30__eeg29__row333
3,84a32360-b241-415e-9626-55dddd442162__vr3__eeg3__row307,84a32360-b241-415e-9626-55dddd442162,15.747224807739258,11.697104454040527,4.0501203536987305,outer_fold_3,84a32360-b241-415e-9626-55dddd442162__84a32360-b241-415e-9626-55dddd442162__vr3__eeg3__row307
3,84a32360-b241-415e-9626-55dddd442162__vr4__eeg4__row308,84a32360-b241-415e-9626-55dddd442162,5.731180191040039,3.1568450927734375,2.5743350982666016,outer_fold_3,84a32360-b241-415e-9626-55dddd442162__84a32360-b241-415e-9626-55dddd442162__vr4__eeg4__row308
3,84a32360-b241-415e-9626-55dddd442162__vr5__eeg5__row309,84a32360-b241-415e-9626-55dddd442162,6.0002899169921875,5.949731826782227,0.05055809020996094,outer_fold_3,84a32360-b241-415e-9626-55dddd442162__84a32360-b241-415e-9626-55dddd442162__vr5__eeg5__row309
3,84a32360-b241-415e-9626-55dddd442162__vr6__eeg6__row310,84a32360-b241-415e-9626-55dddd442162,3.8831803798675537,3.26377272605896,0.6194076538085938,outer_fold_3,84a32360-b241-415e-9626-55dddd442162__84a32360-b241-415e-9626-55dddd442162__vr6__eeg6__row310
3,84a32360-b241-415e-9626-55dddd442162__vr7__eeg7__row311,84a32360-b241-415e-9626-55dddd442162,7.369500160217285,5.6759233474731445,1.6935768127441406,outer_fold_3,84a32360-b241-415e-9626-55dddd442162__84a32360-b241-415e-9626-55dddd442162__vr7__eeg7__row311
3,84a32360-b241-415e-9626-55dddd442162__vr8__eeg8__row312,84a32360-b241-415e-9626-55dddd442162,6.4404706954956055,3.556434631347656,2.8840360641479497,outer_fold_3,84a32360-b241-415e-9626-55dddd442162__84a32360-b241-415e-9626-55dddd442162__vr8__eeg8__row312
3,84a32360-b241-415e-9626-55dddd442162__vr9__eeg9__row313,84a32360-b241-415e-9626-55dddd442162,3.781411647796631,4.486321926116943,0.7049102783203125,outer_fold_3,84a32360-b241-415e-9626-55dddd442162__84a32360-b241-415e-9626-55dddd442162__vr9__eeg9__row313
4,396f53e6-e4aa-4d49-861d-5cab0e380592__vr2054__eeg1229__row96,396f53e6-e4aa-4d49-861d-5cab0e380592,5.718794345855713,7.094799041748047,1.376004695892334,outer_fold_4,396f53e6-e4aa-4d49-861d-5cab0e380592__396f53e6-e4aa-4d49-861d-5cab0e380592__vr2054__eeg1229__row96
4,396f53e6-e4aa-4d49-861d-5cab0e380592__vr2055__eeg1230__row97,396f53e6-e4aa-4d49-861d-5cab0e380592,5.200503349304199,5.84847354888916,0.6479701995849609,outer_fold_4,396f53e6-e4aa-4d49-861d-5cab0e380592__396f53e6-e4aa-4d49-861d-5cab0e380592__vr2055__eeg1230__row97
4,396f53e6-e4aa-4d49-861d-5cab0e380592__vr2056__eeg1231__row98,396f53e6-e4aa-4d49-861d-5cab0e380592,5.362578392028809,4.715328693389893,0.647249698638916,outer_fold_4,396f53e6-e4aa-4d49-861d-5cab0e380592__396f53e6-e4aa-4d49-861d-5cab0e380592__vr2056__eeg1231__row98
4,396f53e6-e4aa-4d49-861d-5cab0e380592__vr2057__eeg1232__row99,396f53e6-e4aa-4d49-861d-5cab0e380592,3.9968512058258057,4.199803829193115,0.20295262336730957,outer_fold_4,396f53e6-e4aa-4d49-861d-5cab0e380592__396f53e6-e4aa-4d49-861d-5cab0e380592__vr2057__eeg1232__row99
4,396f53e6-e4aa-4d49-861d-5cab0e380592__vr2058__eeg1233__row100,396f53e6-e4aa-4d49-861d-5cab0e380592,6.2787861824035645,3.752392292022705,2.5263938903808594,outer_fold_4,396f53e6-e4aa-4d49-861d-5cab0e380592__396f53e6-e4aa-4d49-861d-5cab0e380592__vr2058__eeg1233__row100
4,396f53e6-e4aa-4d49-861d-5cab0e380592__vr2059__eeg1234__row101,396f53e6-e4aa-4d49-861d-5cab0e380592,4.443120002746582,3.205599069595337,1.2375209331512451,outer_fold_4,396f53e6-e4aa-4d49-861d-5cab0e380592__396f53e6-e4aa-4d49-861d-5cab0e380592__vr2059__eeg1234__row101
4,396f53e6-e4aa-4d49-861d-5cab0e380592__vr2060__eeg1235__row102,396f53e6-e4aa-4d49-861d-5cab0e380592,3.3038899898529053,3.01780104637146,0.2860889434814453,outer_fold_4,396f53e6-e4aa-4d49-861d-5cab0e380592__396f53e6-e4aa-4d49-861d-5cab0e380592__vr2060__eeg1235__row102
4,396f53e6-e4aa-4d49-861d-5cab0e380592__vr2061__eeg1236__row103,396f53e6-e4aa-4d49-861d-5cab0e380592,4.540800094604492,4.26490592956543,0.2758941650390625,outer_fold_4,396f53e6-e4aa-4d49-861d-5cab0e380592__396f53e6-e4aa-4d49-861d-5cab0e380592__vr2061__eeg1236__row103
4,396f53e6-e4aa-4d49-861d-5cab0e380592__vr2062__eeg1237__row104,396f53e6-e4aa-4d49-861d-5cab0e380592,4.815066814422607,3.1670072078704834,1.648059606552124,outer_fold_4,396f53e6-e4aa-4d49-861d-5cab0e380592__396f53e6-e4aa-4d49-861d-5cab0e380592__vr2062__eeg1237__row104
4,396f53e6-e4aa-4d49-861d-5cab0e380592__vr2063__eeg1238__row105,396f53e6-e4aa-4d49-861d-5cab0e380592,5.54763650894165,3.955755710601806,1.5918807983398442,outer_fold_4,396f53e6-e4aa-4d49-861d-5cab0e380592__396f53e6-e4aa-4d49-861d-5cab0e380592__vr2063__eeg1238__row105
4,396f53e6-e4aa-4d49-861d-5cab0e380592__vr2064__eeg1239__row106,396f53e6-e4aa-4d49-861d-5cab0e380592,7.076974868774414,5.472341537475586,1.6046333312988281,outer_fold_4,396f53e6-e4aa-4d49-861d-5cab0e380592__396f53e6-e4aa-4d49-861d-5cab0e380592__vr2064__eeg1239__row106
4,396f53e6-e4aa-4d49-861d-5cab0e380592__vr2065__eeg1240__row107,396f53e6-e4aa-4d49-861d-5cab0e380592,3.6356570720672607,2.8415000438690186,0.7941570281982422,outer_fold_4,396f53e6-e4aa-4d49-861d-5cab0e380592__396f53e6-e4aa-4d49-861d-5cab0e380592__vr2065__eeg1240__row107
4,396f53e6-e4aa-4d49-861d-5cab0e380592__vr2066__eeg1242__row108,396f53e6-e4aa-4d49-861d-5cab0e380592,3.9536538124084473,3.389463424682617,0.5641903877258301,outer_fold_4,396f53e6-e4aa-4d49-861d-5cab0e380592__396f53e6-e4aa-4d49-861d-5cab0e380592__vr2066__eeg1242__row108
4,396f53e6-e4aa-4d49-861d-5cab0e380592__vr2067__eeg1243__row109,396f53e6-e4aa-4d49-861d-5cab0e380592,2.253054141998291,2.0407440662384033,0.2123100757598877,outer_fold_4,396f53e6-e4aa-4d49-861d-5cab0e380592__396f53e6-e4aa-4d49-861d-5cab0e380592__vr2067__eeg1243__row109
4,396f53e6-e4aa-4d49-861d-5cab0e380592__vr2068__eeg1244__row110,396f53e6-e4aa-4d49-861d-5cab0e380592,5.00170373916626,5.361660003662109,0.3599562644958496,outer_fold_4,396f53e6-e4aa-4d49-861d-5cab0e380592__396f53e6-e4aa-4d49-861d-5cab0e380592__vr2068__eeg1244__row110
4,396f53e6-e4aa-4d49-861d-5cab0e380592__vr2069__eeg1245__row111,396f53e6-e4aa-4d49-861d-5cab0e380592,3.9639570713043217,3.530720472335815,0.43323659896850675,outer_fold_4,396f53e6-e4aa-4d49-861d-5cab0e380592__396f53e6-e4aa-4d49-861d-5cab0e380592__vr2069__eeg1245__row111
4,396f53e6-e4aa-4d49-861d-5cab0e380592__vr2070__eeg1246__row112,396f53e6-e4aa-4d49-861d-5cab0e380592,5.479082107543945,4.2801361083984375,1.1989459991455078,outer_fold_4,396f53e6-e4aa-4d49-861d-5cab0e380592__396f53e6-e4aa-4d49-861d-5cab0e380592__vr2070__eeg1246__row112
4,396f53e6-e4aa-4d49-861d-5cab0e380592__vr2071__eeg1247__row113,396f53e6-e4aa-4d49-861d-5cab0e380592,4.859846591949463,4.614763259887695,0.24508333206176758,outer_fold_4,396f53e6-e4aa-4d49-861d-5cab0e380592__396f53e6-e4aa-4d49-861d-5cab0e380592__vr2071__eeg1247__row113
4,396f53e6-e4aa-4d49-861d-5cab0e380592__vr2072__eeg1248__row114,396f53e6-e4aa-4d49-861d-5cab0e380592,3.320761203765869,3.4724667072296143,0.15170550346374512,outer_fold_4,396f53e6-e4aa-4d49-861d-5cab0e380592__396f53e6-e4aa-4d49-861d-5cab0e380592__vr2072__eeg1248__row114
4,396f53e6-e4aa-4d49-861d-5cab0e380592__vr2073__eeg1249__row115,396f53e6-e4aa-4d49-861d-5cab0e380592,2.024846076965332,2.2365200519561768,0.21167397499084473,outer_fold_4,396f53e6-e4aa-4d49-861d-5cab0e380592__396f53e6-e4aa-4d49-861d-5cab0e380592__vr2073__eeg1249__row115
4,396f53e6-e4aa-4d49-861d-5cab0e380592__vr2074__eeg1250__row116,396f53e6-e4aa-4d49-861d-5cab0e380592,5.991121292114258,5.788729190826416,0.2023921012878418,outer_fold_4,396f53e6-e4aa-4d49-861d-5cab0e380592__396f53e6-e4aa-4d49-861d-5cab0e380592__vr2074__eeg1250__row116
4,396f53e6-e4aa-4d49-861d-5cab0e380592__vr2075__eeg1251__row117,396f53e6-e4aa-4d49-861d-5cab0e380592,4.312926292419434,4.342312812805176,0.029386520385742188,outer_fold_4,396f53e6-e4aa-4d49-861d-5cab0e380592__396f53e6-e4aa-4d49-861d-5cab0e380592__vr2075__eeg1251__row117
4,396f53e6-e4aa-4d49-861d-5cab0e380592__vr2076__eeg1252__row118,396f53e6-e4aa-4d49-861d-5cab0e380592,4.753007411956787,5.244301795959473,0.49129438400268555,outer_fold_4,396f53e6-e4aa-4d49-861d-5cab0e380592__396f53e6-e4aa-4d49-861d-5cab0e380592__vr2076__eeg1252__row118
4,396f53e6-e4aa-4d49-861d-5cab0e380592__vr2077__eeg1253__row119,396f53e6-e4aa-4d49-861d-5cab0e380592,3.0313096046447754,3.326685667037964,0.2953760623931885,outer_fold_4,396f53e6-e4aa-4d49-861d-5cab0e380592__396f53e6-e4aa-4d49-861d-5cab0e380592__vr2077__eeg1253__row119
4,396f53e6-e4aa-4d49-861d-5cab0e380592__vr2078__eeg1254__row120,396f53e6-e4aa-4d49-861d-5cab0e380592,2.61564564704895,2.573931932449341,0.041713714599609375,outer_fold_4,396f53e6-e4aa-4d49-861d-5cab0e380592__396f53e6-e4aa-4d49-861d-5cab0e380592__vr2078__eeg1254__row120
4,396f53e6-e4aa-4d49-861d-5cab0e380592__vr2079__eeg1255__row121,396f53e6-e4aa-4d49-861d-5cab0e380592,3.2650256156921387,2.7197177410125732,0.5453078746795654,outer_fold_4,396f53e6-e4aa-4d49-861d-5cab0e380592__396f53e6-e4aa-4d49-861d-5cab0e380592__vr2079__eeg1255__row121
4,396f53e6-e4aa-4d49-861d-5cab0e380592__vr2080__eeg1256__row122,396f53e6-e4aa-4d49-861d-5cab0e380592,5.18302059173584,4.886024475097656,0.2969961166381836,outer_fold_4,396f53e6-e4aa-4d49-861d-5cab0e380592__396f53e6-e4aa-4d49-861d-5cab0e380592__vr2080__eeg1256__row122
4,396f53e6-e4aa-4d49-861d-5cab0e380592__vr2081__eeg1257__row123,396f53e6-e4aa-4d49-861d-5cab0e380592,3.9416263103485103,4.990699768066406,1.049073457717896,outer_fold_4,396f53e6-e4aa-4d49-861d-5cab0e380592__396f53e6-e4aa-4d49-861d-5cab0e380592__vr2081__eeg1257__row123
4,396f53e6-e4aa-4d49-861d-5cab0e380592__vr2082__eeg1258__row124,396f53e6-e4aa-4d49-861d-5cab0e380592,3.75931715965271,3.6326465606689458,0.1266705989837642,outer_fold_4,396f53e6-e4aa-4d49-861d-5cab0e380592__396f53e6-e4aa-4d49-861d-5cab0e380592__vr2082__eeg1258__row124
4,396f53e6-e4aa-4d49-861d-5cab0e380592__vr2083__eeg1259__row125,396f53e6-e4aa-4d49-861d-5cab0e380592,4.6502556800842285,3.84836220741272,0.8018934726715083,outer_fold_4,396f53e6-e4aa-4d49-861d-5cab0e380592__396f53e6-e4aa-4d49-861d-5cab0e380592__vr2083__eeg1259__row125
4,396f53e6-e4aa-4d49-861d-5cab0e380592__vr2084__eeg1260__row126,396f53e6-e4aa-4d49-861d-5cab0e380592,5.318871021270752,4.667730331420898,0.6511406898498535,outer_fold_4,396f53e6-e4aa-4d49-861d-5cab0e380592__396f53e6-e4aa-4d49-861d-5cab0e380592__vr2084__eeg1260__row126
4,396f53e6-e4aa-4d49-861d-5cab0e380592__vr2085__eeg1261__row127,396f53e6-e4aa-4d49-861d-5cab0e380592,5.494229316711426,4.698383331298828,0.7958459854125977,outer_fold_4,396f53e6-e4aa-4d49-861d-5cab0e380592__396f53e6-e4aa-4d49-861d-5cab0e380592__vr2085__eeg1261__row127
4,396f53e6-e4aa-4d49-861d-5cab0e380592__vr2086__eeg1262__row128,396f53e6-e4aa-4d49-861d-5cab0e380592,3.5257976055145264,2.8806426525115967,0.6451549530029297,outer_fold_4,396f53e6-e4aa-4d49-861d-5cab0e380592__396f53e6-e4aa-4d49-861d-5cab0e380592__vr2086__eeg1262__row128
4,396f53e6-e4aa-4d49-861d-5cab0e380592__vr2087__eeg1263__row129,396f53e6-e4aa-4d49-861d-5cab0e380592,4.794110298156738,4.384356498718262,0.40975379943847656,outer_fold_4,396f53e6-e4aa-4d49-861d-5cab0e380592__396f53e6-e4aa-4d49-861d-5cab0e380592__vr2087__eeg1263__row129
4,396f53e6-e4aa-4d49-861d-5cab0e380592__vr2088__eeg1264__row130,396f53e6-e4aa-4d49-861d-5cab0e380592,2.0711798667907715,2.595733880996704,0.5245540142059326,outer_fold_4,396f53e6-e4aa-4d49-861d-5cab0e380592__396f53e6-e4aa-4d49-861d-5cab0e380592__vr2088__eeg1264__row130
4,396f53e6-e4aa-4d49-861d-5cab0e380592__vr2089__eeg1265__row131,396f53e6-e4aa-4d49-861d-5cab0e380592,4.442166805267334,4.802746295928955,0.3605794906616211,outer_fold_4,396f53e6-e4aa-4d49-861d-5cab0e380592__396f53e6-e4aa-4d49-861d-5cab0e380592__vr2089__eeg1265__row131
4,396f53e6-e4aa-4d49-861d-5cab0e380592__vr2090__eeg1266__row132,396f53e6-e4aa-4d49-861d-5cab0e380592,4.138524532318115,4.527286529541016,0.3887619972229004,outer_fold_4,396f53e6-e4aa-4d49-861d-5cab0e380592__396f53e6-e4aa-4d49-861d-5cab0e380592__vr2090__eeg1266__row132
4,396f53e6-e4aa-4d49-861d-5cab0e380592__vr2091__eeg1267__row133,396f53e6-e4aa-4d49-861d-5cab0e380592,3.4983742237091064,3.865859270095825,0.36748504638671875,outer_fold_4,396f53e6-e4aa-4d49-861d-5cab0e380592__396f53e6-e4aa-4d49-861d-5cab0e380592__vr2091__eeg1267__row133
4,396f53e6-e4aa-4d49-861d-5cab0e380592__vr2092__eeg1268__row134,396f53e6-e4aa-4d49-861d-5cab0e380592,3.8968796730041504,4.548966407775879,0.6520867347717285,outer_fold_4,396f53e6-e4aa-4d49-861d-5cab0e380592__396f53e6-e4aa-4d49-861d-5cab0e380592__vr2092__eeg1268__row134
4,396f53e6-e4aa-4d49-861d-5cab0e380592__vr2093__eeg1269__row135,396f53e6-e4aa-4d49-861d-5cab0e380592,10.219409942626951,14.728548049926758,4.5091381072998065,outer_fold_4,396f53e6-e4aa-4d49-861d-5cab0e380592__396f53e6-e4aa-4d49-861d-5cab0e380592__vr2093__eeg1269__row135
4,396f53e6-e4aa-4d49-861d-5cab0e380592__vr2094__eeg1270__row136,396f53e6-e4aa-4d49-861d-5cab0e380592,7.165714263916016,7.55803918838501,0.39232492446899414,outer_fold_4,396f53e6-e4aa-4d49-861d-5cab0e380592__396f53e6-e4aa-4d49-861d-5cab0e380592__vr2094__eeg1270__row136
4,396f53e6-e4aa-4d49-861d-5cab0e380592__vr2095__eeg1271__row137,396f53e6-e4aa-4d49-861d-5cab0e380592,3.0131852626800537,3.2470815181732178,0.23389625549316406,outer_fold_4,396f53e6-e4aa-4d49-861d-5cab0e380592__396f53e6-e4aa-4d49-861d-5cab0e380592__vr2095__eeg1271__row137
4,396f53e6-e4aa-4d49-861d-5cab0e380592__vr2096__eeg1273__row138,396f53e6-e4aa-4d49-861d-5cab0e380592,3.909363031387329,3.88287901878357,0.02648401260375932,outer_fold_4,396f53e6-e4aa-4d49-861d-5cab0e380592__396f53e6-e4aa-4d49-861d-5cab0e380592__vr2096__eeg1273__row138
4,396f53e6-e4aa-4d49-861d-5cab0e380592__vr2097__eeg1274__row139,396f53e6-e4aa-4d49-861d-5cab0e380592,6.315927505493164,7.040184020996094,0.7242565155029297,outer_fold_4,396f53e6-e4aa-4d49-861d-5cab0e380592__396f53e6-e4aa-4d49-861d-5cab0e380592__vr2097__eeg1274__row139
4,396f53e6-e4aa-4d49-861d-5cab0e380592__vr2098__eeg1275__row140,396f53e6-e4aa-4d49-861d-5cab0e380592,6.179327011108398,4.277224540710449,1.9021024703979492,outer_fold_4,396f53e6-e4aa-4d49-861d-5cab0e380592__396f53e6-e4aa-4d49-861d-5cab0e380592__vr2098__eeg1275__row140
4,396f53e6-e4aa-4d49-861d-5cab0e380592__vr2099__eeg1276__row141,396f53e6-e4aa-4d49-861d-5cab0e380592,3.281809091567993,3.2844398021698,0.0026307106018066406,outer_fold_4,396f53e6-e4aa-4d49-861d-5cab0e380592__396f53e6-e4aa-4d49-861d-5cab0e380592__vr2099__eeg1276__row141
4,396f53e6-e4aa-4d49-861d-5cab0e380592__vr2100__eeg1277__row142,396f53e6-e4aa-4d49-861d-5cab0e380592,3.1189231872558594,3.7156264781951904,0.596703290939331,outer_fold_4,396f53e6-e4aa-4d49-861d-5cab0e380592__396f53e6-e4aa-4d49-861d-5cab0e380592__vr2100__eeg1277__row142
4,396f53e6-e4aa-4d49-861d-5cab0e380592__vr2101__eeg1278__row143,396f53e6-e4aa-4d49-861d-5cab0e380592,4.6146063804626465,4.264420509338379,0.3501858711242676,outer_fold_4,396f53e6-e4aa-4d49-861d-5cab0e380592__396f53e6-e4aa-4d49-861d-5cab0e380592__vr2101__eeg1278__row143
4,396f53e6-e4aa-4d49-861d-5cab0e380592__vr2102__eeg1279__row144,396f53e6-e4aa-4d49-861d-5cab0e380592,10.985241889953612,9.688261032104492,1.2969808578491193,outer_fold_4,396f53e6-e4aa-4d49-861d-5cab0e380592__396f53e6-e4aa-4d49-861d-5cab0e380592__vr2102__eeg1279__row144
4,396f53e6-e4aa-4d49-861d-5cab0e380592__vr2103__eeg1280__row145,396f53e6-e4aa-4d49-861d-5cab0e380592,3.3698294162750244,3.927148580551147,0.5573191642761226,outer_fold_4,396f53e6-e4aa-4d49-861d-5cab0e380592__396f53e6-e4aa-4d49-861d-5cab0e380592__vr2103__eeg1280__row145
4,396f53e6-e4aa-4d49-861d-5cab0e380592__vr2104__eeg1281__row146,396f53e6-e4aa-4d49-861d-5cab0e380592,6.192963123321533,7.864766597747803,1.6718034744262695,outer_fold_4,396f53e6-e4aa-4d49-861d-5cab0e380592__396f53e6-e4aa-4d49-861d-5cab0e380592__vr2104__eeg1281__row146
4,396f53e6-e4aa-4d49-861d-5cab0e380592__vr2105__eeg1282__row147,396f53e6-e4aa-4d49-861d-5cab0e380592,3.9497900009155273,4.585392475128174,0.6356024742126465,outer_fold_4,396f53e6-e4aa-4d49-861d-5cab0e380592__396f53e6-e4aa-4d49-861d-5cab0e380592__vr2105__eeg1282__row147
4,396f53e6-e4aa-4d49-861d-5cab0e380592__vr2106__eeg1283__row148,396f53e6-e4aa-4d49-861d-5cab0e380592,4.590579986572266,4.1186442375183105,0.4719357490539551,outer_fold_4,396f53e6-e4aa-4d49-861d-5cab0e380592__396f53e6-e4aa-4d49-861d-5cab0e380592__vr2106__eeg1283__row148
4,396f53e6-e4aa-4d49-861d-5cab0e380592__vr2107__eeg1284__row149,396f53e6-e4aa-4d49-861d-5cab0e380592,4.067803859710693,4.457849502563477,0.3900456428527832,outer_fold_4,396f53e6-e4aa-4d49-861d-5cab0e380592__396f53e6-e4aa-4d49-861d-5cab0e380592__vr2107__eeg1284__row149
4,396f53e6-e4aa-4d49-861d-5cab0e380592__vr2108__eeg1285__row150,396f53e6-e4aa-4d49-861d-5cab0e380592,3.1512508392333984,4.151969909667969,1.0007190704345703,outer_fold_4,396f53e6-e4aa-4d49-861d-5cab0e380592__396f53e6-e4aa-4d49-861d-5cab0e380592__vr2108__eeg1285__row150
4,396f53e6-e4aa-4d49-861d-5cab0e380592__vr2109__eeg1286__row151,396f53e6-e4aa-4d49-861d-5cab0e380592,4.298780918121338,5.9310503005981445,1.6322693824768066,outer_fold_4,396f53e6-e4aa-4d49-861d-5cab0e380592__396f53e6-e4aa-4d49-861d-5cab0e380592__vr2109__eeg1286__row151
4,396f53e6-e4aa-4d49-861d-5cab0e380592__vr2110__eeg1287__row152,396f53e6-e4aa-4d49-861d-5cab0e380592,2.162407875061035,1.841866970062256,0.3205409049987791,outer_fold_4,396f53e6-e4aa-4d49-861d-5cab0e380592__396f53e6-e4aa-4d49-861d-5cab0e380592__vr2110__eeg1287__row152
4,396f53e6-e4aa-4d49-861d-5cab0e380592__vr2111__eeg1288__row153,396f53e6-e4aa-4d49-861d-5cab0e380592,5.228307723999023,6.942707061767578,1.7143993377685547,outer_fold_4,396f53e6-e4aa-4d49-861d-5cab0e380592__396f53e6-e4aa-4d49-861d-5cab0e380592__vr2111__eeg1288__row153
4,396f53e6-e4aa-4d49-861d-5cab0e380592__vr2112__eeg1289__row154,396f53e6-e4aa-4d49-861d-5cab0e380592,3.4451494216918945,3.2729830741882324,0.1721663475036621,outer_fold_4,396f53e6-e4aa-4d49-861d-5cab0e380592__396f53e6-e4aa-4d49-861d-5cab0e380592__vr2112__eeg1289__row154
4,396f53e6-e4aa-4d49-861d-5cab0e380592__vr2113__eeg1290__row155,396f53e6-e4aa-4d49-861d-5cab0e380592,4.1773600578308105,4.511720657348633,0.33436059951782227,outer_fold_4,396f53e6-e4aa-4d49-861d-5cab0e380592__396f53e6-e4aa-4d49-861d-5cab0e380592__vr2113__eeg1290__row155
4,396f53e6-e4aa-4d49-861d-5cab0e380592__vr2114__eeg1291__row156,396f53e6-e4aa-4d49-861d-5cab0e380592,7.243657112121582,8.656041145324707,1.412384033203125,outer_fold_4,396f53e6-e4aa-4d49-861d-5cab0e380592__396f53e6-e4aa-4d49-861d-5cab0e380592__vr2114__eeg1291__row156
4,396f53e6-e4aa-4d49-861d-5cab0e380592__vr2115__eeg1292__row157,396f53e6-e4aa-4d49-861d-5cab0e380592,5.254351615905762,6.670965194702148,1.4166135787963867,outer_fold_4,396f53e6-e4aa-4d49-861d-5cab0e380592__396f53e6-e4aa-4d49-861d-5cab0e380592__vr2115__eeg1292__row157
4,396f53e6-e4aa-4d49-861d-5cab0e380592__vr2116__eeg1293__row158,396f53e6-e4aa-4d49-861d-5cab0e380592,5.950933456420898,5.99249792098999,0.0415644645690918,outer_fold_4,396f53e6-e4aa-4d49-861d-5cab0e380592__396f53e6-e4aa-4d49-861d-5cab0e380592__vr2116__eeg1293__row158
4,396f53e6-e4aa-4d49-861d-5cab0e380592__vr2117__eeg1294__row159,396f53e6-e4aa-4d49-861d-5cab0e380592,3.831929922103882,4.417122840881348,0.5851929187774658,outer_fold_4,396f53e6-e4aa-4d49-861d-5cab0e380592__396f53e6-e4aa-4d49-861d-5cab0e380592__vr2117__eeg1294__row159
4,396f53e6-e4aa-4d49-861d-5cab0e380592__vr2118__eeg1295__row160,396f53e6-e4aa-4d49-861d-5cab0e380592,10.278122901916504,10.277670860290527,0.0004520416259765625,outer_fold_4,396f53e6-e4aa-4d49-861d-5cab0e380592__396f53e6-e4aa-4d49-861d-5cab0e380592__vr2118__eeg1295__row160
4,74500da8-b16d-48c9-a573-2b507d395bbb__vr117__eeg116__row290,74500da8-b16d-48c9-a573-2b507d395bbb,6.851791858673096,4.846954345703125,2.0048375129699707,outer_fold_4,74500da8-b16d-48c9-a573-2b507d395bbb__74500da8-b16d-48c9-a573-2b507d395bbb__vr117__eeg116__row290
4,74500da8-b16d-48c9-a573-2b507d395bbb__vr118__eeg117__row291,74500da8-b16d-48c9-a573-2b507d395bbb,6.95442533493042,7.484653949737549,0.5302286148071289,outer_fold_4,74500da8-b16d-48c9-a573-2b507d395bbb__74500da8-b16d-48c9-a573-2b507d395bbb__vr118__eeg117__row291
4,74500da8-b16d-48c9-a573-2b507d395bbb__vr119__eeg118__row292,74500da8-b16d-48c9-a573-2b507d395bbb,8.39045238494873,5.821650981903076,2.5688014030456543,outer_fold_4,74500da8-b16d-48c9-a573-2b507d395bbb__74500da8-b16d-48c9-a573-2b507d395bbb__vr119__eeg118__row292
4,74500da8-b16d-48c9-a573-2b507d395bbb__vr120__eeg119__row293,74500da8-b16d-48c9-a573-2b507d395bbb,2.823524236679077,2.796227216720581,0.027297019958496094,outer_fold_4,74500da8-b16d-48c9-a573-2b507d395bbb__74500da8-b16d-48c9-a573-2b507d395bbb__vr120__eeg119__row293
4,74500da8-b16d-48c9-a573-2b507d395bbb__vr121__eeg120__row294,74500da8-b16d-48c9-a573-2b507d395bbb,3.97015380859375,3.849334955215454,0.1208188533782959,outer_fold_4,74500da8-b16d-48c9-a573-2b507d395bbb__74500da8-b16d-48c9-a573-2b507d395bbb__vr121__eeg120__row294
4,74500da8-b16d-48c9-a573-2b507d395bbb__vr122__eeg121__row295,74500da8-b16d-48c9-a573-2b507d395bbb,5.31333589553833,4.040402412414551,1.2729334831237793,outer_fold_4,74500da8-b16d-48c9-a573-2b507d395bbb__74500da8-b16d-48c9-a573-2b507d395bbb__vr122__eeg121__row295
4,74500da8-b16d-48c9-a573-2b507d395bbb__vr123__eeg122__row296,74500da8-b16d-48c9-a573-2b507d395bbb,3.483288288116455,2.0462467670440674,1.4370415210723877,outer_fold_4,74500da8-b16d-48c9-a573-2b507d395bbb__74500da8-b16d-48c9-a573-2b507d395bbb__vr123__eeg122__row296
4,74500da8-b16d-48c9-a573-2b507d395bbb__vr124__eeg123__row297,74500da8-b16d-48c9-a573-2b507d395bbb,5.708645343780518,3.520533800125122,2.1881115436553955,outer_fold_4,74500da8-b16d-48c9-a573-2b507d395bbb__74500da8-b16d-48c9-a573-2b507d395bbb__vr124__eeg123__row297
4,74500da8-b16d-48c9-a573-2b507d395bbb__vr125__eeg125__row298,74500da8-b16d-48c9-a573-2b507d395bbb,13.310199737548828,14.666571617126465,1.3563718795776367,outer_fold_4,74500da8-b16d-48c9-a573-2b507d395bbb__74500da8-b16d-48c9-a573-2b507d395bbb__vr125__eeg125__row298
4,74500da8-b16d-48c9-a573-2b507d395bbb__vr126__eeg126__row299,74500da8-b16d-48c9-a573-2b507d395bbb,7.13531494140625,4.996736526489258,2.138578414916992,outer_fold_4,74500da8-b16d-48c9-a573-2b507d395bbb__74500da8-b16d-48c9-a573-2b507d395bbb__vr126__eeg126__row299
4,74500da8-b16d-48c9-a573-2b507d395bbb__vr127__eeg127__row300,74500da8-b16d-48c9-a573-2b507d395bbb,16.089902877807617,14.521471977233888,1.5684309005737287,outer_fold_4,74500da8-b16d-48c9-a573-2b507d395bbb__74500da8-b16d-48c9-a573-2b507d395bbb__vr127__eeg127__row300
4,74500da8-b16d-48c9-a573-2b507d395bbb__vr128__eeg128__row301,74500da8-b16d-48c9-a573-2b507d395bbb,6.432186126708984,7.313223838806152,0.881037712097168,outer_fold_4,74500da8-b16d-48c9-a573-2b507d395bbb__74500da8-b16d-48c9-a573-2b507d395bbb__vr128__eeg128__row301
4,74500da8-b16d-48c9-a573-2b507d395bbb__vr129__eeg129__row302,74500da8-b16d-48c9-a573-2b507d395bbb,17.533370971679688,12.84083080291748,4.692540168762207,outer_fold_4,74500da8-b16d-48c9-a573-2b507d395bbb__74500da8-b16d-48c9-a573-2b507d395bbb__vr129__eeg129__row302
4,74500da8-b16d-48c9-a573-2b507d395bbb__vr130__eeg130__row303,74500da8-b16d-48c9-a573-2b507d395bbb,3.63163423538208,2.313629150390625,1.318005084991455,outer_fold_4,74500da8-b16d-48c9-a573-2b507d395bbb__74500da8-b16d-48c9-a573-2b507d395bbb__vr130__eeg130__row303
4,74500da8-b16d-48c9-a573-2b507d395bbb__vr131__eeg131__row304,74500da8-b16d-48c9-a573-2b507d395bbb,14.374823570251465,15.780783653259276,1.4059600830078107,outer_fold_4,74500da8-b16d-48c9-a573-2b507d395bbb__74500da8-b16d-48c9-a573-2b507d395bbb__vr131__eeg131__row304
4,957d4d90-5e33-448f-8662-9a27f6f2b66c__vr2121__eeg1297__row335,957d4d90-5e33-448f-8662-9a27f6f2b66c,6.738430023193359,5.91602897644043,0.8224010467529297,outer_fold_4,957d4d90-5e33-448f-8662-9a27f6f2b66c__957d4d90-5e33-448f-8662-9a27f6f2b66c__vr2121__eeg1297__row335
4,957d4d90-5e33-448f-8662-9a27f6f2b66c__vr2122__eeg1298__row336,957d4d90-5e33-448f-8662-9a27f6f2b66c,7.626527309417725,6.835277557373047,0.7912497520446777,outer_fold_4,957d4d90-5e33-448f-8662-9a27f6f2b66c__957d4d90-5e33-448f-8662-9a27f6f2b66c__vr2122__eeg1298__row336
4,957d4d90-5e33-448f-8662-9a27f6f2b66c__vr2123__eeg1299__row337,957d4d90-5e33-448f-8662-9a27f6f2b66c,4.459626197814941,2.1235477924346924,2.336078405380249,outer_fold_4,957d4d90-5e33-448f-8662-9a27f6f2b66c__957d4d90-5e33-448f-8662-9a27f6f2b66c__vr2123__eeg1299__row337
4,957d4d90-5e33-448f-8662-9a27f6f2b66c__vr2124__eeg1300__row338,957d4d90-5e33-448f-8662-9a27f6f2b66c,7.404247283935547,7.642434120178223,0.23818683624267578,outer_fold_4,957d4d90-5e33-448f-8662-9a27f6f2b66c__957d4d90-5e33-448f-8662-9a27f6f2b66c__vr2124__eeg1300__row338
4,957d4d90-5e33-448f-8662-9a27f6f2b66c__vr2125__eeg1301__row339,957d4d90-5e33-448f-8662-9a27f6f2b66c,2.623573303222656,2.452844619750977,0.1707286834716788,outer_fold_4,957d4d90-5e33-448f-8662-9a27f6f2b66c__957d4d90-5e33-448f-8662-9a27f6f2b66c__vr2125__eeg1301__row339
4,957d4d90-5e33-448f-8662-9a27f6f2b66c__vr2126__eeg1302__row340,957d4d90-5e33-448f-8662-9a27f6f2b66c,3.153761863708496,3.787151575088501,0.6333897113800049,outer_fold_4,957d4d90-5e33-448f-8662-9a27f6f2b66c__957d4d90-5e33-448f-8662-9a27f6f2b66c__vr2126__eeg1302__row340
4,957d4d90-5e33-448f-8662-9a27f6f2b66c__vr2127__eeg1303__row341,957d4d90-5e33-448f-8662-9a27f6f2b66c,3.178476095199585,2.8989081382751465,0.2795679569244385,outer_fold_4,957d4d90-5e33-448f-8662-9a27f6f2b66c__957d4d90-5e33-448f-8662-9a27f6f2b66c__vr2127__eeg1303__row341
4,957d4d90-5e33-448f-8662-9a27f6f2b66c__vr2128__eeg1304__row342,957d4d90-5e33-448f-8662-9a27f6f2b66c,4.618831634521484,4.674444198608398,0.05561256408691406,outer_fold_4,957d4d90-5e33-448f-8662-9a27f6f2b66c__957d4d90-5e33-448f-8662-9a27f6f2b66c__vr2128__eeg1304__row342
4,957d4d90-5e33-448f-8662-9a27f6f2b66c__vr2129__eeg1305__row343,957d4d90-5e33-448f-8662-9a27f6f2b66c,5.68492317199707,6.058382034301758,0.3734588623046875,outer_fold_4,957d4d90-5e33-448f-8662-9a27f6f2b66c__957d4d90-5e33-448f-8662-9a27f6f2b66c__vr2129__eeg1305__row343
4,957d4d90-5e33-448f-8662-9a27f6f2b66c__vr2130__eeg1306__row344,957d4d90-5e33-448f-8662-9a27f6f2b66c,5.222181797027588,5.063145160675049,0.15903663635253906,outer_fold_4,957d4d90-5e33-448f-8662-9a27f6f2b66c__957d4d90-5e33-448f-8662-9a27f6f2b66c__vr2130__eeg1306__row344
4,957d4d90-5e33-448f-8662-9a27f6f2b66c__vr2131__eeg1307__row345,957d4d90-5e33-448f-8662-9a27f6f2b66c,3.5713157653808594,2.180388927459717,1.3909268379211426,outer_fold_4,957d4d90-5e33-448f-8662-9a27f6f2b66c__957d4d90-5e33-448f-8662-9a27f6f2b66c__vr2131__eeg1307__row345
4,957d4d90-5e33-448f-8662-9a27f6f2b66c__vr2132__eeg1308__row346,957d4d90-5e33-448f-8662-9a27f6f2b66c,4.98837947845459,3.6499972343444824,1.3383822441101074,outer_fold_4,957d4d90-5e33-448f-8662-9a27f6f2b66c__957d4d90-5e33-448f-8662-9a27f6f2b66c__vr2132__eeg1308__row346
4,957d4d90-5e33-448f-8662-9a27f6f2b66c__vr2133__eeg1309__row347,957d4d90-5e33-448f-8662-9a27f6f2b66c,4.15277099609375,5.092912197113037,0.9401412010192871,outer_fold_4,957d4d90-5e33-448f-8662-9a27f6f2b66c__957d4d90-5e33-448f-8662-9a27f6f2b66c__vr2133__eeg1309__row347
4,957d4d90-5e33-448f-8662-9a27f6f2b66c__vr2134__eeg1310__row348,957d4d90-5e33-448f-8662-9a27f6f2b66c,4.056833744049072,4.290650844573975,0.23381710052490234,outer_fold_4,957d4d90-5e33-448f-8662-9a27f6f2b66c__957d4d90-5e33-448f-8662-9a27f6f2b66c__vr2134__eeg1310__row348
4,957d4d90-5e33-448f-8662-9a27f6f2b66c__vr2135__eeg1311__row349,957d4d90-5e33-448f-8662-9a27f6f2b66c,4.018272399902344,3.5090439319610596,0.5092284679412842,outer_fold_4,957d4d90-5e33-448f-8662-9a27f6f2b66c__957d4d90-5e33-448f-8662-9a27f6f2b66c__vr2135__eeg1311__row349
4,957d4d90-5e33-448f-8662-9a27f6f2b66c__vr2136__eeg1312__row350,957d4d90-5e33-448f-8662-9a27f6f2b66c,5.405508041381836,5.299647808074951,0.10586023330688477,outer_fold_4,957d4d90-5e33-448f-8662-9a27f6f2b66c__957d4d90-5e33-448f-8662-9a27f6f2b66c__vr2136__eeg1312__row350
4,957d4d90-5e33-448f-8662-9a27f6f2b66c__vr2137__eeg1313__row351,957d4d90-5e33-448f-8662-9a27f6f2b66c,5.349067211151123,4.567295551300049,0.7817716598510742,outer_fold_4,957d4d90-5e33-448f-8662-9a27f6f2b66c__957d4d90-5e33-448f-8662-9a27f6f2b66c__vr2137__eeg1313__row351
4,957d4d90-5e33-448f-8662-9a27f6f2b66c__vr2138__eeg1315__row352,957d4d90-5e33-448f-8662-9a27f6f2b66c,10.099898338317873,10.69299602508545,0.5930976867675763,outer_fold_4,957d4d90-5e33-448f-8662-9a27f6f2b66c__957d4d90-5e33-448f-8662-9a27f6f2b66c__vr2138__eeg1315__row352
4,957d4d90-5e33-448f-8662-9a27f6f2b66c__vr2139__eeg1316__row353,957d4d90-5e33-448f-8662-9a27f6f2b66c,5.605875015258789,5.431634902954102,0.1742401123046875,outer_fold_4,957d4d90-5e33-448f-8662-9a27f6f2b66c__957d4d90-5e33-448f-8662-9a27f6f2b66c__vr2139__eeg1316__row353
4,957d4d90-5e33-448f-8662-9a27f6f2b66c__vr2140__eeg1317__row354,957d4d90-5e33-448f-8662-9a27f6f2b66c,4.052325248718262,3.933699131011963,0.11862611770629883,outer_fold_4,957d4d90-5e33-448f-8662-9a27f6f2b66c__957d4d90-5e33-448f-8662-9a27f6f2b66c__vr2140__eeg1317__row354
4,957d4d90-5e33-448f-8662-9a27f6f2b66c__vr2141__eeg1318__row355,957d4d90-5e33-448f-8662-9a27f6f2b66c,8.39057445526123,4.532310962677002,3.8582634925842285,outer_fold_4,957d4d90-5e33-448f-8662-9a27f6f2b66c__957d4d90-5e33-448f-8662-9a27f6f2b66c__vr2141__eeg1318__row355
4,957d4d90-5e33-448f-8662-9a27f6f2b66c__vr2142__eeg1319__row356,957d4d90-5e33-448f-8662-9a27f6f2b66c,3.5181589126586914,2.9124786853790283,0.6056802272796631,outer_fold_4,957d4d90-5e33-448f-8662-9a27f6f2b66c__957d4d90-5e33-448f-8662-9a27f6f2b66c__vr2142__eeg1319__row356
4,957d4d90-5e33-448f-8662-9a27f6f2b66c__vr2143__eeg1320__row357,957d4d90-5e33-448f-8662-9a27f6f2b66c,2.7068734169006348,2.9649956226348877,0.25812220573425293,outer_fold_4,957d4d90-5e33-448f-8662-9a27f6f2b66c__957d4d90-5e33-448f-8662-9a27f6f2b66c__vr2143__eeg1320__row357
4,957d4d90-5e33-448f-8662-9a27f6f2b66c__vr2144__eeg1321__row358,957d4d90-5e33-448f-8662-9a27f6f2b66c,5.595096588134766,6.1082353591918945,0.5131387710571289,outer_fold_4,957d4d90-5e33-448f-8662-9a27f6f2b66c__957d4d90-5e33-448f-8662-9a27f6f2b66c__vr2144__eeg1321__row358
4,957d4d90-5e33-448f-8662-9a27f6f2b66c__vr2145__eeg1322__row359,957d4d90-5e33-448f-8662-9a27f6f2b66c,6.556363582611084,6.358542442321777,0.19782114028930664,outer_fold_4,957d4d90-5e33-448f-8662-9a27f6f2b66c__957d4d90-5e33-448f-8662-9a27f6f2b66c__vr2145__eeg1322__row359
4,957d4d90-5e33-448f-8662-9a27f6f2b66c__vr2146__eeg1323__row360,957d4d90-5e33-448f-8662-9a27f6f2b66c,3.860010862350464,3.0781702995300293,0.7818405628204346,outer_fold_4,957d4d90-5e33-448f-8662-9a27f6f2b66c__957d4d90-5e33-448f-8662-9a27f6f2b66c__vr2146__eeg1323__row360
4,957d4d90-5e33-448f-8662-9a27f6f2b66c__vr2147__eeg1324__row361,957d4d90-5e33-448f-8662-9a27f6f2b66c,4.202953338623047,4.6467132568359375,0.4437599182128906,outer_fold_4,957d4d90-5e33-448f-8662-9a27f6f2b66c__957d4d90-5e33-448f-8662-9a27f6f2b66c__vr2147__eeg1324__row361
4,957d4d90-5e33-448f-8662-9a27f6f2b66c__vr2148__eeg1325__row362,957d4d90-5e33-448f-8662-9a27f6f2b66c,3.0239999294281006,3.613478422164917,0.5894784927368164,outer_fold_4,957d4d90-5e33-448f-8662-9a27f6f2b66c__957d4d90-5e33-448f-8662-9a27f6f2b66c__vr2148__eeg1325__row362
4,957d4d90-5e33-448f-8662-9a27f6f2b66c__vr2149__eeg1326__row363,957d4d90-5e33-448f-8662-9a27f6f2b66c,3.2799012660980225,2.4594342708587646,0.8204669952392578,outer_fold_4,957d4d90-5e33-448f-8662-9a27f6f2b66c__957d4d90-5e33-448f-8662-9a27f6f2b66c__vr2149__eeg1326__row363
4,957d4d90-5e33-448f-8662-9a27f6f2b66c__vr2150__eeg1327__row364,957d4d90-5e33-448f-8662-9a27f6f2b66c,4.303738594055176,3.826530694961548,0.47720789909362793,outer_fold_4,957d4d90-5e33-448f-8662-9a27f6f2b66c__957d4d90-5e33-448f-8662-9a27f6f2b66c__vr2150__eeg1327__row364
4,957d4d90-5e33-448f-8662-9a27f6f2b66c__vr2151__eeg1328__row365,957d4d90-5e33-448f-8662-9a27f6f2b66c,5.0665998458862305,5.233393669128418,0.1667938232421875,outer_fold_4,957d4d90-5e33-448f-8662-9a27f6f2b66c__957d4d90-5e33-448f-8662-9a27f6f2b66c__vr2151__eeg1328__row365
4,957d4d90-5e33-448f-8662-9a27f6f2b66c__vr2152__eeg1329__row366,957d4d90-5e33-448f-8662-9a27f6f2b66c,13.85086154937744,11.693853378295898,2.157008171081541,outer_fold_4,957d4d90-5e33-448f-8662-9a27f6f2b66c__957d4d90-5e33-448f-8662-9a27f6f2b66c__vr2152__eeg1329__row366
4,c9a0db8e-8359-4a36-8e49-5080627736e3__vr359__eeg360__row664,c9a0db8e-8359-4a36-8e49-5080627736e3,13.357439994812012,7.962855339050293,5.394584655761719,outer_fold_4,c9a0db8e-8359-4a36-8e49-5080627736e3__c9a0db8e-8359-4a36-8e49-5080627736e3__vr359__eeg360__row664
4,c9a0db8e-8359-4a36-8e49-5080627736e3__vr360__eeg361__row665,c9a0db8e-8359-4a36-8e49-5080627736e3,5.276110649108887,7.735554695129395,2.4594440460205087,outer_fold_4,c9a0db8e-8359-4a36-8e49-5080627736e3__c9a0db8e-8359-4a36-8e49-5080627736e3__vr360__eeg361__row665
4,c9a0db8e-8359-4a36-8e49-5080627736e3__vr361__eeg362__row666,c9a0db8e-8359-4a36-8e49-5080627736e3,6.161089897155762,5.317719459533691,0.8433704376220703,outer_fold_4,c9a0db8e-8359-4a36-8e49-5080627736e3__c9a0db8e-8359-4a36-8e49-5080627736e3__vr361__eeg362__row666
4,c9a0db8e-8359-4a36-8e49-5080627736e3__vr362__eeg363__row667,c9a0db8e-8359-4a36-8e49-5080627736e3,5.056849956512451,5.677402973175049,0.6205530166625977,outer_fold_4,c9a0db8e-8359-4a36-8e49-5080627736e3__c9a0db8e-8359-4a36-8e49-5080627736e3__vr362__eeg363__row667
4,c9a0db8e-8359-4a36-8e49-5080627736e3__vr363__eeg364__row668,c9a0db8e-8359-4a36-8e49-5080627736e3,6.055304527282715,7.100345611572266,1.0450410842895508,outer_fold_4,c9a0db8e-8359-4a36-8e49-5080627736e3__c9a0db8e-8359-4a36-8e49-5080627736e3__vr363__eeg364__row668
4,c9a0db8e-8359-4a36-8e49-5080627736e3__vr364__eeg365__row669,c9a0db8e-8359-4a36-8e49-5080627736e3,8.915581703186035,7.338891983032227,1.5766897201538086,outer_fold_4,c9a0db8e-8359-4a36-8e49-5080627736e3__c9a0db8e-8359-4a36-8e49-5080627736e3__vr364__eeg365__row669
4,c9a0db8e-8359-4a36-8e49-5080627736e3__vr365__eeg366__row670,c9a0db8e-8359-4a36-8e49-5080627736e3,4.184662342071533,6.484478950500488,2.299816608428955,outer_fold_4,c9a0db8e-8359-4a36-8e49-5080627736e3__c9a0db8e-8359-4a36-8e49-5080627736e3__vr365__eeg366__row670
4,c9a0db8e-8359-4a36-8e49-5080627736e3__vr366__eeg367__row671,c9a0db8e-8359-4a36-8e49-5080627736e3,5.299386501312256,6.938385486602783,1.6389989852905273,outer_fold_4,c9a0db8e-8359-4a36-8e49-5080627736e3__c9a0db8e-8359-4a36-8e49-5080627736e3__vr366__eeg367__row671
4,c9a0db8e-8359-4a36-8e49-5080627736e3__vr367__eeg368__row672,c9a0db8e-8359-4a36-8e49-5080627736e3,5.56364631652832,5.838199615478516,0.2745532989501953,outer_fold_4,c9a0db8e-8359-4a36-8e49-5080627736e3__c9a0db8e-8359-4a36-8e49-5080627736e3__vr367__eeg368__row672
4,c9a0db8e-8359-4a36-8e49-5080627736e3__vr368__eeg369__row673,c9a0db8e-8359-4a36-8e49-5080627736e3,2.0515899658203125,4.099700927734375,2.0481109619140625,outer_fold_4,c9a0db8e-8359-4a36-8e49-5080627736e3__c9a0db8e-8359-4a36-8e49-5080627736e3__vr368__eeg369__row673
4,c9a0db8e-8359-4a36-8e49-5080627736e3__vr369__eeg370__row674,c9a0db8e-8359-4a36-8e49-5080627736e3,5.062517166137695,5.180581569671631,0.11806440353393555,outer_fold_4,c9a0db8e-8359-4a36-8e49-5080627736e3__c9a0db8e-8359-4a36-8e49-5080627736e3__vr369__eeg370__row674
4,c9a0db8e-8359-4a36-8e49-5080627736e3__vr370__eeg371__row675,c9a0db8e-8359-4a36-8e49-5080627736e3,6.67302131652832,4.353316307067871,2.319705009460449,outer_fold_4,c9a0db8e-8359-4a36-8e49-5080627736e3__c9a0db8e-8359-4a36-8e49-5080627736e3__vr370__eeg371__row675
4,c9a0db8e-8359-4a36-8e49-5080627736e3__vr371__eeg372__row676,c9a0db8e-8359-4a36-8e49-5080627736e3,5.839111328125,9.301249504089355,3.4621381759643555,outer_fold_4,c9a0db8e-8359-4a36-8e49-5080627736e3__c9a0db8e-8359-4a36-8e49-5080627736e3__vr371__eeg372__row676
4,c9a0db8e-8359-4a36-8e49-5080627736e3__vr372__eeg373__row677,c9a0db8e-8359-4a36-8e49-5080627736e3,6.258821487426758,6.686779975891113,0.42795848846435547,outer_fold_4,c9a0db8e-8359-4a36-8e49-5080627736e3__c9a0db8e-8359-4a36-8e49-5080627736e3__vr372__eeg373__row677
4,c9a0db8e-8359-4a36-8e49-5080627736e3__vr373__eeg374__row678,c9a0db8e-8359-4a36-8e49-5080627736e3,6.279709815979004,7.003883361816406,0.7241735458374023,outer_fold_4,c9a0db8e-8359-4a36-8e49-5080627736e3__c9a0db8e-8359-4a36-8e49-5080627736e3__vr373__eeg374__row678
4,c9a0db8e-8359-4a36-8e49-5080627736e3__vr374__eeg375__row679,c9a0db8e-8359-4a36-8e49-5080627736e3,6.1508965492248535,6.757767677307129,0.6068711280822754,outer_fold_4,c9a0db8e-8359-4a36-8e49-5080627736e3__c9a0db8e-8359-4a36-8e49-5080627736e3__vr374__eeg375__row679
4,c9a0db8e-8359-4a36-8e49-5080627736e3__vr375__eeg376__row680,c9a0db8e-8359-4a36-8e49-5080627736e3,7.362517833709717,6.842811107635498,0.5197067260742188,outer_fold_4,c9a0db8e-8359-4a36-8e49-5080627736e3__c9a0db8e-8359-4a36-8e49-5080627736e3__vr375__eeg376__row680
4,c9a0db8e-8359-4a36-8e49-5080627736e3__vr376__eeg377__row681,c9a0db8e-8359-4a36-8e49-5080627736e3,3.9600000381469727,5.069223403930664,1.1092233657836914,outer_fold_4,c9a0db8e-8359-4a36-8e49-5080627736e3__c9a0db8e-8359-4a36-8e49-5080627736e3__vr376__eeg377__row681
4,c9a0db8e-8359-4a36-8e49-5080627736e3__vr377__eeg378__row682,c9a0db8e-8359-4a36-8e49-5080627736e3,5.306129455566406,6.512694358825684,1.2065649032592773,outer_fold_4,c9a0db8e-8359-4a36-8e49-5080627736e3__c9a0db8e-8359-4a36-8e49-5080627736e3__vr377__eeg378__row682
4,c9a0db8e-8359-4a36-8e49-5080627736e3__vr378__eeg379__row683,c9a0db8e-8359-4a36-8e49-5080627736e3,2.898362874984741,3.9659037590026855,1.0675408840179443,outer_fold_4,c9a0db8e-8359-4a36-8e49-5080627736e3__c9a0db8e-8359-4a36-8e49-5080627736e3__vr378__eeg379__row683
4,c9a0db8e-8359-4a36-8e49-5080627736e3__vr379__eeg380__row684,c9a0db8e-8359-4a36-8e49-5080627736e3,4.155982494354248,4.395882606506348,0.2399001121520996,outer_fold_4,c9a0db8e-8359-4a36-8e49-5080627736e3__c9a0db8e-8359-4a36-8e49-5080627736e3__vr379__eeg380__row684
4,c9a0db8e-8359-4a36-8e49-5080627736e3__vr380__eeg381__row685,c9a0db8e-8359-4a36-8e49-5080627736e3,4.056585311889648,5.516395568847656,1.4598102569580078,outer_fold_4,c9a0db8e-8359-4a36-8e49-5080627736e3__c9a0db8e-8359-4a36-8e49-5080627736e3__vr380__eeg381__row685
4,c9a0db8e-8359-4a36-8e49-5080627736e3__vr381__eeg382__row686,c9a0db8e-8359-4a36-8e49-5080627736e3,6.855072498321533,6.021057605743408,0.834014892578125,outer_fold_4,c9a0db8e-8359-4a36-8e49-5080627736e3__c9a0db8e-8359-4a36-8e49-5080627736e3__vr381__eeg382__row686
4,c9a0db8e-8359-4a36-8e49-5080627736e3__vr382__eeg383__row687,c9a0db8e-8359-4a36-8e49-5080627736e3,13.32960033416748,11.091922760009766,2.237677574157715,outer_fold_4,c9a0db8e-8359-4a36-8e49-5080627736e3__c9a0db8e-8359-4a36-8e49-5080627736e3__vr382__eeg383__row687
4,c9a0db8e-8359-4a36-8e49-5080627736e3__vr383__eeg384__row688,c9a0db8e-8359-4a36-8e49-5080627736e3,5.201825141906738,5.318578243255615,0.11675310134887695,outer_fold_4,c9a0db8e-8359-4a36-8e49-5080627736e3__c9a0db8e-8359-4a36-8e49-5080627736e3__vr383__eeg384__row688
4,c9a0db8e-8359-4a36-8e49-5080627736e3__vr384__eeg385__row689,c9a0db8e-8359-4a36-8e49-5080627736e3,2.856740713119507,4.673072814941406,1.8163321018218994,outer_fold_4,c9a0db8e-8359-4a36-8e49-5080627736e3__c9a0db8e-8359-4a36-8e49-5080627736e3__vr384__eeg385__row689
4,c9a0db8e-8359-4a36-8e49-5080627736e3__vr385__eeg386__row690,c9a0db8e-8359-4a36-8e49-5080627736e3,3.385355234146118,4.4628682136535645,1.0775129795074463,outer_fold_4,c9a0db8e-8359-4a36-8e49-5080627736e3__c9a0db8e-8359-4a36-8e49-5080627736e3__vr385__eeg386__row690
4,c9a0db8e-8359-4a36-8e49-5080627736e3__vr386__eeg387__row691,c9a0db8e-8359-4a36-8e49-5080627736e3,2.710202217102051,3.330772638320923,0.6205704212188721,outer_fold_4,c9a0db8e-8359-4a36-8e49-5080627736e3__c9a0db8e-8359-4a36-8e49-5080627736e3__vr386__eeg387__row691
4,c9a0db8e-8359-4a36-8e49-5080627736e3__vr387__eeg388__row692,c9a0db8e-8359-4a36-8e49-5080627736e3,5.350104331970215,7.335499286651611,1.9853949546813965,outer_fold_4,c9a0db8e-8359-4a36-8e49-5080627736e3__c9a0db8e-8359-4a36-8e49-5080627736e3__vr387__eeg388__row692
4,c9a0db8e-8359-4a36-8e49-5080627736e3__vr388__eeg389__row693,c9a0db8e-8359-4a36-8e49-5080627736e3,1.998684883117676,3.1707987785339355,1.1721138954162595,outer_fold_4,c9a0db8e-8359-4a36-8e49-5080627736e3__c9a0db8e-8359-4a36-8e49-5080627736e3__vr388__eeg389__row693
4,c9a0db8e-8359-4a36-8e49-5080627736e3__vr389__eeg390__row694,c9a0db8e-8359-4a36-8e49-5080627736e3,8.249105453491211,6.088348388671875,2.160757064819336,outer_fold_4,c9a0db8e-8359-4a36-8e49-5080627736e3__c9a0db8e-8359-4a36-8e49-5080627736e3__vr389__eeg390__row694
4,c9a0db8e-8359-4a36-8e49-5080627736e3__vr390__eeg391__row695,c9a0db8e-8359-4a36-8e49-5080627736e3,5.18765926361084,5.71754264831543,0.5298833847045898,outer_fold_4,c9a0db8e-8359-4a36-8e49-5080627736e3__c9a0db8e-8359-4a36-8e49-5080627736e3__vr390__eeg391__row695
4,c9a0db8e-8359-4a36-8e49-5080627736e3__vr391__eeg392__row696,c9a0db8e-8359-4a36-8e49-5080627736e3,4.233409881591797,4.872082233428955,0.6386723518371582,outer_fold_4,c9a0db8e-8359-4a36-8e49-5080627736e3__c9a0db8e-8359-4a36-8e49-5080627736e3__vr391__eeg392__row696
4,c9a0db8e-8359-4a36-8e49-5080627736e3__vr392__eeg393__row697,c9a0db8e-8359-4a36-8e49-5080627736e3,6.298285484313965,5.796878337860107,0.5014071464538574,outer_fold_4,c9a0db8e-8359-4a36-8e49-5080627736e3__c9a0db8e-8359-4a36-8e49-5080627736e3__vr392__eeg393__row697
4,c9a0db8e-8359-4a36-8e49-5080627736e3__vr393__eeg394__row698,c9a0db8e-8359-4a36-8e49-5080627736e3,3.48075270652771,4.962669372558594,1.4819166660308838,outer_fold_4,c9a0db8e-8359-4a36-8e49-5080627736e3__c9a0db8e-8359-4a36-8e49-5080627736e3__vr393__eeg394__row698
4,c9a0db8e-8359-4a36-8e49-5080627736e3__vr394__eeg395__row699,c9a0db8e-8359-4a36-8e49-5080627736e3,3.5356364250183105,4.52508544921875,0.9894490242004395,outer_fold_4,c9a0db8e-8359-4a36-8e49-5080627736e3__c9a0db8e-8359-4a36-8e49-5080627736e3__vr394__eeg395__row699
4,c9a0db8e-8359-4a36-8e49-5080627736e3__vr395__eeg396__row700,c9a0db8e-8359-4a36-8e49-5080627736e3,4.350719928741455,4.266945838928223,0.08377408981323242,outer_fold_4,c9a0db8e-8359-4a36-8e49-5080627736e3__c9a0db8e-8359-4a36-8e49-5080627736e3__vr395__eeg396__row700
4,c9a0db8e-8359-4a36-8e49-5080627736e3__vr396__eeg397__row701,c9a0db8e-8359-4a36-8e49-5080627736e3,8.675929069519043,9.303125381469728,0.6271963119506854,outer_fold_4,c9a0db8e-8359-4a36-8e49-5080627736e3__c9a0db8e-8359-4a36-8e49-5080627736e3__vr396__eeg397__row701
4,c9a0db8e-8359-4a36-8e49-5080627736e3__vr397__eeg398__row702,c9a0db8e-8359-4a36-8e49-5080627736e3,5.3227338790893555,6.913393020629883,1.5906591415405273,outer_fold_4,c9a0db8e-8359-4a36-8e49-5080627736e3__c9a0db8e-8359-4a36-8e49-5080627736e3__vr397__eeg398__row702
4,c9a0db8e-8359-4a36-8e49-5080627736e3__vr398__eeg399__row703,c9a0db8e-8359-4a36-8e49-5080627736e3,4.946868419647217,6.900217056274414,1.9533486366271973,outer_fold_4,c9a0db8e-8359-4a36-8e49-5080627736e3__c9a0db8e-8359-4a36-8e49-5080627736e3__vr398__eeg399__row703
4,c9a0db8e-8359-4a36-8e49-5080627736e3__vr399__eeg400__row704,c9a0db8e-8359-4a36-8e49-5080627736e3,3.0525591373443604,4.424072265625,1.3715131282806396,outer_fold_4,c9a0db8e-8359-4a36-8e49-5080627736e3__c9a0db8e-8359-4a36-8e49-5080627736e3__vr399__eeg400__row704
4,c9a0db8e-8359-4a36-8e49-5080627736e3__vr400__eeg401__row705,c9a0db8e-8359-4a36-8e49-5080627736e3,8.201292991638184,8.509875297546387,0.3085823059082031,outer_fold_4,c9a0db8e-8359-4a36-8e49-5080627736e3__c9a0db8e-8359-4a36-8e49-5080627736e3__vr400__eeg401__row705
4,c9a0db8e-8359-4a36-8e49-5080627736e3__vr401__eeg402__row706,c9a0db8e-8359-4a36-8e49-5080627736e3,6.2050395011901855,6.832329273223877,0.6272897720336914,outer_fold_4,c9a0db8e-8359-4a36-8e49-5080627736e3__c9a0db8e-8359-4a36-8e49-5080627736e3__vr401__eeg402__row706
4,c9a0db8e-8359-4a36-8e49-5080627736e3__vr402__eeg403__row707,c9a0db8e-8359-4a36-8e49-5080627736e3,4.144911289215088,5.430809020996094,1.2858977317810059,outer_fold_4,c9a0db8e-8359-4a36-8e49-5080627736e3__c9a0db8e-8359-4a36-8e49-5080627736e3__vr402__eeg403__row707
4,c9a0db8e-8359-4a36-8e49-5080627736e3__vr403__eeg404__row708,c9a0db8e-8359-4a36-8e49-5080627736e3,4.126997947692871,4.644639015197754,0.5176410675048828,outer_fold_4,c9a0db8e-8359-4a36-8e49-5080627736e3__c9a0db8e-8359-4a36-8e49-5080627736e3__vr403__eeg404__row708
4,c9a0db8e-8359-4a36-8e49-5080627736e3__vr404__eeg405__row709,c9a0db8e-8359-4a36-8e49-5080627736e3,4.155054569244385,5.878495216369629,1.7234406471252441,outer_fold_4,c9a0db8e-8359-4a36-8e49-5080627736e3__c9a0db8e-8359-4a36-8e49-5080627736e3__vr404__eeg405__row709
4,c9a0db8e-8359-4a36-8e49-5080627736e3__vr405__eeg406__row710,c9a0db8e-8359-4a36-8e49-5080627736e3,6.493973255157471,5.787717819213867,0.7062554359436035,outer_fold_4,c9a0db8e-8359-4a36-8e49-5080627736e3__c9a0db8e-8359-4a36-8e49-5080627736e3__vr405__eeg406__row710
4,c9a0db8e-8359-4a36-8e49-5080627736e3__vr406__eeg407__row711,c9a0db8e-8359-4a36-8e49-5080627736e3,2.7415976524353027,4.894867897033691,2.1532702445983887,outer_fold_4,c9a0db8e-8359-4a36-8e49-5080627736e3__c9a0db8e-8359-4a36-8e49-5080627736e3__vr406__eeg407__row711
4,c9a0db8e-8359-4a36-8e49-5080627736e3__vr407__eeg408__row712,c9a0db8e-8359-4a36-8e49-5080627736e3,5.973870277404785,6.2779741287231445,0.3041038513183594,outer_fold_4,c9a0db8e-8359-4a36-8e49-5080627736e3__c9a0db8e-8359-4a36-8e49-5080627736e3__vr407__eeg408__row712
4,c9a0db8e-8359-4a36-8e49-5080627736e3__vr408__eeg409__row713,c9a0db8e-8359-4a36-8e49-5080627736e3,6.465353965759277,6.352114200592041,0.11323976516723633,outer_fold_4,c9a0db8e-8359-4a36-8e49-5080627736e3__c9a0db8e-8359-4a36-8e49-5080627736e3__vr408__eeg409__row713
4,c9a0db8e-8359-4a36-8e49-5080627736e3__vr409__eeg410__row714,c9a0db8e-8359-4a36-8e49-5080627736e3,4.026000022888184,4.585614204406738,0.5596141815185547,outer_fold_4,c9a0db8e-8359-4a36-8e49-5080627736e3__c9a0db8e-8359-4a36-8e49-5080627736e3__vr409__eeg410__row714
4,c9a0db8e-8359-4a36-8e49-5080627736e3__vr410__eeg411__row715,c9a0db8e-8359-4a36-8e49-5080627736e3,3.1898810863494873,4.444270133972168,1.2543890476226807,outer_fold_4,c9a0db8e-8359-4a36-8e49-5080627736e3__c9a0db8e-8359-4a36-8e49-5080627736e3__vr410__eeg411__row715
4,c9a0db8e-8359-4a36-8e49-5080627736e3__vr411__eeg412__row716,c9a0db8e-8359-4a36-8e49-5080627736e3,5.529743194580078,7.139040946960449,1.609297752380371,outer_fold_4,c9a0db8e-8359-4a36-8e49-5080627736e3__c9a0db8e-8359-4a36-8e49-5080627736e3__vr411__eeg412__row716
4,c9a0db8e-8359-4a36-8e49-5080627736e3__vr412__eeg413__row717,c9a0db8e-8359-4a36-8e49-5080627736e3,4.201868057250977,5.439451217651367,1.2375831604003906,outer_fold_4,c9a0db8e-8359-4a36-8e49-5080627736e3__c9a0db8e-8359-4a36-8e49-5080627736e3__vr412__eeg413__row717
4,c9a0db8e-8359-4a36-8e49-5080627736e3__vr413__eeg414__row718,c9a0db8e-8359-4a36-8e49-5080627736e3,5.775883197784424,6.165500640869141,0.3896174430847168,outer_fold_4,c9a0db8e-8359-4a36-8e49-5080627736e3__c9a0db8e-8359-4a36-8e49-5080627736e3__vr413__eeg414__row718
4,c9a0db8e-8359-4a36-8e49-5080627736e3__vr414__eeg415__row719,c9a0db8e-8359-4a36-8e49-5080627736e3,4.966392993927002,5.084020614624023,0.11762762069702148,outer_fold_4,c9a0db8e-8359-4a36-8e49-5080627736e3__c9a0db8e-8359-4a36-8e49-5080627736e3__vr414__eeg415__row719
4,c9a0db8e-8359-4a36-8e49-5080627736e3__vr415__eeg416__row720,c9a0db8e-8359-4a36-8e49-5080627736e3,11.533587455749512,9.233473777770996,2.3001136779785156,outer_fold_4,c9a0db8e-8359-4a36-8e49-5080627736e3__c9a0db8e-8359-4a36-8e49-5080627736e3__vr415__eeg416__row720
4,c9a0db8e-8359-4a36-8e49-5080627736e3__vr416__eeg417__row721,c9a0db8e-8359-4a36-8e49-5080627736e3,5.310928821563721,5.472531318664551,0.16160249710083008,outer_fold_4,c9a0db8e-8359-4a36-8e49-5080627736e3__c9a0db8e-8359-4a36-8e49-5080627736e3__vr416__eeg417__row721
4,c9a0db8e-8359-4a36-8e49-5080627736e3__vr417__eeg418__row722,c9a0db8e-8359-4a36-8e49-5080627736e3,3.1251063346862793,4.25869083404541,1.1335844993591309,outer_fold_4,c9a0db8e-8359-4a36-8e49-5080627736e3__c9a0db8e-8359-4a36-8e49-5080627736e3__vr417__eeg418__row722
4,c9a0db8e-8359-4a36-8e49-5080627736e3__vr418__eeg419__row723,c9a0db8e-8359-4a36-8e49-5080627736e3,8.214360237121582,6.976957321166992,1.2374029159545898,outer_fold_4,c9a0db8e-8359-4a36-8e49-5080627736e3__c9a0db8e-8359-4a36-8e49-5080627736e3__vr418__eeg419__row723
4,c9a0db8e-8359-4a36-8e49-5080627736e3__vr419__eeg420__row724,c9a0db8e-8359-4a36-8e49-5080627736e3,3.7007999420166016,5.541106700897217,1.8403067588806152,outer_fold_4,c9a0db8e-8359-4a36-8e49-5080627736e3__c9a0db8e-8359-4a36-8e49-5080627736e3__vr419__eeg420__row724
4,c9a0db8e-8359-4a36-8e49-5080627736e3__vr420__eeg421__row725,c9a0db8e-8359-4a36-8e49-5080627736e3,3.560664176940918,5.213560104370117,1.6528959274291992,outer_fold_4,c9a0db8e-8359-4a36-8e49-5080627736e3__c9a0db8e-8359-4a36-8e49-5080627736e3__vr420__eeg421__row725
4,c9a0db8e-8359-4a36-8e49-5080627736e3__vr421__eeg422__row726,c9a0db8e-8359-4a36-8e49-5080627736e3,7.229036808013916,8.416379928588867,1.1873431205749512,outer_fold_4,c9a0db8e-8359-4a36-8e49-5080627736e3__c9a0db8e-8359-4a36-8e49-5080627736e3__vr421__eeg422__row726
4,c9a0db8e-8359-4a36-8e49-5080627736e3__vr422__eeg423__row727,c9a0db8e-8359-4a36-8e49-5080627736e3,3.511706829071045,5.23515510559082,1.7234482765197754,outer_fold_4,c9a0db8e-8359-4a36-8e49-5080627736e3__c9a0db8e-8359-4a36-8e49-5080627736e3__vr422__eeg423__row727
4,c9a0db8e-8359-4a36-8e49-5080627736e3__vr423__eeg424__row728,c9a0db8e-8359-4a36-8e49-5080627736e3,3.1047122478485107,4.75295877456665,1.6482465267181396,outer_fold_4,c9a0db8e-8359-4a36-8e49-5080627736e3__c9a0db8e-8359-4a36-8e49-5080627736e3__vr423__eeg424__row728
4,c9a0db8e-8359-4a36-8e49-5080627736e3__vr424__eeg425__row729,c9a0db8e-8359-4a36-8e49-5080627736e3,2.542386531829834,4.219883918762207,1.677497386932373,outer_fold_4,c9a0db8e-8359-4a36-8e49-5080627736e3__c9a0db8e-8359-4a36-8e49-5080627736e3__vr424__eeg425__row729
4,c9a0db8e-8359-4a36-8e49-5080627736e3__vr425__eeg426__row730,c9a0db8e-8359-4a36-8e49-5080627736e3,2.8063063621520996,4.657064437866211,1.8507580757141113,outer_fold_4,c9a0db8e-8359-4a36-8e49-5080627736e3__c9a0db8e-8359-4a36-8e49-5080627736e3__vr425__eeg426__row730
4,c9a0db8e-8359-4a36-8e49-5080627736e3__vr426__eeg427__row731,c9a0db8e-8359-4a36-8e49-5080627736e3,5.956545829772949,5.448470115661621,0.5080757141113281,outer_fold_4,c9a0db8e-8359-4a36-8e49-5080627736e3__c9a0db8e-8359-4a36-8e49-5080627736e3__vr426__eeg427__row731
4,f43c63f7-4814-4cda-8fb8-a6a19cfbc342__vr1987__eeg1191__row777,f43c63f7-4814-4cda-8fb8-a6a19cfbc342,11.039402961730955,11.228487968444824,0.18908500671386896,outer_fold_4,f43c63f7-4814-4cda-8fb8-a6a19cfbc342__f43c63f7-4814-4cda-8fb8-a6a19cfbc342__vr1987__eeg1191__row777
4,f43c63f7-4814-4cda-8fb8-a6a19cfbc342__vr1988__eeg1192__row778,f43c63f7-4814-4cda-8fb8-a6a19cfbc342,7.766532897949219,3.68468165397644,4.081851243972778,outer_fold_4,f43c63f7-4814-4cda-8fb8-a6a19cfbc342__f43c63f7-4814-4cda-8fb8-a6a19cfbc342__vr1988__eeg1192__row778
4,f43c63f7-4814-4cda-8fb8-a6a19cfbc342__vr1989__eeg1193__row779,f43c63f7-4814-4cda-8fb8-a6a19cfbc342,7.189410209655762,6.105228424072266,1.084181785583496,outer_fold_4,f43c63f7-4814-4cda-8fb8-a6a19cfbc342__f43c63f7-4814-4cda-8fb8-a6a19cfbc342__vr1989__eeg1193__row779
4,f43c63f7-4814-4cda-8fb8-a6a19cfbc342__vr1990__eeg1194__row780,f43c63f7-4814-4cda-8fb8-a6a19cfbc342,14.94431209564209,8.732519149780273,6.211792945861816,outer_fold_4,f43c63f7-4814-4cda-8fb8-a6a19cfbc342__f43c63f7-4814-4cda-8fb8-a6a19cfbc342__vr1990__eeg1194__row780
4,f43c63f7-4814-4cda-8fb8-a6a19cfbc342__vr1991__eeg1195__row781,f43c63f7-4814-4cda-8fb8-a6a19cfbc342,2.843733310699463,1.5915828943252563,1.2521504163742065,outer_fold_4,f43c63f7-4814-4cda-8fb8-a6a19cfbc342__f43c63f7-4814-4cda-8fb8-a6a19cfbc342__vr1991__eeg1195__row781
4,f43c63f7-4814-4cda-8fb8-a6a19cfbc342__vr1992__eeg1196__row782,f43c63f7-4814-4cda-8fb8-a6a19cfbc342,4.8920817375183105,2.9085805416107178,1.9835011959075928,outer_fold_4,f43c63f7-4814-4cda-8fb8-a6a19cfbc342__f43c63f7-4814-4cda-8fb8-a6a19cfbc342__vr1992__eeg1196__row782
4,f43c63f7-4814-4cda-8fb8-a6a19cfbc342__vr1993__eeg1197__row783,f43c63f7-4814-4cda-8fb8-a6a19cfbc342,3.5199999809265137,2.9952690601348877,0.524730920791626,outer_fold_4,f43c63f7-4814-4cda-8fb8-a6a19cfbc342__f43c63f7-4814-4cda-8fb8-a6a19cfbc342__vr1993__eeg1197__row783
4,f43c63f7-4814-4cda-8fb8-a6a19cfbc342__vr1994__eeg1198__row784,f43c63f7-4814-4cda-8fb8-a6a19cfbc342,4.774096965789795,3.1713545322418213,1.6027424335479736,outer_fold_4,f43c63f7-4814-4cda-8fb8-a6a19cfbc342__f43c63f7-4814-4cda-8fb8-a6a19cfbc342__vr1994__eeg1198__row784
4,f43c63f7-4814-4cda-8fb8-a6a19cfbc342__vr1995__eeg1199__row785,f43c63f7-4814-4cda-8fb8-a6a19cfbc342,5.135558605194092,3.768198966979981,1.3673596382141109,outer_fold_4,f43c63f7-4814-4cda-8fb8-a6a19cfbc342__f43c63f7-4814-4cda-8fb8-a6a19cfbc342__vr1995__eeg1199__row785
4,f43c63f7-4814-4cda-8fb8-a6a19cfbc342__vr1996__eeg1200__row786,f43c63f7-4814-4cda-8fb8-a6a19cfbc342,4.416118621826172,2.272346258163452,2.1437723636627197,outer_fold_4,f43c63f7-4814-4cda-8fb8-a6a19cfbc342__f43c63f7-4814-4cda-8fb8-a6a19cfbc342__vr1996__eeg1200__row786
4,f43c63f7-4814-4cda-8fb8-a6a19cfbc342__vr1997__eeg1201__row787,f43c63f7-4814-4cda-8fb8-a6a19cfbc342,5.002366065979004,3.345566987991333,1.656799077987671,outer_fold_4,f43c63f7-4814-4cda-8fb8-a6a19cfbc342__f43c63f7-4814-4cda-8fb8-a6a19cfbc342__vr1997__eeg1201__row787
4,f43c63f7-4814-4cda-8fb8-a6a19cfbc342__vr1998__eeg1202__row788,f43c63f7-4814-4cda-8fb8-a6a19cfbc342,12.382452011108398,8.600852966308594,3.7815990447998047,outer_fold_4,f43c63f7-4814-4cda-8fb8-a6a19cfbc342__f43c63f7-4814-4cda-8fb8-a6a19cfbc342__vr1998__eeg1202__row788
4,f43c63f7-4814-4cda-8fb8-a6a19cfbc342__vr1999__eeg1203__row789,f43c63f7-4814-4cda-8fb8-a6a19cfbc342,9.090917587280272,8.304500579833984,0.7864170074462873,outer_fold_4,f43c63f7-4814-4cda-8fb8-a6a19cfbc342__f43c63f7-4814-4cda-8fb8-a6a19cfbc342__vr1999__eeg1203__row789
4,f43c63f7-4814-4cda-8fb8-a6a19cfbc342__vr2000__eeg1204__row790,f43c63f7-4814-4cda-8fb8-a6a19cfbc342,4.682796001434326,3.6471023559570312,1.035693645477295,outer_fold_4,f43c63f7-4814-4cda-8fb8-a6a19cfbc342__f43c63f7-4814-4cda-8fb8-a6a19cfbc342__vr2000__eeg1204__row790
4,f43c63f7-4814-4cda-8fb8-a6a19cfbc342__vr2001__eeg1205__row791,f43c63f7-4814-4cda-8fb8-a6a19cfbc342,3.7719645500183105,2.5547492504119873,1.2172152996063232,outer_fold_4,f43c63f7-4814-4cda-8fb8-a6a19cfbc342__f43c63f7-4814-4cda-8fb8-a6a19cfbc342__vr2001__eeg1205__row791
4,f43c63f7-4814-4cda-8fb8-a6a19cfbc342__vr2002__eeg1206__row792,f43c63f7-4814-4cda-8fb8-a6a19cfbc342,3.7196860313415527,3.47000789642334,0.2496781349182129,outer_fold_4,f43c63f7-4814-4cda-8fb8-a6a19cfbc342__f43c63f7-4814-4cda-8fb8-a6a19cfbc342__vr2002__eeg1206__row792
4,f43c63f7-4814-4cda-8fb8-a6a19cfbc342__vr2003__eeg1207__row793,f43c63f7-4814-4cda-8fb8-a6a19cfbc342,4.020022392272949,3.842625617980957,0.1773967742919922,outer_fold_4,f43c63f7-4814-4cda-8fb8-a6a19cfbc342__f43c63f7-4814-4cda-8fb8-a6a19cfbc342__vr2003__eeg1207__row793
4,f43c63f7-4814-4cda-8fb8-a6a19cfbc342__vr2004__eeg1208__row794,f43c63f7-4814-4cda-8fb8-a6a19cfbc342,7.303818702697754,5.795772552490234,1.5080461502075195,outer_fold_4,f43c63f7-4814-4cda-8fb8-a6a19cfbc342__f43c63f7-4814-4cda-8fb8-a6a19cfbc342__vr2004__eeg1208__row794
4,f43c63f7-4814-4cda-8fb8-a6a19cfbc342__vr2005__eeg1209__row795,f43c63f7-4814-4cda-8fb8-a6a19cfbc342,7.204380512237549,5.650740623474121,1.5536398887634277,outer_fold_4,f43c63f7-4814-4cda-8fb8-a6a19cfbc342__f43c63f7-4814-4cda-8fb8-a6a19cfbc342__vr2005__eeg1209__row795
4,f43c63f7-4814-4cda-8fb8-a6a19cfbc342__vr2006__eeg1210__row796,f43c63f7-4814-4cda-8fb8-a6a19cfbc342,2.9452075958251953,2.3010637760162354,0.64414381980896,outer_fold_4,f43c63f7-4814-4cda-8fb8-a6a19cfbc342__f43c63f7-4814-4cda-8fb8-a6a19cfbc342__vr2006__eeg1210__row796
4,f43c63f7-4814-4cda-8fb8-a6a19cfbc342__vr2007__eeg1211__row797,f43c63f7-4814-4cda-8fb8-a6a19cfbc342,4.676968574523926,2.4170095920562744,2.2599589824676514,outer_fold_4,f43c63f7-4814-4cda-8fb8-a6a19cfbc342__f43c63f7-4814-4cda-8fb8-a6a19cfbc342__vr2007__eeg1211__row797
4,f43c63f7-4814-4cda-8fb8-a6a19cfbc342__vr2008__eeg1212__row798,f43c63f7-4814-4cda-8fb8-a6a19cfbc342,2.576028823852539,2.66239333152771,0.0863645076751709,outer_fold_4,f43c63f7-4814-4cda-8fb8-a6a19cfbc342__f43c63f7-4814-4cda-8fb8-a6a19cfbc342__vr2008__eeg1212__row798
4,f43c63f7-4814-4cda-8fb8-a6a19cfbc342__vr2009__eeg1213__row799,f43c63f7-4814-4cda-8fb8-a6a19cfbc342,4.561245441436768,4.04319953918457,0.5180459022521973,outer_fold_4,f43c63f7-4814-4cda-8fb8-a6a19cfbc342__f43c63f7-4814-4cda-8fb8-a6a19cfbc342__vr2009__eeg1213__row799
4,f43c63f7-4814-4cda-8fb8-a6a19cfbc342__vr2010__eeg1214__row800,f43c63f7-4814-4cda-8fb8-a6a19cfbc342,3.218947410583496,2.3163082599639893,0.9026391506195068,outer_fold_4,f43c63f7-4814-4cda-8fb8-a6a19cfbc342__f43c63f7-4814-4cda-8fb8-a6a19cfbc342__vr2010__eeg1214__row800
4,f43c63f7-4814-4cda-8fb8-a6a19cfbc342__vr2011__eeg1215__row801,f43c63f7-4814-4cda-8fb8-a6a19cfbc342,7.659874439239502,4.906520843505859,2.7533535957336426,outer_fold_4,f43c63f7-4814-4cda-8fb8-a6a19cfbc342__f43c63f7-4814-4cda-8fb8-a6a19cfbc342__vr2011__eeg1215__row801
4,f43c63f7-4814-4cda-8fb8-a6a19cfbc342__vr2012__eeg1216__row802,f43c63f7-4814-4cda-8fb8-a6a19cfbc342,5.677978515625,3.633862257003784,2.044116258621216,outer_fold_4,f43c63f7-4814-4cda-8fb8-a6a19cfbc342__f43c63f7-4814-4cda-8fb8-a6a19cfbc342__vr2012__eeg1216__row802
4,f43c63f7-4814-4cda-8fb8-a6a19cfbc342__vr2013__eeg1217__row803,f43c63f7-4814-4cda-8fb8-a6a19cfbc342,5.211871147155762,2.6606204509735107,2.551250696182251,outer_fold_4,f43c63f7-4814-4cda-8fb8-a6a19cfbc342__f43c63f7-4814-4cda-8fb8-a6a19cfbc342__vr2013__eeg1217__row803
4,f43c63f7-4814-4cda-8fb8-a6a19cfbc342__vr2014__eeg1218__row804,f43c63f7-4814-4cda-8fb8-a6a19cfbc342,2.657097101211548,2.0836336612701416,0.5734634399414062,outer_fold_4,f43c63f7-4814-4cda-8fb8-a6a19cfbc342__f43c63f7-4814-4cda-8fb8-a6a19cfbc342__vr2014__eeg1218__row804
4,f43c63f7-4814-4cda-8fb8-a6a19cfbc342__vr2015__eeg1219__row805,f43c63f7-4814-4cda-8fb8-a6a19cfbc342,4.958761215209961,4.133935928344727,0.8248252868652344,outer_fold_4,f43c63f7-4814-4cda-8fb8-a6a19cfbc342__f43c63f7-4814-4cda-8fb8-a6a19cfbc342__vr2015__eeg1219__row805
4,f43c63f7-4814-4cda-8fb8-a6a19cfbc342__vr2016__eeg1220__row806,f43c63f7-4814-4cda-8fb8-a6a19cfbc342,5.218088626861572,3.421891927719116,1.796196699142456,outer_fold_4,f43c63f7-4814-4cda-8fb8-a6a19cfbc342__f43c63f7-4814-4cda-8fb8-a6a19cfbc342__vr2016__eeg1220__row806
4,f43c63f7-4814-4cda-8fb8-a6a19cfbc342__vr2017__eeg1221__row807,f43c63f7-4814-4cda-8fb8-a6a19cfbc342,6.782595157623291,4.247745513916016,2.5348496437072754,outer_fold_4,f43c63f7-4814-4cda-8fb8-a6a19cfbc342__f43c63f7-4814-4cda-8fb8-a6a19cfbc342__vr2017__eeg1221__row807
4,f43c63f7-4814-4cda-8fb8-a6a19cfbc342__vr2018__eeg1222__row808,f43c63f7-4814-4cda-8fb8-a6a19cfbc342,4.046530246734619,3.754453897476196,0.2920763492584233,outer_fold_4,f43c63f7-4814-4cda-8fb8-a6a19cfbc342__f43c63f7-4814-4cda-8fb8-a6a19cfbc342__vr2018__eeg1222__row808
4,f43c63f7-4814-4cda-8fb8-a6a19cfbc342__vr2019__eeg1223__row809,f43c63f7-4814-4cda-8fb8-a6a19cfbc342,3.9765543937683105,3.8634095191955566,0.1131448745727539,outer_fold_4,f43c63f7-4814-4cda-8fb8-a6a19cfbc342__f43c63f7-4814-4cda-8fb8-a6a19cfbc342__vr2019__eeg1223__row809
4,f43c63f7-4814-4cda-8fb8-a6a19cfbc342__vr2020__eeg1224__row810,f43c63f7-4814-4cda-8fb8-a6a19cfbc342,4.244264602661133,3.434962749481201,0.8093018531799316,outer_fold_4,f43c63f7-4814-4cda-8fb8-a6a19cfbc342__f43c63f7-4814-4cda-8fb8-a6a19cfbc342__vr2020__eeg1224__row810
4,f43c63f7-4814-4cda-8fb8-a6a19cfbc342__vr2021__eeg1225__row811,f43c63f7-4814-4cda-8fb8-a6a19cfbc342,2.531294107437134,2.296624183654785,0.23466992378234863,outer_fold_4,f43c63f7-4814-4cda-8fb8-a6a19cfbc342__f43c63f7-4814-4cda-8fb8-a6a19cfbc342__vr2021__eeg1225__row811
4,f43c63f7-4814-4cda-8fb8-a6a19cfbc342__vr2022__eeg1226__row812,f43c63f7-4814-4cda-8fb8-a6a19cfbc342,5.0547919273376465,4.698184013366699,0.35660791397094727,outer_fold_4,f43c63f7-4814-4cda-8fb8-a6a19cfbc342__f43c63f7-4814-4cda-8fb8-a6a19cfbc342__vr2022__eeg1226__row812
4,f43c63f7-4814-4cda-8fb8-a6a19cfbc342__vr2023__eeg1227__row813,f43c63f7-4814-4cda-8fb8-a6a19cfbc342,4.09869384765625,3.454756736755371,0.6439371109008789,outer_fold_4,f43c63f7-4814-4cda-8fb8-a6a19cfbc342__f43c63f7-4814-4cda-8fb8-a6a19cfbc342__vr2023__eeg1227__row813
4,f43c63f7-4814-4cda-8fb8-a6a19cfbc342__vr2024__eeg1228__row814,f43c63f7-4814-4cda-8fb8-a6a19cfbc342,4.232531547546387,4.233650207519531,0.0011186599731445312,outer_fold_4,f43c63f7-4814-4cda-8fb8-a6a19cfbc342__f43c63f7-4814-4cda-8fb8-a6a19cfbc342__vr2024__eeg1228__row814
