x,ecdf_true,ecdf_pred,signed_gap_true_minus_pred,abs_gap
0.3609197437763214,0.0,0.0012048192771084338,-0.0012048192771084338,0.0012048192771084338
0.9629877209663392,0.0,0.0024096385542168677,-0.0024096385542168677,0.0024096385542168677
1.1886578798294067,0.0,0.0036144578313253013,-0.0036144578313253013,0.0036144578313253013
1.2407983541488647,0.0,0.004819277108433735,-0.004819277108433735,0.004819277108433735
1.2459183931350708,0.0,0.006024096385542169,-0.006024096385542169,0.006024096385542169
1.2664200067520142,0.0,0.007228915662650603,-0.007228915662650603,0.007228915662650603
1.299432396888733,0.0,0.008433734939759036,-0.008433734939759036,0.008433734939759036
1.35662043094635,0.0,0.00963855421686747,-0.00963855421686747,0.00963855421686747
1.472422480583191,0.0,0.010843373493975903,-0.010843373493975903,0.010843373493975903
1.5915828943252563,0.0,0.012048192771084338,-0.012048192771084338,0.012048192771084338
1.606701135635376,0.0,0.01325301204819277,-0.01325301204819277,0.01325301204819277
1.62591290473938,0.0,0.014457831325301205,-0.014457831325301205,0.014457831325301205
1.6975125074386597,0.0,0.01566265060240964,-0.01566265060240964,0.01566265060240964
1.7150464057922363,0.0,0.016867469879518072,-0.016867469879518072,0.016867469879518072
1.734047532081604,0.0,0.018072289156626505,-0.018072289156626505,0.018072289156626505
1.7415934801101685,0.0,0.01927710843373494,-0.01927710843373494,0.01927710843373494
1.7846471071243286,0.0,0.020481927710843374,-0.020481927710843374,0.020481927710843374
1.799224853515625,0.0,0.021686746987951807,-0.021686746987951807,0.021686746987951807
1.841866970062256,0.0,0.02289156626506024,-0.02289156626506024,0.02289156626506024
1.8574291467666624,0.0,0.024096385542168676,-0.024096385542168676,0.024096385542168676
1.8894180059432983,0.0012048192771084338,0.024096385542168676,-0.022891566265060243,0.022891566265060243
1.891477108001709,0.0024096385542168677,0.024096385542168676,-0.021686746987951807,0.021686746987951807
1.8941848278045657,0.0024096385542168677,0.02530120481927711,-0.02289156626506024,0.02289156626506024
1.9041510820388792,0.0024096385542168677,0.02650602409638554,-0.024096385542168672,0.024096385542168672
1.9231276512145996,0.0036144578313253013,0.02650602409638554,-0.02289156626506024,0.02289156626506024
1.9429341554641724,0.0036144578313253013,0.027710843373493974,-0.024096385542168672,0.024096385542168672
1.9434434175491333,0.004819277108433735,0.027710843373493974,-0.02289156626506024,0.02289156626506024
1.944543719291687,0.006024096385542169,0.027710843373493974,-0.021686746987951804,0.021686746987951804
1.973299503326416,0.007228915662650603,0.027710843373493974,-0.02048192771084337,0.02048192771084337
1.998684883117676,0.008433734939759036,0.027710843373493974,-0.019277108433734938,0.019277108433734938
2.002713680267334,0.008433734939759036,0.02891566265060241,-0.020481927710843374,0.020481927710843374
2.0029735565185547,0.00963855421686747,0.02891566265060241,-0.019277108433734938,0.019277108433734938
2.006932020187378,0.010843373493975903,0.02891566265060241,-0.01807228915662651,0.01807228915662651
2.0107290744781494,0.012048192771084338,0.02891566265060241,-0.016867469879518072,0.016867469879518072
2.020087718963623,0.012048192771084338,0.030120481927710843,-0.018072289156626505,0.018072289156626505
2.024846076965332,0.01325301204819277,0.030120481927710843,-0.016867469879518072,0.016867469879518072
2.0407440662384033,0.01325301204819277,0.03132530120481928,-0.01807228915662651,0.01807228915662651
2.044722557067871,0.014457831325301205,0.03132530120481928,-0.016867469879518072,0.016867469879518072
2.0462467670440674,0.014457831325301205,0.03253012048192771,-0.018072289156626502,0.018072289156626502
2.0515899658203125,0.01566265060240964,0.03253012048192771,-0.01686746987951807,0.01686746987951807
2.056918144226074,0.016867469879518072,0.03253012048192771,-0.015662650602409636,0.015662650602409636
2.0633249282836914,0.018072289156626505,0.03253012048192771,-0.014457831325301203,0.014457831325301203
2.0711798667907715,0.01927710843373494,0.03253012048192771,-0.013253012048192767,0.013253012048192767
2.082034111022949,0.020481927710843374,0.03253012048192771,-0.012048192771084335,0.012048192771084335
2.0836336612701416,0.020481927710843374,0.033734939759036145,-0.01325301204819277,0.01325301204819277
2.105160713195801,0.021686746987951807,0.033734939759036145,-0.012048192771084338,0.012048192771084338
2.1235477924346924,0.021686746987951807,0.03493975903614458,-0.013253012048192774,0.013253012048192774
2.162407875061035,0.02289156626506024,0.03493975903614458,-0.012048192771084341,0.012048192771084341
2.1714072227478027,0.02289156626506024,0.03614457831325301,-0.01325301204819277,0.01325301204819277
2.1751794815063477,0.024096385542168676,0.03614457831325301,-0.012048192771084335,0.012048192771084335
2.180388927459717,0.024096385542168676,0.03734939759036145,-0.01325301204819277,0.01325301204819277
2.189948081970215,0.024096385542168676,0.03855421686746988,-0.014457831325301207,0.014457831325301207
2.1985442638397217,0.02530120481927711,0.03855421686746988,-0.013253012048192774,0.013253012048192774
2.2365200519561768,0.02530120481927711,0.03975903614457831,-0.014457831325301203,0.014457831325301203
2.250744581222534,0.02650602409638554,0.03975903614457831,-0.01325301204819277,0.01325301204819277
2.253054141998291,0.027710843373493974,0.03975903614457831,-0.012048192771084338,0.012048192771084338
2.2613019943237305,0.02891566265060241,0.03975903614457831,-0.010843373493975902,0.010843373493975902
2.272346258163452,0.02891566265060241,0.04096385542168675,-0.012048192771084338,0.012048192771084338
2.2754483222961426,0.02891566265060241,0.04216867469879518,-0.013253012048192767,0.013253012048192767
2.280198812484741,0.02891566265060241,0.043373493975903614,-0.014457831325301203,0.014457831325301203
2.2815916538238525,0.030120481927710843,0.043373493975903614,-0.01325301204819277,0.01325301204819277
2.286222219467163,0.03132530120481928,0.043373493975903614,-0.012048192771084335,0.012048192771084335
2.2930541038513184,0.03253012048192771,0.043373493975903614,-0.010843373493975905,0.010843373493975905
2.296624183654785,0.03253012048192771,0.04457831325301205,-0.012048192771084341,0.012048192771084341
2.2996363639831543,0.033734939759036145,0.04457831325301205,-0.010843373493975905,0.010843373493975905
2.3010637760162354,0.033734939759036145,0.04578313253012048,-0.012048192771084335,0.012048192771084335
2.313629150390625,0.033734939759036145,0.046987951807228916,-0.01325301204819277,0.01325301204819277
2.3163082599639893,0.033734939759036145,0.04819277108433735,-0.014457831325301207,0.014457831325301207
2.3394088745117188,0.03493975903614458,0.04819277108433735,-0.01325301204819277,0.01325301204819277
2.345381498336792,0.03614457831325301,0.04819277108433735,-0.012048192771084341,0.012048192771084341
2.3499319553375244,0.03614457831325301,0.04939759036144578,-0.01325301204819277,0.01325301204819277
2.392793893814087,0.03734939759036145,0.04939759036144578,-0.012048192771084335,0.012048192771084335
2.401393413543701,0.03734939759036145,0.05060240963855422,-0.01325301204819277,0.01325301204819277
2.410388708114624,0.03855421686746988,0.05060240963855422,-0.012048192771084335,0.012048192771084335
2.4170095920562744,0.03855421686746988,0.051807228915662654,-0.01325301204819277,0.01325301204819277
2.418658494949341,0.03975903614457831,0.051807228915662654,-0.012048192771084341,0.012048192771084341
2.423966646194458,0.04096385542168675,0.051807228915662654,-0.010843373493975905,0.010843373493975905
2.427457571029663,0.04216867469879518,0.051807228915662654,-0.009638554216867476,0.009638554216867476
2.427711248397827,0.043373493975903614,0.051807228915662654,-0.00843373493975904,0.00843373493975904
2.428800106048584,0.04457831325301205,0.051807228915662654,-0.0072289156626506035,0.0072289156626506035
2.4338200092315674,0.04578313253012048,0.051807228915662654,-0.006024096385542174,0.006024096385542174
2.4415266513824463,0.046987951807228916,0.051807228915662654,-0.004819277108433738,0.004819277108433738
2.442486047744751,0.04819277108433735,0.051807228915662654,-0.0036144578313253017,0.0036144578313253017
2.452844619750977,0.04819277108433735,0.05301204819277108,-0.004819277108433731,0.004819277108433731
2.4594342708587646,0.04819277108433735,0.05421686746987952,-0.006024096385542167,0.006024096385542167
2.4802515506744385,0.04939759036144578,0.05421686746987952,-0.004819277108433738,0.004819277108433738
2.4842092990875244,0.05060240963855422,0.05421686746987952,-0.0036144578313253017,0.0036144578313253017
2.497760772705078,0.05060240963855422,0.05542168674698795,-0.004819277108433731,0.004819277108433731
2.4990158081054688,0.051807228915662654,0.05542168674698795,-0.003614457831325295,0.003614457831325295
2.5024731159210205,0.051807228915662654,0.056626506024096385,-0.004819277108433731,0.004819277108433731
2.50447940826416,0.051807228915662654,0.05783132530120482,-0.006024096385542167,0.006024096385542167
2.5114920139312744,0.05301204819277108,0.05783132530120482,-0.004819277108433738,0.004819277108433738
2.531294107437134,0.05421686746987952,0.05783132530120482,-0.0036144578313253017,0.0036144578313253017
2.53439998626709,0.05542168674698795,0.05783132530120482,-0.0024096385542168725,0.0024096385542168725
2.5388870239257812,0.05542168674698795,0.05903614457831325,-0.0036144578313253017,0.0036144578313253017
2.542386531829834,0.056626506024096385,0.05903614457831325,-0.0024096385542168655,0.0024096385542168655
2.5477774143218994,0.05783132530120482,0.05903614457831325,-0.0012048192771084293,0.0012048192771084293
2.5488193035125732,0.05903614457831325,0.05903614457831325,0.0,0.0
2.5491714477539062,0.05903614457831325,0.060240963855421686,-0.0012048192771084362,0.0012048192771084362
2.551413059234619,0.05903614457831325,0.06144578313253012,-0.0024096385542168725,0.0024096385542168725
2.5547492504119873,0.05903614457831325,0.06265060240963856,-0.0036144578313253087,0.0036144578313253087
2.556666851043701,0.05903614457831325,0.06385542168674699,-0.004819277108433738,0.004819277108433738
2.5606632232666016,0.060240963855421686,0.06385542168674699,-0.0036144578313253017,0.0036144578313253017
2.5667223930358887,0.06144578313253012,0.06385542168674699,-0.0024096385542168655,0.0024096385542168655
2.5668282508850098,0.06265060240963856,0.06385542168674699,-0.0012048192771084293,0.0012048192771084293
2.573931932449341,0.06265060240963856,0.06506024096385542,-0.0024096385542168586,0.0024096385542168586
2.576028823852539,0.06385542168674699,0.06506024096385542,-0.0012048192771084293,0.0012048192771084293
2.5945441722869873,0.06385542168674699,0.06626506024096386,-0.0024096385542168725,0.0024096385542168725
2.595733880996704,0.06385542168674699,0.06746987951807229,-0.0036144578313253017,0.0036144578313253017
2.6021323204040527,0.06385542168674699,0.06867469879518072,-0.004819277108433731,0.004819277108433731
2.608527898788452,0.06385542168674699,0.06987951807228916,-0.006024096385542174,0.006024096385542174
2.609215497970581,0.06506024096385542,0.06987951807228916,-0.004819277108433745,0.004819277108433745
2.610367774963379,0.06506024096385542,0.07108433734939759,-0.006024096385542174,0.006024096385542174
2.61564564704895,0.06626506024096386,0.07108433734939759,-0.004819277108433731,0.004819277108433731
2.621441125869751,0.06626506024096386,0.07228915662650602,-0.00602409638554216,0.00602409638554216
2.623375654220581,0.06626506024096386,0.07349397590361446,-0.0072289156626506035,0.0072289156626506035
2.623573303222656,0.06746987951807229,0.07349397590361446,-0.006024096385542174,0.006024096385542174
2.633331298828125,0.06746987951807229,0.0746987951807229,-0.0072289156626506035,0.0072289156626506035
2.635376453399658,0.06867469879518072,0.0746987951807229,-0.006024096385542174,0.006024096385542174
2.640000104904175,0.06987951807228916,0.0746987951807229,-0.004819277108433731,0.004819277108433731
2.6403534412384033,0.06987951807228916,0.07590361445783132,-0.00602409638554216,0.00602409638554216
2.657097101211548,0.07108433734939759,0.07590361445783132,-0.004819277108433731,0.004819277108433731
2.6606204509735107,0.07108433734939759,0.07710843373493977,-0.006024096385542174,0.006024096385542174
2.661569356918335,0.07108433734939759,0.0783132530120482,-0.0072289156626506035,0.0072289156626506035
2.66239333152771,0.07108433734939759,0.07951807228915662,-0.008433734939759033,0.008433734939759033
2.6674466133117676,0.07108433734939759,0.08072289156626505,-0.009638554216867462,0.009638554216867462
2.6742024421691895,0.07228915662650602,0.08072289156626505,-0.008433734939759033,0.008433734939759033
2.6776089668273926,0.07349397590361446,0.08072289156626505,-0.00722891566265059,0.00722891566265059
2.6951255798339844,0.0746987951807229,0.08072289156626505,-0.00602409638554216,0.00602409638554216
2.695377826690674,0.07590361445783132,0.08072289156626505,-0.004819277108433731,0.004819277108433731
2.7036921977996826,0.07590361445783132,0.0819277108433735,-0.006024096385542174,0.006024096385542174
2.7068734169006348,0.07710843373493977,0.0819277108433735,-0.004819277108433731,0.004819277108433731
2.710202217102051,0.0783132530120482,0.0819277108433735,-0.0036144578313253017,0.0036144578313253017
2.71256685256958,0.0783132530120482,0.08313253012048193,-0.004819277108433731,0.004819277108433731
2.7197177410125732,0.0783132530120482,0.08433734939759036,-0.00602409638554216,0.00602409638554216
2.721608877182007,0.07951807228915662,0.08433734939759036,-0.004819277108433731,0.004819277108433731
2.723066568374634,0.07951807228915662,0.0855421686746988,-0.006024096385542174,0.006024096385542174
2.7248334884643555,0.07951807228915662,0.08674698795180723,-0.0072289156626506035,0.0072289156626506035
2.7253499031066895,0.07951807228915662,0.08795180722891566,-0.008433734939759033,0.008433734939759033
2.7301690578460693,0.08072289156626505,0.08795180722891566,-0.0072289156626506035,0.0072289156626506035
2.7311267852783203,0.0819277108433735,0.08795180722891566,-0.00602409638554216,0.00602409638554216
2.7354702949523926,0.0819277108433735,0.0891566265060241,-0.0072289156626506035,0.0072289156626506035
2.7415976524353027,0.08313253012048193,0.0891566265060241,-0.006024096385542174,0.006024096385542174
2.7731821537017822,0.08433734939759036,0.0891566265060241,-0.004819277108433745,0.004819277108433745
2.779232978820801,0.0855421686746988,0.0891566265060241,-0.0036144578313253017,0.0036144578313253017
2.7819573879241943,0.08674698795180723,0.0891566265060241,-0.0024096385542168725,0.0024096385542168725
2.7823047637939453,0.08795180722891566,0.0891566265060241,-0.0012048192771084432,0.0012048192771084432
2.783186435699463,0.0891566265060241,0.0891566265060241,0.0,0.0
2.7857964038848877,0.0891566265060241,0.09036144578313253,-0.0012048192771084293,0.0012048192771084293
2.7901387214660645,0.09036144578313253,0.09036144578313253,0.0,0.0
2.7912676334381104,0.09036144578313253,0.09156626506024096,-0.0012048192771084293,0.0012048192771084293
2.7916159629821777,0.09036144578313253,0.0927710843373494,-0.0024096385542168725,0.0024096385542168725
2.796227216720581,0.09036144578313253,0.09397590361445783,-0.0036144578313253017,0.0036144578313253017
2.796781539916992,0.09156626506024096,0.09397590361445783,-0.0024096385542168725,0.0024096385542168725
2.8032562732696533,0.0927710843373494,0.09397590361445783,-0.0012048192771084293,0.0012048192771084293
2.8063063621520996,0.09397590361445783,0.09397590361445783,0.0,0.0
2.809534788131714,0.09518072289156626,0.09397590361445783,0.0012048192771084293,0.0012048192771084293
2.8114328384399414,0.09518072289156626,0.09518072289156626,0.0,0.0
2.8176777362823486,0.09518072289156626,0.0963855421686747,-0.0012048192771084432,0.0012048192771084432
2.823524236679077,0.0963855421686747,0.0963855421686747,0.0,0.0
2.827148199081421,0.0963855421686747,0.09759036144578313,-0.0012048192771084293,0.0012048192771084293
2.8301031589508057,0.0963855421686747,0.09879518072289156,-0.0024096385542168586,0.0024096385542168586
2.838127613067627,0.09759036144578313,0.09879518072289156,-0.0012048192771084293,0.0012048192771084293
2.8415000438690186,0.09759036144578313,0.1,-0.0024096385542168725,0.0024096385542168725
2.843733310699463,0.09879518072289156,0.1,-0.0012048192771084432,0.0012048192771084432
2.8531041145324707,0.1,0.1,0.0,0.0
2.856740713119507,0.10120481927710843,0.1,0.0012048192771084293,0.0012048192771084293
2.858241558074951,0.10120481927710843,0.10120481927710843,0.0,0.0
2.8664307594299316,0.10240963855421686,0.10120481927710843,0.0012048192771084293,0.0012048192771084293
2.8713207244873047,0.10240963855421686,0.10240963855421686,0.0,0.0
2.874454975128174,0.10361445783132531,0.10240963855421686,0.0012048192771084432,0.0012048192771084432
2.8747963905334473,0.10361445783132531,0.10361445783132531,0.0,0.0
2.8764736652374268,0.10361445783132531,0.10481927710843374,-0.0012048192771084293,0.0012048192771084293
2.877469539642334,0.10481927710843374,0.10481927710843374,0.0,0.0
2.8806426525115967,0.10481927710843374,0.10602409638554217,-0.0012048192771084293,0.0012048192771084293
2.88090181350708,0.10481927710843374,0.10722891566265061,-0.0024096385542168725,0.0024096385542168725
2.885324239730835,0.10481927710843374,0.10843373493975904,-0.0036144578313253017,0.0036144578313253017
2.887758255004883,0.10481927710843374,0.10963855421686747,-0.004819277108433731,0.004819277108433731
2.888028383255005,0.10602409638554217,0.10963855421686747,-0.0036144578313253017,0.0036144578313253017
2.898362874984741,0.10722891566265061,0.10963855421686747,-0.0024096385542168586,0.0024096385542168586
2.8989081382751465,0.10722891566265061,0.1108433734939759,-0.003614457831325288,0.003614457831325288
2.904283046722412,0.10722891566265061,0.11204819277108434,-0.004819277108433731,0.004819277108433731
2.9085805416107178,0.10722891566265061,0.11325301204819277,-0.00602409638554216,0.00602409638554216
2.9124786853790283,0.10722891566265061,0.1144578313253012,-0.00722891566265059,0.00722891566265059
2.921461582183838,0.10722891566265061,0.11566265060240964,-0.008433734939759033,0.008433734939759033
2.9241783618927,0.10843373493975904,0.11566265060240964,-0.0072289156626506035,0.0072289156626506035
2.9402685165405273,0.10843373493975904,0.11686746987951807,-0.008433734939759033,0.008433734939759033
2.9452075958251953,0.10963855421686747,0.11686746987951807,-0.0072289156626506035,0.0072289156626506035
2.9555256366729736,0.10963855421686747,0.1180722891566265,-0.008433734939759033,0.008433734939759033
2.964622259140014,0.1108433734939759,0.1180722891566265,-0.0072289156626506035,0.0072289156626506035
2.9649956226348877,0.1108433734939759,0.11927710843373494,-0.008433734939759047,0.008433734939759047
2.965627670288086,0.11204819277108434,0.11927710843373494,-0.0072289156626506035,0.0072289156626506035
2.973520278930664,0.11204819277108434,0.12048192771084337,-0.008433734939759033,0.008433734939759033
2.973868608474731,0.11325301204819277,0.12048192771084337,-0.0072289156626506035,0.0072289156626506035
2.97721004486084,0.1144578313253012,0.12048192771084337,-0.006024096385542174,0.006024096385542174
2.9919347763061523,0.1144578313253012,0.1216867469879518,-0.0072289156626506035,0.0072289156626506035
2.993086338043213,0.11566265060240964,0.1216867469879518,-0.00602409638554216,0.00602409638554216
2.9952690601348877,0.11566265060240964,0.12289156626506025,-0.0072289156626506035,0.0072289156626506035
2.996680736541748,0.11686746987951807,0.12289156626506025,-0.006024096385542174,0.006024096385542174
3.0034520626068115,0.1180722891566265,0.12289156626506025,-0.004819277108433745,0.004819277108433745
3.0131852626800537,0.11927710843373494,0.12289156626506025,-0.0036144578313253017,0.0036144578313253017
3.01780104637146,0.11927710843373494,0.12409638554216867,-0.004819277108433731,0.004819277108433731
3.0239999294281006,0.12048192771084337,0.12409638554216867,-0.0036144578313253017,0.0036144578313253017
3.0284512042999268,0.12048192771084337,0.12530120481927712,-0.004819277108433745,0.004819277108433745
3.0296471118927,0.1216867469879518,0.12530120481927712,-0.0036144578313253156,0.0036144578313253156
3.0313096046447754,0.12289156626506025,0.12530120481927712,-0.0024096385542168725,0.0024096385542168725
3.031766653060913,0.12409638554216867,0.12530120481927712,-0.0012048192771084432,0.0012048192771084432
3.0393190383911133,0.12530120481927712,0.12530120481927712,0.0,0.0
3.0427052974700928,0.12530120481927712,0.12650602409638553,-0.0012048192771084154,0.0012048192771084154
3.0436034202575684,0.12530120481927712,0.12771084337349398,-0.0024096385542168586,0.0024096385542168586
3.044766902923584,0.12530120481927712,0.12891566265060242,-0.0036144578313253017,0.0036144578313253017
3.044800043106079,0.12650602409638553,0.12891566265060242,-0.0024096385542168863,0.0024096385542168863
3.0449001789093018,0.12650602409638553,0.13012048192771083,-0.0036144578313253017,0.0036144578313253017
3.048170328140259,0.12771084337349398,0.13012048192771083,-0.0024096385542168586,0.0024096385542168586
3.0525591373443604,0.12891566265060242,0.13012048192771083,-0.0012048192771084154,0.0012048192771084154
3.0535144805908203,0.13012048192771083,0.13012048192771083,0.0,0.0
3.058415174484253,0.13132530120481928,0.13012048192771083,0.0012048192771084432,0.0012048192771084432
3.0598576068878174,0.13132530120481928,0.13132530120481928,0.0,0.0
3.064271926879883,0.13132530120481928,0.13253012048192772,-0.0012048192771084432,0.0012048192771084432
3.067474842071533,0.13132530120481928,0.13373493975903614,-0.0024096385542168586,0.0024096385542168586
3.074681043624878,0.13132530120481928,0.13493975903614458,-0.0036144578313253017,0.0036144578313253017
3.075530529022217,0.13253012048192772,0.13493975903614458,-0.0024096385542168586,0.0024096385542168586
3.0781702995300293,0.13253012048192772,0.13614457831325302,-0.0036144578313253017,0.0036144578313253017
3.101539850234986,0.13253012048192772,0.13734939759036144,-0.004819277108433717,0.004819277108433717
3.103015422821045,0.13373493975903614,0.13734939759036144,-0.0036144578313253017,0.0036144578313253017
3.1046061515808105,0.13373493975903614,0.13855421686746988,-0.004819277108433745,0.004819277108433745
3.1047122478485107,0.13493975903614458,0.13855421686746988,-0.0036144578313253017,0.0036144578313253017
3.105046272277832,0.13614457831325302,0.13855421686746988,-0.0024096385542168586,0.0024096385542168586
3.116164445877075,0.13734939759036144,0.13855421686746988,-0.0012048192771084432,0.0012048192771084432
3.1167495250701904,0.13855421686746988,0.13855421686746988,0.0,0.0
3.1189231872558594,0.13975903614457832,0.13855421686746988,0.0012048192771084432,0.0012048192771084432
3.1212923526763916,0.14096385542168674,0.13855421686746988,0.0024096385542168586,0.0024096385542168586
3.1232593059539795,0.14096385542168674,0.13975903614457832,0.0012048192771084154,0.0012048192771084154
3.1251063346862793,0.14216867469879518,0.13975903614457832,0.0024096385542168586,0.0024096385542168586
3.131873607635498,0.14337349397590363,0.13975903614457832,0.0036144578313253017,0.0036144578313253017
3.1390798091888428,0.14457831325301204,0.13975903614457832,0.004819277108433717,0.004819277108433717
3.1435089111328125,0.14457831325301204,0.14096385542168674,0.0036144578313253017,0.0036144578313253017
3.1462042331695557,0.14457831325301204,0.14216867469879518,0.0024096385542168586,0.0024096385542168586
3.148937463760376,0.14457831325301204,0.14337349397590363,0.0012048192771084154,0.0012048192771084154
3.1512508392333984,0.14578313253012049,0.14337349397590363,0.0024096385542168586,0.0024096385542168586
3.153761863708496,0.14698795180722893,0.14337349397590363,0.0036144578313253017,0.0036144578313253017
3.155832290649414,0.14698795180722893,0.14457831325301204,0.0024096385542168863,0.0024096385542168863
3.1568450927734375,0.14698795180722893,0.14578313253012049,0.0012048192771084432,0.0012048192771084432
3.157224416732788,0.14819277108433734,0.14578313253012049,0.0024096385542168586,0.0024096385542168586
3.157461166381836,0.1493975903614458,0.14578313253012049,0.0036144578313253017,0.0036144578313253017
3.1670072078704834,0.1493975903614458,0.14698795180722893,0.0024096385542168586,0.0024096385542168586
3.1670961380004883,0.1493975903614458,0.14819277108433734,0.0012048192771084432,0.0012048192771084432
3.1679999828338623,0.15060240963855423,0.14819277108433734,0.0024096385542168863,0.0024096385542168863
3.1687116622924805,0.15180722891566265,0.14819277108433734,0.0036144578313253017,0.0036144578313253017
3.1707987785339355,0.15180722891566265,0.1493975903614458,0.0024096385542168586,0.0024096385542168586
3.1713545322418213,0.15180722891566265,0.15060240963855423,0.0012048192771084154,0.0012048192771084154
3.178476095199585,0.1530120481927711,0.15060240963855423,0.0024096385542168586,0.0024096385542168586
3.184349775314331,0.15421686746987953,0.15060240963855423,0.0036144578313253017,0.0036144578313253017
3.186530590057373,0.15421686746987953,0.15180722891566265,0.0024096385542168863,0.0024096385542168863
3.186913251876831,0.15421686746987953,0.1530120481927711,0.0012048192771084432,0.0012048192771084432
3.1898810863494873,0.15542168674698795,0.1530120481927711,0.0024096385542168586,0.0024096385542168586
3.192840099334717,0.15542168674698795,0.15421686746987953,0.0012048192771084154,0.0012048192771084154
3.1944100856781006,0.15542168674698795,0.15542168674698795,0.0,0.0
3.195652961730957,0.1566265060240964,0.15542168674698795,0.0012048192771084432,0.0012048192771084432
3.1978867053985596,0.1578313253012048,0.15542168674698795,0.0024096385542168586,0.0024096385542168586
3.205599069595337,0.1578313253012048,0.1566265060240964,0.0012048192771084154,0.0012048192771084154
3.218947410583496,0.15903614457831325,0.1566265060240964,0.0024096385542168586,0.0024096385542168586
3.2360174655914307,0.1602409638554217,0.1566265060240964,0.0036144578313253017,0.0036144578313253017
3.239114284515381,0.1614457831325301,0.1566265060240964,0.004819277108433717,0.004819277108433717
3.2470815181732178,0.1614457831325301,0.1578313253012048,0.0036144578313253017,0.0036144578313253017
3.2492308616638184,0.16265060240963855,0.1578313253012048,0.004819277108433745,0.004819277108433745
3.2538795471191406,0.16265060240963855,0.15903614457831325,0.0036144578313253017,0.0036144578313253017
3.260219097137451,0.163855421686747,0.15903614457831325,0.004819277108433745,0.004819277108433745
3.2605576515197754,0.1650602409638554,0.15903614457831325,0.00602409638554216,0.00602409638554216
3.26377272605896,0.1650602409638554,0.1602409638554217,0.004819277108433717,0.004819277108433717
3.2650256156921387,0.16626506024096385,0.1602409638554217,0.00602409638554216,0.00602409638554216
3.265746831893921,0.1674698795180723,0.1602409638554217,0.0072289156626506035,0.0072289156626506035
3.2729830741882324,0.1674698795180723,0.1614457831325301,0.006024096385542188,0.006024096385542188
3.277331829071045,0.1674698795180723,0.16265060240963855,0.004819277108433745,0.004819277108433745
3.279600143432617,0.1674698795180723,0.163855421686747,0.0036144578313253017,0.0036144578313253017
3.2799012660980225,0.1686746987951807,0.163855421686747,0.004819277108433717,0.004819277108433717
3.281809091567993,0.16987951807228915,0.163855421686747,0.00602409638554216,0.00602409638554216
3.2844398021698,0.16987951807228915,0.1650602409638554,0.004819277108433745,0.004819277108433745
3.288757085800171,0.1710843373493976,0.1650602409638554,0.006024096385542188,0.006024096385542188
3.295126438140869,0.1710843373493976,0.16626506024096385,0.004819277108433745,0.004819277108433745
3.3038899898529053,0.172289156626506,0.16626506024096385,0.00602409638554216,0.00602409638554216
3.310391902923584,0.17349397590361446,0.16626506024096385,0.0072289156626506035,0.0072289156626506035
3.311918258666992,0.1746987951807229,0.16626506024096385,0.008433734939759047,0.008433734939759047
3.312678813934326,0.1746987951807229,0.1674698795180723,0.0072289156626506035,0.0072289156626506035
3.3173282146453857,0.1746987951807229,0.1686746987951807,0.006024096385542188,0.006024096385542188
3.320761203765869,0.17590361445783131,0.1686746987951807,0.0072289156626506035,0.0072289156626506035
3.324626922607422,0.17710843373493976,0.1686746987951807,0.008433734939759047,0.008433734939759047
3.326685667037964,0.17710843373493976,0.16987951807228915,0.0072289156626506035,0.0072289156626506035
3.3299496173858643,0.1783132530120482,0.16987951807228915,0.008433734939759047,0.008433734939759047
3.330772638320923,0.1783132530120482,0.1710843373493976,0.0072289156626506035,0.0072289156626506035
3.335918426513672,0.17951807228915662,0.1710843373493976,0.008433734939759019,0.008433734939759019
3.3404250144958496,0.18072289156626506,0.1710843373493976,0.009638554216867462,0.009638554216867462
3.343593120574951,0.18072289156626506,0.172289156626506,0.008433734939759047,0.008433734939759047
3.345566987991333,0.18072289156626506,0.17349397590361446,0.0072289156626506035,0.0072289156626506035
3.3638861179351807,0.18072289156626506,0.1746987951807229,0.00602409638554216,0.00602409638554216
3.3654634952545166,0.1819277108433735,0.1746987951807229,0.0072289156626506035,0.0072289156626506035
3.3698294162750244,0.18313253012048192,0.1746987951807229,0.008433734939759019,0.008433734939759019
3.384338855743408,0.18313253012048192,0.17590361445783131,0.0072289156626506035,0.0072289156626506035
3.385355234146118,0.18433734939759036,0.17590361445783131,0.008433734939759047,0.008433734939759047
3.389463424682617,0.18433734939759036,0.17710843373493976,0.0072289156626506035,0.0072289156626506035
3.389477491378784,0.18433734939759036,0.1783132530120482,0.00602409638554216,0.00602409638554216
3.399834632873535,0.18433734939759036,0.17951807228915662,0.004819277108433745,0.004819277108433745
3.409266710281372,0.18433734939759036,0.18072289156626506,0.0036144578313253017,0.0036144578313253017
3.414797067642212,0.18433734939759036,0.1819277108433735,0.0024096385542168586,0.0024096385542168586
3.4152185916900635,0.1855421686746988,0.1819277108433735,0.0036144578313253017,0.0036144578313253017
3.421891927719116,0.1855421686746988,0.18313253012048192,0.0024096385542168863,0.0024096385542168863
3.4242353439331055,0.18674698795180722,0.18313253012048192,0.0036144578313253017,0.0036144578313253017
3.426823616027832,0.18795180722891566,0.18313253012048192,0.004819277108433745,0.004819277108433745
3.4347410202026367,0.18795180722891566,0.18433734939759036,0.0036144578313253017,0.0036144578313253017
3.434962749481201,0.18795180722891566,0.1855421686746988,0.0024096385542168586,0.0024096385542168586
3.4358103275299072,0.1891566265060241,0.1855421686746988,0.0036144578313253017,0.0036144578313253017
3.4385764598846436,0.19036144578313252,0.1855421686746988,0.004819277108433717,0.004819277108433717
3.439600706100464,0.19156626506024096,0.1855421686746988,0.00602409638554216,0.00602409638554216
3.444946765899658,0.1927710843373494,0.1855421686746988,0.0072289156626506035,0.0072289156626506035
3.4451494216918945,0.19397590361445782,0.1855421686746988,0.008433734939759019,0.008433734939759019
3.44921350479126,0.19397590361445782,0.18674698795180722,0.0072289156626506035,0.0072289156626506035
3.452878713607788,0.19397590361445782,0.18795180722891566,0.00602409638554216,0.00602409638554216
3.454756736755371,0.19397590361445782,0.1891566265060241,0.004819277108433717,0.004819277108433717
3.4554266929626465,0.19518072289156627,0.1891566265060241,0.00602409638554216,0.00602409638554216
3.4643702507019043,0.19518072289156627,0.19036144578313252,0.004819277108433745,0.004819277108433745
3.469825506210327,0.19518072289156627,0.19156626506024096,0.0036144578313253017,0.0036144578313253017
3.47000789642334,0.19518072289156627,0.1927710843373494,0.0024096385542168586,0.0024096385542168586
3.4724667072296143,0.19518072289156627,0.19397590361445782,0.0012048192771084432,0.0012048192771084432
3.4786505699157715,0.1963855421686747,0.19397590361445782,0.0024096385542168863,0.0024096385542168863
3.4798123836517334,0.1963855421686747,0.19518072289156627,0.0012048192771084432,0.0012048192771084432
3.480236053466797,0.1963855421686747,0.1963855421686747,0.0,0.0
3.48075270652771,0.19759036144578312,0.1963855421686747,0.0012048192771084154,0.0012048192771084154
3.483288288116455,0.19879518072289157,0.1963855421686747,0.0024096385542168586,0.0024096385542168586
3.4983742237091064,0.2,0.1963855421686747,0.0036144578313253017,0.0036144578313253017
3.499229907989502,0.20120481927710843,0.1963855421686747,0.004819277108433717,0.004819277108433717
3.5046563148498535,0.20240963855421687,0.1963855421686747,0.00602409638554216,0.00602409638554216
3.505238771438598,0.2036144578313253,0.1963855421686747,0.0072289156626506035,0.0072289156626506035
3.5083484649658203,0.20481927710843373,0.1963855421686747,0.008433734939759019,0.008433734939759019
3.5090439319610596,0.20481927710843373,0.19759036144578312,0.0072289156626506035,0.0072289156626506035
3.511706829071045,0.20602409638554217,0.19759036144578312,0.008433734939759047,0.008433734939759047
3.5150322914123535,0.20722891566265061,0.19759036144578312,0.00963855421686749,0.00963855421686749
3.5181589126586914,0.20843373493975903,0.19759036144578312,0.010843373493975905,0.010843373493975905
3.5199999809265137,0.20963855421686747,0.19759036144578312,0.012048192771084348,0.012048192771084348
3.520533800125122,0.20963855421686747,0.19879518072289157,0.010843373493975905,0.010843373493975905
3.524286985397339,0.20963855421686747,0.2,0.009638554216867462,0.009638554216867462
3.5257976055145264,0.21084337349397592,0.2,0.010843373493975905,0.010843373493975905
3.530720472335815,0.21084337349397592,0.20120481927710843,0.00963855421686749,0.00963855421686749
3.53227162361145,0.21204819277108433,0.20120481927710843,0.010843373493975905,0.010843373493975905
3.5356364250183105,0.21325301204819277,0.20120481927710843,0.012048192771084348,0.012048192771084348
3.536566734313965,0.21325301204819277,0.20240963855421687,0.010843373493975905,0.010843373493975905
3.546595573425293,0.21445783132530122,0.20240963855421687,0.012048192771084348,0.012048192771084348
3.5469555854797363,0.21445783132530122,0.2036144578313253,0.010843373493975905,0.010843373493975905
3.547041893005371,0.21445783132530122,0.20481927710843373,0.00963855421686749,0.00963855421686749
3.550415515899658,0.21566265060240963,0.20481927710843373,0.010843373493975905,0.010843373493975905
3.556434631347656,0.21566265060240963,0.20602409638554217,0.009638554216867462,0.009638554216867462
3.560664176940918,0.21686746987951808,0.20602409638554217,0.010843373493975905,0.010843373493975905
3.5679078102111816,0.21686746987951808,0.20722891566265061,0.009638554216867462,0.009638554216867462
3.568981170654297,0.21807228915662652,0.20722891566265061,0.010843373493975905,0.010843373493975905
3.5713157653808594,0.21927710843373494,0.20722891566265061,0.01204819277108432,0.01204819277108432
3.58447003364563,0.21927710843373494,0.20843373493975903,0.010843373493975905,0.010843373493975905
3.5912299156188965,0.22048192771084338,0.20843373493975903,0.012048192771084348,0.012048192771084348
3.601409673690796,0.2216867469879518,0.20843373493975903,0.013253012048192764,0.013253012048192764
3.604231834411621,0.22289156626506024,0.20843373493975903,0.014457831325301207,0.014457831325301207
3.611884832382202,0.22409638554216868,0.20843373493975903,0.01566265060240965,0.01566265060240965
3.613478422164917,0.22409638554216868,0.20963855421686747,0.014457831325301207,0.014457831325301207
3.615377426147461,0.22409638554216868,0.21084337349397592,0.013253012048192764,0.013253012048192764
3.6244027614593506,0.22409638554216868,0.21204819277108433,0.012048192771084348,0.012048192771084348
3.6289522647857666,0.2253012048192771,0.21204819277108433,0.013253012048192764,0.013253012048192764
3.629127264022827,0.2253012048192771,0.21325301204819277,0.01204819277108432,0.01204819277108432
3.6294960975646977,0.22650602409638554,0.21325301204819277,0.013253012048192764,0.013253012048192764
3.630443811416626,0.22650602409638554,0.21445783132530122,0.01204819277108432,0.01204819277108432
3.63163423538208,0.22771084337349398,0.21445783132530122,0.013253012048192764,0.013253012048192764
3.6326465606689458,0.22771084337349398,0.21566265060240963,0.012048192771084348,0.012048192771084348
3.633862257003784,0.22771084337349398,0.21686746987951808,0.010843373493975905,0.010843373493975905
3.6356570720672607,0.2289156626506024,0.21686746987951808,0.01204819277108432,0.01204819277108432
3.641587734222412,0.23012048192771084,0.21686746987951808,0.013253012048192764,0.013253012048192764
3.6423749923706055,0.23132530120481928,0.21686746987951808,0.014457831325301207,0.014457831325301207
3.643851757049561,0.23132530120481928,0.21807228915662652,0.013253012048192764,0.013253012048192764
3.6471023559570312,0.23132530120481928,0.21927710843373494,0.012048192771084348,0.012048192771084348
3.6499972343444824,0.23132530120481928,0.22048192771084338,0.010843373493975905,0.010843373493975905
3.6504316329956055,0.2325301204819277,0.22048192771084338,0.01204819277108432,0.01204819277108432
3.657415390014648,0.23373493975903614,0.22048192771084338,0.013253012048192764,0.013253012048192764
3.6608731746673584,0.23493975903614459,0.22048192771084338,0.014457831325301207,0.014457831325301207
3.6617143154144287,0.236144578313253,0.22048192771084338,0.015662650602409622,0.015662650602409622
3.669479370117187,0.23734939759036144,0.22048192771084338,0.016867469879518066,0.016867469879518066
3.670319080352783,0.2385542168674699,0.22048192771084338,0.01807228915662651,0.01807228915662651
3.67973256111145,0.2385542168674699,0.2216867469879518,0.016867469879518093,0.016867469879518093
3.68468165397644,0.2385542168674699,0.22289156626506024,0.01566265060240965,0.01566265060240965
3.696000099182129,0.2397590361445783,0.22289156626506024,0.016867469879518066,0.016867469879518066
3.6982710361480713,0.24096385542168675,0.22289156626506024,0.01807228915662651,0.01807228915662651
3.698640108108521,0.2421686746987952,0.22289156626506024,0.019277108433734952,0.019277108433734952
3.7007999420166016,0.2433734939759036,0.22289156626506024,0.020481927710843367,0.020481927710843367
3.7061538696289062,0.24457831325301205,0.22289156626506024,0.02168674698795181,0.02168674698795181
3.706615447998047,0.24457831325301205,0.22409638554216868,0.020481927710843367,0.020481927710843367
3.709446907043457,0.24457831325301205,0.2253012048192771,0.019277108433734952,0.019277108433734952
3.71040940284729,0.2457831325301205,0.2253012048192771,0.020481927710843395,0.020481927710843395
3.710728168487549,0.2457831325301205,0.22650602409638554,0.019277108433734952,0.019277108433734952
3.7118349075317383,0.2457831325301205,0.22771084337349398,0.01807228915662651,0.01807228915662651
3.713279962539673,0.2469879518072289,0.22771084337349398,0.019277108433734924,0.019277108433734924
3.7156264781951904,0.2469879518072289,0.2289156626506024,0.01807228915662651,0.01807228915662651
3.7196860313415527,0.24819277108433735,0.2289156626506024,0.019277108433734952,0.019277108433734952
3.720639944076538,0.2493975903614458,0.2289156626506024,0.020481927710843395,0.020481927710843395
3.7206461429595943,0.2493975903614458,0.23012048192771084,0.019277108433734952,0.019277108433734952
3.720714569091797,0.2493975903614458,0.23132530120481928,0.01807228915662651,0.01807228915662651
3.721352815628052,0.2493975903614458,0.2325301204819277,0.016867469879518093,0.016867469879518093
3.729846239089966,0.25060240963855424,0.2325301204819277,0.018072289156626536,0.018072289156626536
3.737348079681397,0.25060240963855424,0.23373493975903614,0.016867469879518093,0.016867469879518093
3.7447962760925297,0.25180722891566265,0.23373493975903614,0.01807228915662651,0.01807228915662651
3.746011018753052,0.25301204819277107,0.23373493975903614,0.019277108433734924,0.019277108433734924
3.752392292022705,0.25301204819277107,0.23493975903614459,0.01807228915662648,0.01807228915662648
3.754453897476196,0.25301204819277107,0.236144578313253,0.016867469879518066,0.016867469879518066
3.7554757595062256,0.25421686746987954,0.236144578313253,0.018072289156626536,0.018072289156626536
3.75931715965271,0.25542168674698795,0.236144578313253,0.019277108433734952,0.019277108433734952
3.76116156578064,0.25662650602409637,0.236144578313253,0.020481927710843367,0.020481927710843367
3.765524387359619,0.25662650602409637,0.23734939759036144,0.019277108433734924,0.019277108433734924
3.768198966979981,0.25662650602409637,0.2385542168674699,0.01807228915662648,0.01807228915662648
3.7719645500183105,0.25783132530120484,0.2385542168674699,0.019277108433734952,0.019277108433734952
3.7725069522857666,0.25783132530120484,0.2397590361445783,0.018072289156626536,0.018072289156626536
3.773435354232788,0.25783132530120484,0.24096385542168675,0.016867469879518093,0.016867469879518093
3.774481058120727,0.25783132530120484,0.2421686746987952,0.01566265060240965,0.01566265060240965
3.78010630607605,0.25903614457831325,0.2421686746987952,0.016867469879518066,0.016867469879518066
3.7804694175720215,0.25903614457831325,0.2433734939759036,0.01566265060240965,0.01566265060240965
3.781411647796631,0.26024096385542167,0.2433734939759036,0.016867469879518066,0.016867469879518066
3.7841598987579346,0.26024096385542167,0.24457831325301205,0.015662650602409622,0.015662650602409622
3.784548282623291,0.26024096385542167,0.2457831325301205,0.01445783132530118,0.01445783132530118
3.7854270935058594,0.26144578313253014,0.2457831325301205,0.01566265060240965,0.01566265060240965
3.787151575088501,0.26144578313253014,0.2469879518072289,0.014457831325301235,0.014457831325301235
3.7875025272369385,0.26144578313253014,0.24819277108433735,0.013253012048192792,0.013253012048192792
3.798162698745727,0.26265060240963856,0.24819277108433735,0.014457831325301207,0.014457831325301207
3.804951906204224,0.26265060240963856,0.2493975903614458,0.013253012048192764,0.013253012048192764
3.810137271881103,0.26265060240963856,0.25060240963855424,0.01204819277108432,0.01204819277108432
3.820089340209961,0.26265060240963856,0.25180722891566265,0.010843373493975905,0.010843373493975905
3.826413869857788,0.26385542168674697,0.25180722891566265,0.01204819277108432,0.01204819277108432
3.826530694961548,0.26385542168674697,0.25301204819277107,0.010843373493975905,0.010843373493975905
3.83032751083374,0.26506024096385544,0.25301204819277107,0.012048192771084376,0.012048192771084376
3.831929922103882,0.26626506024096386,0.25301204819277107,0.013253012048192792,0.013253012048192792
3.83219051361084,0.2674698795180723,0.25301204819277107,0.014457831325301207,0.014457831325301207
3.8403124809265137,0.26867469879518074,0.25301204819277107,0.015662650602409678,0.015662650602409678
3.841041803359986,0.26867469879518074,0.25421686746987954,0.014457831325301207,0.014457831325301207
3.842625617980957,0.26867469879518074,0.25542168674698795,0.013253012048192792,0.013253012048192792
3.845851421356201,0.26987951807228916,0.25542168674698795,0.014457831325301207,0.014457831325301207
3.8477375507354736,0.26987951807228916,0.25662650602409637,0.013253012048192792,0.013253012048192792
3.84836220741272,0.26987951807228916,0.25783132530120484,0.01204819277108432,0.01204819277108432
3.849102735519409,0.26987951807228916,0.25903614457831325,0.010843373493975905,0.010843373493975905
3.849334955215454,0.26987951807228916,0.26024096385542167,0.00963855421686749,0.00963855421686749
3.8535969257354736,0.2710843373493976,0.26024096385542167,0.010843373493975905,0.010843373493975905
3.859968662261963,0.27228915662650605,0.26024096385542167,0.012048192771084376,0.012048192771084376
3.860010862350464,0.27349397590361446,0.26024096385542167,0.013253012048192792,0.013253012048192792
3.861259937286377,0.2746987951807229,0.26024096385542167,0.014457831325301207,0.014457831325301207
3.8634095191955566,0.2746987951807229,0.26144578313253014,0.013253012048192736,0.013253012048192736
3.864645004272461,0.2746987951807229,0.26265060240963856,0.01204819277108432,0.01204819277108432
3.865859270095825,0.2746987951807229,0.26385542168674697,0.010843373493975905,0.010843373493975905
3.868696451187134,0.2746987951807229,0.26506024096385544,0.009638554216867434,0.009638554216867434
3.8742916584014897,0.2746987951807229,0.26626506024096386,0.008433734939759019,0.008433734939759019
3.8752732276916504,0.2746987951807229,0.2674698795180723,0.0072289156626506035,0.0072289156626506035
3.87758207321167,0.2746987951807229,0.26867469879518074,0.0060240963855421326,0.0060240963855421326
3.8789472579956055,0.27590361445783135,0.26867469879518074,0.0072289156626506035,0.0072289156626506035
3.880186080932617,0.27710843373493976,0.26867469879518074,0.008433734939759019,0.008433734939759019
3.88287901878357,0.27710843373493976,0.26987951807228916,0.0072289156626506035,0.0072289156626506035
3.8831803798675537,0.2783132530120482,0.26987951807228916,0.008433734939759019,0.008433734939759019
3.8862111568450928,0.27951807228915665,0.26987951807228916,0.00963855421686749,0.00963855421686749
3.890319585800171,0.27951807228915665,0.2710843373493976,0.008433734939759074,0.008433734939759074
3.8968796730041504,0.28072289156626506,0.2710843373493976,0.00963855421686749,0.00963855421686749
3.8997011184692383,0.28072289156626506,0.27228915662650605,0.008433734939759019,0.008433734939759019
3.908102512359619,0.2819277108433735,0.27228915662650605,0.009638554216867434,0.009638554216867434
3.909363031387329,0.28313253012048195,0.27228915662650605,0.010843373493975905,0.010843373493975905
3.911678552627563,0.28433734939759037,0.27228915662650605,0.01204819277108432,0.01204819277108432
3.920833826065063,0.28433734939759037,0.27349397590361446,0.010843373493975905,0.010843373493975905
3.923593282699585,0.28433734939759037,0.2746987951807229,0.00963855421686749,0.00963855421686749
3.9240026473999023,0.28433734939759037,0.27590361445783135,0.008433734939759019,0.008433734939759019
3.927148580551147,0.28433734939759037,0.27710843373493976,0.0072289156626506035,0.0072289156626506035
3.928280830383301,0.28433734939759037,0.2783132530120482,0.006024096385542188,0.006024096385542188
3.929816961288452,0.28433734939759037,0.27951807228915665,0.004819277108433717,0.004819277108433717
3.933699131011963,0.28433734939759037,0.28072289156626506,0.0036144578313253017,0.0036144578313253017
3.933922290802002,0.28433734939759037,0.2819277108433735,0.0024096385542168863,0.0024096385542168863
3.936553478240967,0.28433734939759037,0.28313253012048195,0.0012048192771084154,0.0012048192771084154
3.9416263103485103,0.2855421686746988,0.28313253012048195,0.002409638554216831,0.002409638554216831
3.942953824996948,0.2855421686746988,0.28433734939759037,0.0012048192771084154,0.0012048192771084154
3.9433512687683105,0.28674698795180725,0.28433734939759037,0.0024096385542168863,0.0024096385542168863
3.9439151287078857,0.28674698795180725,0.2855421686746988,0.001204819277108471,0.001204819277108471
3.9464051723480225,0.28674698795180725,0.28674698795180725,0.0,0.0
3.949409961700439,0.28674698795180725,0.28795180722891567,-0.0012048192771084154,0.0012048192771084154
3.9497437477111816,0.28674698795180725,0.2891566265060241,-0.002409638554216831,0.002409638554216831
3.9497900009155273,0.28795180722891567,0.2891566265060241,-0.0012048192771084154,0.0012048192771084154
3.9505534172058105,0.28795180722891567,0.29036144578313255,-0.0024096385542168863,0.0024096385542168863
3.9507904052734375,0.28795180722891567,0.29156626506024097,-0.0036144578313253017,0.0036144578313253017
3.9513614177703857,0.28795180722891567,0.2927710843373494,-0.004819277108433717,0.004819277108433717
3.9527552127838135,0.28795180722891567,0.29397590361445786,-0.006024096385542188,0.006024096385542188
3.953052759170532,0.28795180722891567,0.29518072289156627,-0.0072289156626506035,0.0072289156626506035
3.9536538124084473,0.2891566265060241,0.29518072289156627,-0.006024096385542188,0.006024096385542188
3.9552741050720215,0.2891566265060241,0.2963855421686747,-0.0072289156626506035,0.0072289156626506035
3.955755710601806,0.2891566265060241,0.29759036144578316,-0.008433734939759074,0.008433734939759074
3.957827091217041,0.2891566265060241,0.2987951807228916,-0.00963855421686749,0.00963855421686749
3.9600000381469727,0.29036144578313255,0.2987951807228916,-0.008433734939759019,0.008433734939759019
3.961113929748535,0.29156626506024097,0.2987951807228916,-0.0072289156626506035,0.0072289156626506035
3.9629757404327393,0.2927710843373494,0.2987951807228916,-0.006024096385542188,0.006024096385542188
3.9639570713043217,0.29397590361445786,0.2987951807228916,-0.004819277108433717,0.004819277108433717
3.9659037590026855,0.29397590361445786,0.3,-0.0060240963855421326,0.0060240963855421326
3.969260215759278,0.29397590361445786,0.30120481927710846,-0.0072289156626506035,0.0072289156626506035
3.97015380859375,0.29518072289156627,0.30120481927710846,-0.006024096385542188,0.006024096385542188
3.970176696777344,0.29518072289156627,0.3024096385542169,-0.0072289156626506035,0.0072289156626506035
3.9765543937683105,0.2963855421686747,0.3024096385542169,-0.006024096385542188,0.006024096385542188
3.9823174476623535,0.29759036144578316,0.3024096385542169,-0.004819277108433717,0.004819277108433717
3.982413291931152,0.29759036144578316,0.3036144578313253,-0.0060240963855421326,0.0060240963855421326
3.9835493564605713,0.2987951807228916,0.3036144578313253,-0.004819277108433717,0.004819277108433717
3.9869439601898193,0.2987951807228916,0.30481927710843376,-0.006024096385542188,0.006024096385542188
3.992665290832519,0.3,0.30481927710843376,-0.004819277108433773,0.004819277108433773
3.9968512058258057,0.30120481927710846,0.30481927710843376,-0.0036144578313253017,0.0036144578313253017
3.99753475189209,0.30120481927710846,0.3060240963855422,-0.004819277108433717,0.004819277108433717
4.003233432769775,0.3024096385542169,0.3060240963855422,-0.0036144578313253017,0.0036144578313253017
4.003555774688721,0.3024096385542169,0.3072289156626506,-0.004819277108433717,0.004819277108433717
4.0056471824646,0.3036144578313253,0.3072289156626506,-0.0036144578313253017,0.0036144578313253017
4.007710933685303,0.30481927710843376,0.3072289156626506,-0.002409638554216831,0.002409638554216831
4.011498928070068,0.3060240963855422,0.3072289156626506,-0.0012048192771084154,0.0012048192771084154
4.017391204833984,0.3072289156626506,0.3072289156626506,0.0,0.0
4.018272399902344,0.30843373493975906,0.3072289156626506,0.001204819277108471,0.001204819277108471
4.020022392272949,0.3096385542168675,0.3072289156626506,0.0024096385542168863,0.0024096385542168863
4.020195484161377,0.3108433734939759,0.3072289156626506,0.0036144578313253017,0.0036144578313253017
4.026000022888184,0.31204819277108437,0.3072289156626506,0.004819277108433773,0.004819277108433773
4.029473781585693,0.3132530120481928,0.3072289156626506,0.006024096385542188,0.006024096385542188
4.0304856300354,0.3132530120481928,0.30843373493975906,0.004819277108433717,0.004819277108433717
4.036037921905518,0.3132530120481928,0.3096385542168675,0.0036144578313253017,0.0036144578313253017
4.037971496582031,0.3132530120481928,0.3108433734939759,0.0024096385542168863,0.0024096385542168863
4.039374828338623,0.3144578313253012,0.3108433734939759,0.0036144578313253017,0.0036144578313253017
4.040402412414551,0.3144578313253012,0.31204819277108437,0.002409638554216831,0.002409638554216831
4.04319953918457,0.3144578313253012,0.3132530120481928,0.0012048192771084154,0.0012048192771084154
4.046530246734619,0.3156626506024096,0.3132530120481928,0.002409638554216831,0.002409638554216831
4.050192356109619,0.3168674698795181,0.3132530120481928,0.0036144578313253017,0.0036144578313253017
4.052325248718262,0.3180722891566265,0.3132530120481928,0.004819277108433717,0.004819277108433717
4.056585311889648,0.3192771084337349,0.3132530120481928,0.0060240963855421326,0.0060240963855421326
4.056833744049072,0.3204819277108434,0.3132530120481928,0.0072289156626506035,0.0072289156626506035
4.058495998382568,0.3204819277108434,0.3144578313253012,0.006024096385542188,0.006024096385542188
4.058643817901611,0.3216867469879518,0.3144578313253012,0.0072289156626506035,0.0072289156626506035
4.06365966796875,0.3228915662650602,0.3144578313253012,0.008433734939759019,0.008433734939759019
4.067803859710693,0.3240963855421687,0.3144578313253012,0.00963855421686749,0.00963855421686749
4.0678911209106445,0.3240963855421687,0.3156626506024096,0.008433734939759074,0.008433734939759074
4.075468063354492,0.3253012048192771,0.3156626506024096,0.00963855421686749,0.00963855421686749
4.076807975769043,0.3265060240963855,0.3156626506024096,0.010843373493975905,0.010843373493975905
4.076971530914307,0.3265060240963855,0.3168674698795181,0.009638554216867434,0.009638554216867434
4.077486991882324,0.327710843373494,0.3168674698795181,0.010843373493975905,0.010843373493975905
4.080175399780273,0.3289156626506024,0.3168674698795181,0.01204819277108432,0.01204819277108432
4.083784103393555,0.3301204819277108,0.3168674698795181,0.013253012048192736,0.013253012048192736
4.0839409828186035,0.3313253012048193,0.3168674698795181,0.014457831325301207,0.014457831325301207
4.085609436035156,0.3325301204819277,0.3168674698795181,0.015662650602409622,0.015662650602409622
4.0894856452941895,0.3337349397590361,0.3168674698795181,0.016867469879518038,0.016867469879518038
4.089582443237305,0.3349397590361446,0.3168674698795181,0.01807228915662651,0.01807228915662651
4.096925258636475,0.336144578313253,0.3168674698795181,0.019277108433734924,0.019277108433734924
4.09869384765625,0.3373493975903614,0.3168674698795181,0.02048192771084334,0.02048192771084334
4.099221229553223,0.3385542168674699,0.3168674698795181,0.02168674698795181,0.02168674698795181
4.099700927734375,0.3385542168674699,0.3180722891566265,0.020481927710843395,0.020481927710843395
4.104274272918701,0.3385542168674699,0.3192771084337349,0.01927710843373498,0.01927710843373498
4.113426685333252,0.3385542168674699,0.3204819277108434,0.01807228915662651,0.01807228915662651
4.116004467010498,0.3385542168674699,0.3216867469879518,0.016867469879518093,0.016867469879518093
4.1186442375183105,0.3385542168674699,0.3228915662650602,0.015662650602409678,0.015662650602409678
4.120274066925049,0.3385542168674699,0.3240963855421687,0.014457831325301207,0.014457831325301207
4.126997947692871,0.3397590361445783,0.3240963855421687,0.015662650602409622,0.015662650602409622
4.130335807800293,0.3409638554216867,0.3240963855421687,0.016867469879518038,0.016867469879518038
4.133935928344727,0.3409638554216867,0.3253012048192771,0.015662650602409622,0.015662650602409622
4.138524532318115,0.3421686746987952,0.3253012048192771,0.016867469879518093,0.016867469879518093
4.139476299285889,0.3433734939759036,0.3253012048192771,0.01807228915662651,0.01807228915662651
4.141551971435547,0.3433734939759036,0.3265060240963855,0.016867469879518093,0.016867469879518093
4.144911289215088,0.344578313253012,0.3265060240963855,0.01807228915662651,0.01807228915662651
4.151969909667969,0.344578313253012,0.327710843373494,0.016867469879518038,0.016867469879518038
4.1519999504089355,0.3457831325301205,0.327710843373494,0.01807228915662651,0.01807228915662651
4.15277099609375,0.3469879518072289,0.327710843373494,0.019277108433734924,0.019277108433734924
4.155054569244385,0.3481927710843373,0.327710843373494,0.02048192771084334,0.02048192771084334
4.155776023864746,0.3481927710843373,0.3289156626506024,0.019277108433734924,0.019277108433734924
4.155982494354248,0.3493975903614458,0.3289156626506024,0.020481927710843395,0.020481927710843395
4.1589741706848145,0.3493975903614458,0.3301204819277108,0.01927710843373498,0.01927710843373498
4.1603217124938965,0.3506024096385542,0.3301204819277108,0.020481927710843395,0.020481927710843395
4.163386344909668,0.3506024096385542,0.3313253012048193,0.019277108433734924,0.019277108433734924
4.167582035064697,0.3506024096385542,0.3325301204819277,0.01807228915662651,0.01807228915662651
4.168272018432617,0.35180722891566263,0.3325301204819277,0.019277108433734924,0.019277108433734924
4.174017429351807,0.3530120481927711,0.3325301204819277,0.020481927710843395,0.020481927710843395
4.1768975257873535,0.3530120481927711,0.3337349397590361,0.01927710843373498,0.01927710843373498
4.1773600578308105,0.3542168674698795,0.3337349397590361,0.020481927710843395,0.020481927710843395
4.180323123931885,0.3542168674698795,0.3349397590361446,0.019277108433734924,0.019277108433734924
4.180808067321777,0.35542168674698793,0.3349397590361446,0.02048192771084334,0.02048192771084334
4.182942867279053,0.35542168674698793,0.336144578313253,0.019277108433734924,0.019277108433734924
4.184662342071533,0.3566265060240964,0.336144578313253,0.020481927710843395,0.020481927710843395
4.18488883972168,0.3578313253012048,0.336144578313253,0.02168674698795181,0.02168674698795181
4.194730281829834,0.3578313253012048,0.3373493975903614,0.020481927710843395,0.020481927710843395
4.199803829193115,0.3578313253012048,0.3385542168674699,0.019277108433734924,0.019277108433734924
4.2018141746521,0.3578313253012048,0.3397590361445783,0.01807228915662651,0.01807228915662651
4.201868057250977,0.35903614457831323,0.3397590361445783,0.019277108433734924,0.019277108433734924
4.202953338623047,0.3602409638554217,0.3397590361445783,0.020481927710843395,0.020481927710843395
4.204004287719727,0.3602409638554217,0.3409638554216867,0.01927710843373498,0.01927710843373498
4.205328464508057,0.3602409638554217,0.3421686746987952,0.01807228915662651,0.01807228915662651
4.2147369384765625,0.3614457831325301,0.3421686746987952,0.019277108433734924,0.019277108433734924
4.21550178527832,0.3614457831325301,0.3433734939759036,0.01807228915662651,0.01807228915662651
4.219883918762207,0.3614457831325301,0.344578313253012,0.016867469879518093,0.016867469879518093
4.220940589904785,0.3614457831325301,0.3457831325301205,0.015662650602409622,0.015662650602409622
4.224172115325928,0.3614457831325301,0.3469879518072289,0.014457831325301207,0.014457831325301207
4.225959300994873,0.36265060240963853,0.3469879518072289,0.015662650602409622,0.015662650602409622
4.227734088897705,0.36265060240963853,0.3481927710843373,0.014457831325301207,0.014457831325301207
4.232531547546387,0.363855421686747,0.3481927710843373,0.015662650602409678,0.015662650602409678
4.233409881591797,0.3650602409638554,0.3481927710843373,0.016867469879518093,0.016867469879518093
4.233546257019043,0.3650602409638554,0.3493975903614458,0.015662650602409622,0.015662650602409622
4.233650207519531,0.3650602409638554,0.3506024096385542,0.014457831325301207,0.014457831325301207
4.233798027038574,0.36626506024096384,0.3506024096385542,0.015662650602409622,0.015662650602409622
4.240532398223877,0.3674698795180723,0.3506024096385542,0.016867469879518093,0.016867469879518093
4.244264602661133,0.3686746987951807,0.3506024096385542,0.01807228915662651,0.01807228915662651
4.247745513916016,0.3686746987951807,0.35180722891566263,0.016867469879518093,0.016867469879518093
4.2498087882995605,0.36987951807228914,0.35180722891566263,0.01807228915662651,0.01807228915662651
4.25059700012207,0.3710843373493976,0.35180722891566263,0.01927710843373498,0.01927710843373498
4.251911163330078,0.3710843373493976,0.3530120481927711,0.01807228915662651,0.01807228915662651
4.25869083404541,0.3710843373493976,0.3542168674698795,0.016867469879518093,0.016867469879518093
4.258723258972168,0.372289156626506,0.3542168674698795,0.01807228915662651,0.01807228915662651
4.264420509338379,0.372289156626506,0.35542168674698793,0.016867469879518093,0.016867469879518093
4.26490592956543,0.372289156626506,0.3566265060240964,0.015662650602409622,0.015662650602409622
4.266945838928223,0.372289156626506,0.3578313253012048,0.014457831325301207,0.014457831325301207
4.267411231994629,0.37349397590361444,0.3578313253012048,0.015662650602409622,0.015662650602409622
4.26807165145874,0.37349397590361444,0.35903614457831323,0.014457831325301207,0.014457831325301207
4.2689104080200195,0.3746987951807229,0.35903614457831323,0.015662650602409678,0.015662650602409678
4.270406246185303,0.3746987951807229,0.3602409638554217,0.014457831325301207,0.014457831325301207
4.274791717529297,0.3759036144578313,0.3602409638554217,0.015662650602409622,0.015662650602409622
4.277224540710449,0.3759036144578313,0.3614457831325301,0.014457831325301207,0.014457831325301207
4.278608798980713,0.3759036144578313,0.36265060240963853,0.013253012048192792,0.013253012048192792
4.2801361083984375,0.3759036144578313,0.363855421686747,0.01204819277108432,0.01204819277108432
4.284004211425781,0.3759036144578313,0.3650602409638554,0.010843373493975905,0.010843373493975905
4.289589881896973,0.37710843373493974,0.3650602409638554,0.01204819277108432,0.01204819277108432
4.290650844573975,0.37710843373493974,0.36626506024096384,0.010843373493975905,0.010843373493975905
4.298084735870361,0.3783132530120482,0.36626506024096384,0.012048192771084376,0.012048192771084376
4.298780918121338,0.3795180722891566,0.36626506024096384,0.013253012048192792,0.013253012048192792
4.299806594848633,0.3795180722891566,0.3674698795180723,0.01204819277108432,0.01204819277108432
4.303738594055176,0.38072289156626504,0.3674698795180723,0.013253012048192736,0.013253012048192736
4.306488990783691,0.38072289156626504,0.3686746987951807,0.01204819277108432,0.01204819277108432
4.309858798980713,0.38072289156626504,0.36987951807228914,0.010843373493975905,0.010843373493975905
4.3102335929870605,0.38072289156626504,0.3710843373493976,0.009638554216867434,0.009638554216867434
4.312926292419434,0.3819277108433735,0.3710843373493976,0.010843373493975905,0.010843373493975905
4.322947978973389,0.3819277108433735,0.372289156626506,0.00963855421686749,0.00963855421686749
4.323273181915283,0.3819277108433735,0.37349397590361444,0.008433734939759074,0.008433734939759074
4.326290607452393,0.38313253012048193,0.37349397590361444,0.00963855421686749,0.00963855421686749
4.333693027496338,0.38313253012048193,0.3746987951807229,0.008433734939759019,0.008433734939759019
4.334051609039307,0.38433734939759034,0.3746987951807229,0.009638554216867434,0.009638554216867434
4.340443134307861,0.38433734939759034,0.3759036144578313,0.008433734939759019,0.008433734939759019
4.3405842781066895,0.38433734939759034,0.37710843373493974,0.0072289156626506035,0.0072289156626506035
4.340648174285889,0.38433734939759034,0.3783132530120482,0.0060240963855421326,0.0060240963855421326
4.341333389282227,0.3855421686746988,0.3783132530120482,0.0072289156626506035,0.0072289156626506035
4.342312812805176,0.3855421686746988,0.3795180722891566,0.006024096385542188,0.006024096385542188
4.34898567199707,0.38674698795180723,0.3795180722891566,0.0072289156626506035,0.0072289156626506035
4.350719928741455,0.38795180722891565,0.3795180722891566,0.008433734939759019,0.008433734939759019
4.353316307067871,0.38795180722891565,0.38072289156626504,0.0072289156626506035,0.0072289156626506035
4.357382297515869,0.38795180722891565,0.3819277108433735,0.0060240963855421326,0.0060240963855421326
4.358808517456055,0.3891566265060241,0.3819277108433735,0.0072289156626506035,0.0072289156626506035
4.362585544586182,0.39036144578313253,0.3819277108433735,0.008433734939759019,0.008433734939759019
4.362595558166504,0.39036144578313253,0.38313253012048193,0.0072289156626506035,0.0072289156626506035
4.367247104644775,0.39036144578313253,0.38433734939759034,0.006024096385542188,0.006024096385542188
4.367818355560303,0.39036144578313253,0.3855421686746988,0.004819277108433717,0.004819277108433717
4.379478454589844,0.39156626506024095,0.3855421686746988,0.0060240963855421326,0.0060240963855421326
4.379759788513184,0.3927710843373494,0.3855421686746988,0.0072289156626506035,0.0072289156626506035
4.383680820465088,0.3927710843373494,0.38674698795180723,0.006024096385542188,0.006024096385542188
4.384356498718262,0.3927710843373494,0.38795180722891565,0.004819277108433773,0.004819277108433773
4.387964248657227,0.3927710843373494,0.3891566265060241,0.0036144578313253017,0.0036144578313253017
4.395882606506348,0.3927710843373494,0.39036144578313253,0.0024096385542168863,0.0024096385542168863
4.398171901702881,0.3927710843373494,0.39156626506024095,0.001204819277108471,0.001204819277108471
4.40029239654541,0.3927710843373494,0.3927710843373494,0.0,0.0
4.411392688751221,0.39397590361445783,0.3927710843373494,0.0012048192771084154,0.0012048192771084154
4.4141764640808105,0.39397590361445783,0.39397590361445783,0.0,0.0
4.416118621826172,0.39518072289156625,0.39397590361445783,0.0012048192771084154,0.0012048192771084154
4.417122840881348,0.39518072289156625,0.39518072289156625,0.0,0.0
4.421267986297607,0.39518072289156625,0.3963855421686747,-0.001204819277108471,0.001204819277108471
4.422018051147461,0.39518072289156625,0.39759036144578314,-0.0024096385542168863,0.0024096385542168863
4.424072265625,0.39518072289156625,0.39879518072289155,-0.0036144578313253017,0.0036144578313253017
4.42902135848999,0.3963855421686747,0.39879518072289155,-0.002409638554216831,0.002409638554216831
4.4298095703125,0.39759036144578314,0.39879518072289155,-0.0012048192771084154,0.0012048192771084154
4.4329023361206055,0.39759036144578314,0.4,-0.0024096385542168863,0.0024096385542168863
4.43690299987793,0.39879518072289155,0.4,-0.001204819277108471,0.001204819277108471
4.44003438949585,0.39879518072289155,0.40120481927710844,-0.0024096385542168863,0.0024096385542168863
4.442166805267334,0.4,0.40120481927710844,-0.0012048192771084154,0.0012048192771084154
4.443120002746582,0.40120481927710844,0.40120481927710844,0.0,0.0
4.444019794464111,0.40120481927710844,0.40240963855421685,-0.0012048192771084154,0.0012048192771084154
4.444270133972168,0.40120481927710844,0.4036144578313253,-0.0024096385542168863,0.0024096385542168863
4.446139335632324,0.40120481927710844,0.40481927710843374,-0.0036144578313253017,0.0036144578313253017
4.446755886077881,0.40120481927710844,0.40602409638554215,-0.004819277108433717,0.004819277108433717
4.44735860824585,0.40120481927710844,0.4072289156626506,-0.006024096385542188,0.006024096385542188
4.457849502563477,0.40120481927710844,0.40843373493975904,-0.0072289156626506035,0.0072289156626506035
4.459373474121094,0.40240963855421685,0.40843373493975904,-0.006024096385542188,0.006024096385542188
4.459626197814941,0.4036144578313253,0.40843373493975904,-0.004819277108433717,0.004819277108433717
4.461479663848877,0.4036144578313253,0.40963855421686746,-0.0060240963855421326,0.0060240963855421326
4.461572647094727,0.4036144578313253,0.4108433734939759,-0.0072289156626506035,0.0072289156626506035
4.4628682136535645,0.4036144578313253,0.41204819277108434,-0.008433734939759019,0.008433734939759019
4.468992233276367,0.40481927710843374,0.41204819277108434,-0.0072289156626506035,0.0072289156626506035
4.473665237426758,0.40602409638554215,0.41204819277108434,-0.006024096385542188,0.006024096385542188
4.480418682098389,0.40602409638554215,0.41325301204819276,-0.0072289156626506035,0.0072289156626506035
4.480546951293945,0.40602409638554215,0.41445783132530123,-0.008433734939759074,0.008433734939759074
4.4849371910095215,0.4072289156626506,0.41445783132530123,-0.0072289156626506035,0.0072289156626506035
4.486321926116943,0.4072289156626506,0.41566265060240964,-0.008433734939759019,0.008433734939759019
4.487344264984131,0.4072289156626506,0.41686746987951806,-0.009638554216867434,0.009638554216867434
4.488593101501465,0.40843373493975904,0.41686746987951806,-0.008433734939759019,0.008433734939759019
4.491247653961182,0.40963855421686746,0.41686746987951806,-0.0072289156626506035,0.0072289156626506035
4.4991865158081055,0.4108433734939759,0.41686746987951806,-0.0060240963855421326,0.0060240963855421326
4.50646448135376,0.4108433734939759,0.41807228915662653,-0.0072289156626506035,0.0072289156626506035
4.508050441741943,0.4108433734939759,0.41927710843373495,-0.008433734939759019,0.008433734939759019
4.5114359855651855,0.4108433734939759,0.42048192771084336,-0.009638554216867434,0.009638554216867434
4.511720657348633,0.4108433734939759,0.42168674698795183,-0.010843373493975905,0.010843373493975905
4.513435363769531,0.4108433734939759,0.42289156626506025,-0.01204819277108432,0.01204819277108432
4.515065670013428,0.4108433734939759,0.42409638554216866,-0.013253012048192736,0.013253012048192736
4.516765594482422,0.4108433734939759,0.42530120481927713,-0.014457831325301207,0.014457831325301207
4.518826961517334,0.4108433734939759,0.42650602409638555,-0.015662650602409622,0.015662650602409622
4.52260684967041,0.41204819277108434,0.42650602409638555,-0.014457831325301207,0.014457831325301207
4.52508544921875,0.41204819277108434,0.42771084337349397,-0.015662650602409622,0.015662650602409622
4.527286529541016,0.41204819277108434,0.42891566265060244,-0.016867469879518093,0.016867469879518093
4.532310962677002,0.41204819277108434,0.43012048192771085,-0.01807228915662651,0.01807228915662651
4.538208484649658,0.41204819277108434,0.43132530120481927,-0.019277108433734924,0.019277108433734924
4.538934230804443,0.41204819277108434,0.43253012048192774,-0.020481927710843395,0.020481927710843395
4.540363788604736,0.41325301204819276,0.43253012048192774,-0.01927710843373498,0.01927710843373498
4.540800094604492,0.41445783132530123,0.43253012048192774,-0.01807228915662651,0.01807228915662651
4.548966407775879,0.41445783132530123,0.43373493975903615,-0.019277108433734924,0.019277108433734924
4.550020694732666,0.41566265060240964,0.43373493975903615,-0.01807228915662651,0.01807228915662651
4.551211357116699,0.41686746987951806,0.43373493975903615,-0.016867469879518093,0.016867469879518093
4.553237438201904,0.41686746987951806,0.43493975903614457,-0.01807228915662651,0.01807228915662651
4.55384635925293,0.41807228915662653,0.43493975903614457,-0.016867469879518038,0.016867469879518038
4.555328845977783,0.41927710843373495,0.43493975903614457,-0.015662650602409622,0.015662650602409622
4.560322284698486,0.41927710843373495,0.43614457831325304,-0.016867469879518093,0.016867469879518093
4.561245441436768,0.42048192771084336,0.43614457831325304,-0.015662650602409678,0.015662650602409678
4.56233024597168,0.42168674698795183,0.43614457831325304,-0.014457831325301207,0.014457831325301207
4.562966823577881,0.42168674698795183,0.43734939759036146,-0.015662650602409622,0.015662650602409622
4.565310955047607,0.42168674698795183,0.43855421686746987,-0.016867469879518038,0.016867469879518038
4.567295551300049,0.42168674698795183,0.4397590361445783,-0.018072289156626453,0.018072289156626453
4.5675458908081055,0.42289156626506025,0.4397590361445783,-0.016867469879518038,0.016867469879518038
4.577986240386963,0.42409638554216866,0.4397590361445783,-0.015662650602409622,0.015662650602409622
4.58143949508667,0.42409638554216866,0.44096385542168676,-0.016867469879518093,0.016867469879518093
4.583040237426758,0.42530120481927713,0.44096385542168676,-0.015662650602409622,0.015662650602409622
4.585392475128174,0.42530120481927713,0.44216867469879517,-0.016867469879518038,0.016867469879518038
4.585614204406738,0.42530120481927713,0.4433734939759036,-0.018072289156626453,0.018072289156626453
4.590579986572266,0.42650602409638555,0.4433734939759036,-0.016867469879518038,0.016867469879518038
4.592552661895752,0.42650602409638555,0.44457831325301206,-0.01807228915662651,0.01807228915662651
4.598576068878174,0.42771084337349397,0.44457831325301206,-0.016867469879518093,0.016867469879518093
4.606123924255371,0.42891566265060244,0.44457831325301206,-0.015662650602409622,0.015662650602409622
4.607917308807373,0.43012048192771085,0.44457831325301206,-0.014457831325301207,0.014457831325301207
4.6146063804626465,0.43132530120481927,0.44457831325301206,-0.013253012048192792,0.013253012048192792
4.614763259887695,0.43132530120481927,0.4457831325301205,-0.014457831325301207,0.014457831325301207
4.6181745529174805,0.43132530120481927,0.4469879518072289,-0.015662650602409622,0.015662650602409622
4.618831634521484,0.43253012048192774,0.4469879518072289,-0.014457831325301151,0.014457831325301151
4.6204729080200195,0.43253012048192774,0.44819277108433736,-0.015662650602409622,0.015662650602409622
4.644639015197754,0.43253012048192774,0.4493975903614458,-0.016867469879518038,0.016867469879518038
4.646399974822998,0.43373493975903615,0.4493975903614458,-0.015662650602409622,0.015662650602409622
4.6467132568359375,0.43373493975903615,0.4506024096385542,-0.016867469879518038,0.016867469879518038
4.649672508239746,0.43373493975903615,0.45180722891566266,-0.01807228915662651,0.01807228915662651
4.6502556800842285,0.43493975903614457,0.45180722891566266,-0.016867469879518093,0.016867469879518093
4.650735855102539,0.43493975903614457,0.4530120481927711,-0.01807228915662651,0.01807228915662651
4.657064437866211,0.43493975903614457,0.4542168674698795,-0.019277108433734924,0.019277108433734924
4.660768985748291,0.43614457831325304,0.4542168674698795,-0.018072289156626453,0.018072289156626453
4.6649017333984375,0.43614457831325304,0.45542168674698796,-0.019277108433734924,0.019277108433734924
4.666779041290283,0.43734939759036146,0.45542168674698796,-0.01807228915662651,0.01807228915662651
4.667730331420898,0.43734939759036146,0.4566265060240964,-0.019277108433734924,0.019277108433734924
4.668966770172119,0.43734939759036146,0.4578313253012048,-0.02048192771084334,0.02048192771084334
4.671320915222168,0.43734939759036146,0.45903614457831327,-0.02168674698795181,0.02168674698795181
4.673072814941406,0.43734939759036146,0.4602409638554217,-0.022891566265060226,0.022891566265060226
4.673398017883301,0.43855421686746987,0.4602409638554217,-0.02168674698795181,0.02168674698795181
4.674444198608398,0.43855421686746987,0.4614457831325301,-0.022891566265060226,0.022891566265060226
4.675793647766113,0.4397590361445783,0.4614457831325301,-0.02168674698795181,0.02168674698795181
4.676968574523926,0.44096385542168676,0.4614457831325301,-0.02048192771084334,0.02048192771084334
4.678436279296875,0.44096385542168676,0.46265060240963857,-0.02168674698795181,0.02168674698795181
4.682796001434326,0.44216867469879517,0.46265060240963857,-0.020481927710843395,0.020481927710843395
4.686903953552246,0.4433734939759036,0.46265060240963857,-0.01927710843373498,0.01927710843373498
4.688640117645264,0.44457831325301206,0.46265060240963857,-0.01807228915662651,0.01807228915662651
4.6970953941345215,0.4457831325301205,0.46265060240963857,-0.016867469879518093,0.016867469879518093
4.697323322296143,0.4457831325301205,0.463855421686747,-0.01807228915662651,0.01807228915662651
4.698184013366699,0.4457831325301205,0.4650602409638554,-0.019277108433734924,0.019277108433734924
4.698383331298828,0.4457831325301205,0.46626506024096387,-0.020481927710843395,0.020481927710843395
4.704562664031982,0.4469879518072289,0.46626506024096387,-0.01927710843373498,0.01927710843373498
4.711564540863037,0.4469879518072289,0.4674698795180723,-0.020481927710843395,0.020481927710843395
4.714198589324951,0.4469879518072289,0.4686746987951807,-0.02168674698795181,0.02168674698795181
4.715328693389893,0.4469879518072289,0.46987951807228917,-0.02289156626506028,0.02289156626506028
4.71736478805542,0.4469879518072289,0.4710843373493976,-0.024096385542168697,0.024096385542168697
4.721123218536377,0.4469879518072289,0.472289156626506,-0.025301204819277112,0.025301204819277112
4.732645034790039,0.44819277108433736,0.472289156626506,-0.02409638554216864,0.02409638554216864
4.735074043273926,0.44819277108433736,0.4734939759036145,-0.025301204819277112,0.025301204819277112
4.741187572479248,0.44819277108433736,0.4746987951807229,-0.026506024096385528,0.026506024096385528
4.74161958694458,0.44819277108433736,0.4759036144578313,-0.027710843373493943,0.027710843373493943
4.747857570648193,0.44819277108433736,0.4771084337349398,-0.028915662650602414,0.028915662650602414
4.751999855041504,0.4493975903614458,0.4771084337349398,-0.027710843373494,0.027710843373494
4.752573490142822,0.4493975903614458,0.4783132530120482,-0.028915662650602414,0.028915662650602414
4.75295877456665,0.4493975903614458,0.4795180722891566,-0.03012048192771083,0.03012048192771083
4.753007411956787,0.4506024096385542,0.4795180722891566,-0.028915662650602414,0.028915662650602414
4.762555122375488,0.4506024096385542,0.4807228915662651,-0.030120481927710885,0.030120481927710885
4.7688212394714355,0.45180722891566266,0.4807228915662651,-0.028915662650602414,0.028915662650602414
4.771315097808838,0.45180722891566266,0.4819277108433735,-0.03012048192771083,0.03012048192771083
4.771856784820557,0.45180722891566266,0.4831325301204819,-0.031325301204819245,0.031325301204819245
4.774096965789795,0.4530120481927711,0.4831325301204819,-0.03012048192771083,0.03012048192771083
4.77609920501709,0.4530120481927711,0.4843373493975904,-0.0313253012048193,0.0313253012048193
4.789891719818115,0.4530120481927711,0.4855421686746988,-0.032530120481927716,0.032530120481927716
4.7919535636901855,0.4530120481927711,0.4867469879518072,-0.03373493975903613,0.03373493975903613
4.794110298156738,0.4542168674698795,0.4867469879518072,-0.032530120481927716,0.032530120481927716
4.797224998474121,0.45542168674698796,0.4867469879518072,-0.031325301204819245,0.031325301204819245
4.798961639404297,0.4566265060240964,0.4867469879518072,-0.03012048192771083,0.03012048192771083
4.802240371704102,0.4578313253012048,0.4867469879518072,-0.028915662650602414,0.028915662650602414
4.802746295928955,0.4578313253012048,0.4879518072289157,-0.030120481927710885,0.030120481927710885
4.805257797241211,0.4578313253012048,0.4891566265060241,-0.0313253012048193,0.0313253012048193
4.805678367614746,0.45903614457831327,0.4891566265060241,-0.03012048192771083,0.03012048192771083
4.809179782867432,0.4602409638554217,0.4891566265060241,-0.028915662650602414,0.028915662650602414
4.8137335777282715,0.4602409638554217,0.4903614457831325,-0.03012048192771083,0.03012048192771083
4.813869953155518,0.4602409638554217,0.491566265060241,-0.0313253012048193,0.0313253012048193
4.815066814422607,0.4614457831325301,0.491566265060241,-0.030120481927710885,0.030120481927710885
4.818093776702881,0.4614457831325301,0.4927710843373494,-0.0313253012048193,0.0313253012048193
4.820044040679932,0.4614457831325301,0.4939759036144578,-0.032530120481927716,0.032530120481927716
4.833052635192871,0.46265060240963857,0.4939759036144578,-0.031325301204819245,0.031325301204819245
4.83612585067749,0.463855421686747,0.4939759036144578,-0.03012048192771083,0.03012048192771083
4.83871603012085,0.463855421686747,0.4951807228915663,-0.0313253012048193,0.0313253012048193
4.8388237953186035,0.463855421686747,0.4963855421686747,-0.032530120481927716,0.032530120481927716
4.8435282707214355,0.463855421686747,0.4975903614457831,-0.03373493975903613,0.03373493975903613
4.84374475479126,0.4650602409638554,0.4975903614457831,-0.032530120481927716,0.032530120481927716
4.846183776855469,0.46626506024096387,0.4975903614457831,-0.031325301204819245,0.031325301204819245
4.846954345703125,0.46626506024096387,0.4987951807228916,-0.032530120481927716,0.032530120481927716
4.8493804931640625,0.4674698795180723,0.4987951807228916,-0.0313253012048193,0.0313253012048193
4.855199813842773,0.4686746987951807,0.4987951807228916,-0.030120481927710885,0.030120481927710885
4.855573654174805,0.46987951807228917,0.4987951807228916,-0.028915662650602414,0.028915662650602414
4.858652591705322,0.46987951807228917,0.5,-0.03012048192771083,0.03012048192771083
4.859846591949463,0.4710843373493976,0.5,-0.028915662650602414,0.028915662650602414
4.864243030548096,0.472289156626506,0.5,-0.027710843373494,0.027710843373494
4.872082233428955,0.472289156626506,0.5012048192771085,-0.02891566265060247,0.02891566265060247
4.875096797943115,0.472289156626506,0.5024096385542168,-0.03012048192771083,0.03012048192771083
4.879672050476074,0.4734939759036145,0.5024096385542168,-0.02891566265060236,0.02891566265060236
4.882080554962158,0.4734939759036145,0.5036144578313253,-0.03012048192771083,0.03012048192771083
4.886024475097656,0.4734939759036145,0.5048192771084338,-0.0313253012048193,0.0313253012048193
4.888672351837158,0.4734939759036145,0.5060240963855421,-0.03253012048192766,0.03253012048192766
4.8918046951293945,0.4746987951807229,0.5060240963855421,-0.031325301204819245,0.031325301204819245
4.8920817375183105,0.4759036144578313,0.5060240963855421,-0.03012048192771083,0.03012048192771083
4.894867897033691,0.4759036144578313,0.5072289156626506,-0.0313253012048193,0.0313253012048193
4.906520843505859,0.4759036144578313,0.5084337349397591,-0.03253012048192777,0.03253012048192777
4.919010639190674,0.4759036144578313,0.5096385542168674,-0.03373493975903613,0.03373493975903613
4.9263691902160645,0.4759036144578313,0.5108433734939759,-0.0349397590361446,0.0349397590361446
4.927017688751221,0.4759036144578313,0.5120481927710844,-0.03614457831325307,0.03614457831325307
4.929230690002441,0.4771084337349398,0.5120481927710844,-0.0349397590361446,0.0349397590361446
4.929924964904785,0.4771084337349398,0.5132530120481927,-0.03614457831325296,0.03614457831325296
4.931975364685059,0.4783132530120482,0.5132530120481927,-0.034939759036144546,0.034939759036144546
4.933703899383545,0.4795180722891566,0.5132530120481927,-0.03373493975903613,0.03373493975903613
4.941788196563721,0.4807228915662651,0.5132530120481927,-0.03253012048192766,0.03253012048192766
4.946868419647217,0.4819277108433735,0.5132530120481927,-0.031325301204819245,0.031325301204819245
4.9521636962890625,0.4831325301204819,0.5132530120481927,-0.03012048192771083,0.03012048192771083
4.957333564758301,0.4843373493975904,0.5132530120481927,-0.02891566265060236,0.02891566265060236
4.958761215209961,0.4855421686746988,0.5132530120481927,-0.027710843373493943,0.027710843373493943
4.962064743041992,0.4867469879518072,0.5132530120481927,-0.026506024096385528,0.026506024096385528
4.962669372558594,0.4867469879518072,0.5144578313253012,-0.027710843373494,0.027710843373494
4.963417053222656,0.4879518072289157,0.5144578313253012,-0.026506024096385528,0.026506024096385528
4.966392993927002,0.4891566265060241,0.5144578313253012,-0.025301204819277112,0.025301204819277112
4.9782538414001465,0.4891566265060241,0.5156626506024097,-0.026506024096385583,0.026506024096385583
4.979239463806152,0.4891566265060241,0.516867469879518,-0.027710843373493943,0.027710843373493943
4.981707572937012,0.4891566265060241,0.5180722891566265,-0.028915662650602414,0.028915662650602414
4.983068466186523,0.4891566265060241,0.519277108433735,-0.030120481927710885,0.030120481927710885
4.983421325683594,0.4903614457831325,0.519277108433735,-0.02891566265060247,0.02891566265060247
4.98837947845459,0.491566265060241,0.519277108433735,-0.027710843373494,0.027710843373494
4.988729476928711,0.4927710843373494,0.519277108433735,-0.026506024096385583,0.026506024096385583
4.990699768066406,0.4927710843373494,0.5204819277108433,-0.027710843373493943,0.027710843373493943
4.996736526489258,0.4927710843373494,0.5216867469879518,-0.028915662650602414,0.028915662650602414
5.00170373916626,0.4939759036144578,0.5216867469879518,-0.027710843373494,0.027710843373494
5.002366065979004,0.4951807228915663,0.5216867469879518,-0.026506024096385528,0.026506024096385528
5.003061294555664,0.4951807228915663,0.5228915662650603,-0.027710843373494,0.027710843373494
5.00370979309082,0.4951807228915663,0.5240963855421686,-0.02891566265060236,0.02891566265060236
5.0045671463012695,0.4963855421686747,0.5240963855421686,-0.027710843373493943,0.027710843373493943
5.013482570648193,0.4963855421686747,0.5253012048192771,-0.028915662650602414,0.028915662650602414
5.02155065536499,0.4963855421686747,0.5265060240963856,-0.030120481927710885,0.030120481927710885
5.027906894683838,0.4975903614457831,0.5265060240963856,-0.02891566265060247,0.02891566265060247
5.030600070953369,0.4975903614457831,0.5277108433734939,-0.03012048192771083,0.03012048192771083
5.030868053436279,0.4975903614457831,0.5289156626506024,-0.0313253012048193,0.0313253012048193
5.032281875610352,0.4987951807228916,0.5289156626506024,-0.03012048192771083,0.03012048192771083
5.037811756134033,0.5,0.5289156626506024,-0.028915662650602414,0.028915662650602414
5.044199466705322,0.5,0.5301204819277109,-0.030120481927710885,0.030120481927710885
5.046075820922852,0.5012048192771085,0.5301204819277109,-0.028915662650602414,0.028915662650602414
5.046189785003662,0.5024096385542168,0.5301204819277109,-0.027710843373494054,0.027710843373494054
5.0547919273376465,0.5036144578313253,0.5301204819277109,-0.026506024096385583,0.026506024096385583
5.0566792488098145,0.5036144578313253,0.5313253012048192,-0.027710843373493943,0.027710843373493943
5.056849956512451,0.5048192771084338,0.5313253012048192,-0.026506024096385472,0.026506024096385472
5.0617451667785645,0.5060240963855421,0.5313253012048192,-0.025301204819277112,0.025301204819277112
5.062517166137695,0.5072289156626506,0.5313253012048192,-0.02409638554216864,0.02409638554216864
5.063145160675049,0.5072289156626506,0.5325301204819277,-0.025301204819277112,0.025301204819277112
5.064905166625977,0.5072289156626506,0.5337349397590362,-0.026506024096385583,0.026506024096385583
5.0665998458862305,0.5084337349397591,0.5337349397590362,-0.025301204819277112,0.025301204819277112
5.069223403930664,0.5084337349397591,0.5349397590361445,-0.026506024096385472,0.026506024096385472
5.071255683898926,0.5096385542168674,0.5349397590361445,-0.025301204819277112,0.025301204819277112
5.071805000305176,0.5108433734939759,0.5349397590361445,-0.02409638554216864,0.02409638554216864
5.078292369842529,0.5120481927710844,0.5349397590361445,-0.02289156626506017,0.02289156626506017
5.0792131423950195,0.5120481927710844,0.536144578313253,-0.02409638554216864,0.02409638554216864
5.082466125488281,0.5120481927710844,0.5373493975903615,-0.025301204819277112,0.025301204819277112
5.084020614624023,0.5120481927710844,0.5385542168674698,-0.026506024096385472,0.026506024096385472
5.086266040802002,0.5120481927710844,0.5397590361445783,-0.027710843373493943,0.027710843373493943
5.089687824249268,0.5132530120481927,0.5397590361445783,-0.026506024096385583,0.026506024096385583
5.092912197113037,0.5132530120481927,0.5409638554216868,-0.027710843373494054,0.027710843373494054
5.094051837921143,0.5132530120481927,0.5421686746987951,-0.028915662650602414,0.028915662650602414
5.094967842102051,0.5132530120481927,0.5433734939759036,-0.030120481927710885,0.030120481927710885
5.101254463195801,0.5144578313253012,0.5433734939759036,-0.028915662650602414,0.028915662650602414
5.102878093719482,0.5144578313253012,0.5445783132530121,-0.030120481927710885,0.030120481927710885
5.1063313484191895,0.5156626506024097,0.5445783132530121,-0.028915662650602414,0.028915662650602414
5.108592510223389,0.5156626506024097,0.5457831325301205,-0.030120481927710774,0.030120481927710774
5.113263130187988,0.516867469879518,0.5457831325301205,-0.028915662650602414,0.028915662650602414
5.126554012298584,0.5180722891566265,0.5457831325301205,-0.027710843373493943,0.027710843373493943
5.130220413208008,0.519277108433735,0.5457831325301205,-0.026506024096385472,0.026506024096385472
5.130477428436279,0.519277108433735,0.5469879518072289,-0.027710843373493943,0.027710843373493943
5.135558605194092,0.5204819277108433,0.5469879518072289,-0.026506024096385583,0.026506024096385583
5.138668537139893,0.5204819277108433,0.5481927710843374,-0.027710843373494054,0.027710843373494054
5.144654750823975,0.5204819277108433,0.5493975903614458,-0.028915662650602414,0.028915662650602414
5.16696310043335,0.5204819277108433,0.5506024096385542,-0.030120481927710885,0.030120481927710885
5.169337272644043,0.5204819277108433,0.5518072289156627,-0.031325301204819356,0.031325301204819356
5.170354843139648,0.5216867469879518,0.5518072289156627,-0.030120481927710885,0.030120481927710885
5.1782660484313965,0.5228915662650603,0.5518072289156627,-0.028915662650602414,0.028915662650602414
5.179956436157227,0.5228915662650603,0.553012048192771,-0.030120481927710774,0.030120481927710774
5.180581569671631,0.5228915662650603,0.5542168674698795,-0.031325301204819245,0.031325301204819245
5.181797027587891,0.5240963855421686,0.5542168674698795,-0.030120481927710885,0.030120481927710885
5.18302059173584,0.5253012048192771,0.5542168674698795,-0.028915662650602414,0.028915662650602414
5.186583042144775,0.5253012048192771,0.555421686746988,-0.030120481927710885,0.030120481927710885
5.18765926361084,0.5265060240963856,0.555421686746988,-0.028915662650602414,0.028915662650602414
5.189633369445801,0.5277108433734939,0.555421686746988,-0.027710843373494054,0.027710843373494054
5.192166328430176,0.5289156626506024,0.555421686746988,-0.026506024096385583,0.026506024096385583
5.196352481842041,0.5289156626506024,0.5566265060240964,-0.027710843373493943,0.027710843373493943
5.200503349304199,0.5301204819277109,0.5566265060240964,-0.026506024096385472,0.026506024096385472
5.200799942016602,0.5313253012048192,0.5566265060240964,-0.025301204819277112,0.025301204819277112
5.20173454284668,0.5325301204819277,0.5566265060240964,-0.02409638554216864,0.02409638554216864
5.201825141906738,0.5337349397590362,0.5566265060240964,-0.02289156626506017,0.02289156626506017
5.205318927764893,0.5337349397590362,0.5578313253012048,-0.02409638554216864,0.02409638554216864
5.209292411804199,0.5349397590361445,0.5578313253012048,-0.02289156626506028,0.02289156626506028
5.2113728523254395,0.5349397590361445,0.5590361445783133,-0.024096385542168752,0.024096385542168752
5.211871147155762,0.536144578313253,0.5590361445783133,-0.02289156626506028,0.02289156626506028
5.213560104370117,0.536144578313253,0.5602409638554217,-0.02409638554216864,0.02409638554216864
5.2145280838012695,0.5373493975903615,0.5602409638554217,-0.02289156626506017,0.02289156626506017
5.218088626861572,0.5385542168674698,0.5602409638554217,-0.02168674698795181,0.02168674698795181
5.222181797027588,0.5397590361445783,0.5602409638554217,-0.02048192771084334,0.02048192771084334
5.226390361785889,0.5397590361445783,0.5614457831325301,-0.02168674698795181,0.02168674698795181
5.226531505584717,0.5409638554216868,0.5614457831325301,-0.02048192771084334,0.02048192771084334
5.228307723999023,0.5421686746987951,0.5614457831325301,-0.01927710843373498,0.01927710843373498
5.23052978515625,0.5433734939759036,0.5614457831325301,-0.01807228915662651,0.01807228915662651
5.233393669128418,0.5433734939759036,0.5626506024096386,-0.01927710843373498,0.01927710843373498
5.235095024108887,0.5433734939759036,0.563855421686747,-0.02048192771084334,0.02048192771084334
5.23515510559082,0.5433734939759036,0.5650602409638554,-0.02168674698795181,0.02168674698795181
5.237464427947998,0.5433734939759036,0.5662650602409639,-0.02289156626506028,0.02289156626506028
5.244301795959473,0.5433734939759036,0.5674698795180723,-0.02409638554216864,0.02409638554216864
5.245611667633057,0.5433734939759036,0.5686746987951807,-0.025301204819277112,0.025301204819277112
5.247674465179443,0.5433734939759036,0.5698795180722892,-0.026506024096385583,0.026506024096385583
5.251636505126953,0.5445783132530121,0.5698795180722892,-0.025301204819277112,0.025301204819277112
5.254351615905762,0.5457831325301205,0.5698795180722892,-0.024096385542168752,0.024096385542168752
5.262643337249756,0.5457831325301205,0.5710843373493976,-0.025301204819277112,0.025301204819277112
5.26842737197876,0.5469879518072289,0.5710843373493976,-0.02409638554216864,0.02409638554216864
5.276110649108887,0.5481927710843374,0.5710843373493976,-0.02289156626506017,0.02289156626506017
5.276218414306641,0.5481927710843374,0.572289156626506,-0.02409638554216864,0.02409638554216864
5.282232761383057,0.5493975903614458,0.572289156626506,-0.02289156626506028,0.02289156626506028
5.285134315490723,0.5506024096385542,0.572289156626506,-0.02168674698795181,0.02168674698795181
5.287171363830566,0.5518072289156627,0.572289156626506,-0.02048192771084334,0.02048192771084334
5.290307998657227,0.553012048192771,0.572289156626506,-0.01927710843373498,0.01927710843373498
5.298248767852783,0.5542168674698795,0.572289156626506,-0.01807228915662651,0.01807228915662651
5.299386501312256,0.555421686746988,0.572289156626506,-0.016867469879518038,0.016867469879518038
5.299647808074951,0.555421686746988,0.5734939759036145,-0.01807228915662651,0.01807228915662651
5.301364898681641,0.555421686746988,0.5746987951807229,-0.01927710843373487,0.01927710843373487
5.30151891708374,0.555421686746988,0.5759036144578313,-0.02048192771084334,0.02048192771084334
5.3022780418396,0.555421686746988,0.5771084337349398,-0.02168674698795181,0.02168674698795181
5.306129455566406,0.5566265060240964,0.5771084337349398,-0.02048192771084345,0.02048192771084345
5.309010982513428,0.5578313253012048,0.5771084337349398,-0.01927710843373498,0.01927710843373498
5.310928821563721,0.5590361445783133,0.5771084337349398,-0.01807228915662651,0.01807228915662651
5.31333589553833,0.5602409638554217,0.5771084337349398,-0.01686746987951815,0.01686746987951815
5.317719459533691,0.5602409638554217,0.5783132530120482,-0.01807228915662651,0.01807228915662651
5.318578243255615,0.5602409638554217,0.5795180722891566,-0.01927710843373498,0.01927710843373498
5.318871021270752,0.5614457831325301,0.5795180722891566,-0.01807228915662651,0.01807228915662651
5.3206562995910645,0.5614457831325301,0.5807228915662651,-0.01927710843373498,0.01927710843373498
5.321707725524902,0.5626506024096386,0.5807228915662651,-0.01807228915662651,0.01807228915662651
5.3227338790893555,0.563855421686747,0.5807228915662651,-0.01686746987951815,0.01686746987951815
5.328000068664551,0.5650602409638554,0.5807228915662651,-0.015662650602409678,0.015662650602409678
5.344025135040283,0.5662650602409639,0.5807228915662651,-0.014457831325301207,0.014457831325301207
5.345211982727051,0.5662650602409639,0.5819277108433735,-0.015662650602409567,0.015662650602409567
5.349067211151123,0.5674698795180723,0.5819277108433735,-0.014457831325301207,0.014457831325301207
5.350104331970215,0.5686746987951807,0.5819277108433735,-0.013253012048192736,0.013253012048192736
5.352081775665283,0.5698795180722892,0.5819277108433735,-0.012048192771084265,0.012048192771084265
5.358983516693115,0.5710843373493976,0.5819277108433735,-0.010843373493975905,0.010843373493975905
5.361660003662109,0.5710843373493976,0.5831325301204819,-0.012048192771084376,0.012048192771084376
5.362578392028809,0.572289156626506,0.5831325301204819,-0.010843373493975905,0.010843373493975905
5.363209247589111,0.5734939759036145,0.5831325301204819,-0.009638554216867434,0.009638554216867434
5.371518611907959,0.5734939759036145,0.5843373493975904,-0.010843373493975905,0.010843373493975905
5.37242317199707,0.5734939759036145,0.5855421686746988,-0.012048192771084265,0.012048192771084265
5.375654697418213,0.5734939759036145,0.5867469879518072,-0.013253012048192736,0.013253012048192736
5.376158714294434,0.5746987951807229,0.5867469879518072,-0.012048192771084376,0.012048192771084376
5.377544403076172,0.5746987951807229,0.5879518072289157,-0.013253012048192847,0.013253012048192847
5.379209518432617,0.5746987951807229,0.5891566265060241,-0.014457831325301207,0.014457831325301207
5.380078315734863,0.5759036144578313,0.5891566265060241,-0.013253012048192736,0.013253012048192736
5.389714241027832,0.5771084337349398,0.5891566265060241,-0.012048192771084265,0.012048192771084265
5.391355514526367,0.5783132530120482,0.5891566265060241,-0.010843373493975905,0.010843373493975905
5.392881870269775,0.5783132530120482,0.5903614457831325,-0.012048192771084376,0.012048192771084376
5.394009113311768,0.5783132530120482,0.591566265060241,-0.013253012048192847,0.013253012048192847
5.400439739227295,0.5795180722891566,0.591566265060241,-0.012048192771084376,0.012048192771084376
5.400460720062256,0.5795180722891566,0.5927710843373494,-0.013253012048192736,0.013253012048192736
5.403862476348877,0.5795180722891566,0.5939759036144578,-0.014457831325301207,0.014457831325301207
5.405508041381836,0.5807228915662651,0.5939759036144578,-0.013253012048192736,0.013253012048192736
5.4069013595581055,0.5819277108433735,0.5939759036144578,-0.012048192771084376,0.012048192771084376
5.408990383148193,0.5831325301204819,0.5939759036144578,-0.010843373493975905,0.010843373493975905
5.430809020996094,0.5831325301204819,0.5951807228915663,-0.012048192771084376,0.012048192771084376
5.431634902954102,0.5831325301204819,0.5963855421686747,-0.013253012048192736,0.013253012048192736
5.439451217651367,0.5831325301204819,0.5975903614457831,-0.014457831325301207,0.014457831325301207
5.441945552825928,0.5843373493975904,0.5975903614457831,-0.013253012048192736,0.013253012048192736
5.443182945251465,0.5855421686746988,0.5975903614457831,-0.012048192771084376,0.012048192771084376
5.444458961486816,0.5867469879518072,0.5975903614457831,-0.010843373493975905,0.010843373493975905
5.445356369018555,0.5879518072289157,0.5975903614457831,-0.009638554216867434,0.009638554216867434
5.448470115661621,0.5879518072289157,0.5987951807228916,-0.010843373493975905,0.010843373493975905
5.456698894500732,0.5879518072289157,0.6,-0.012048192771084265,0.012048192771084265
5.472235679626465,0.5879518072289157,0.6012048192771084,-0.013253012048192736,0.013253012048192736
5.472341537475586,0.5879518072289157,0.6024096385542169,-0.014457831325301207,0.014457831325301207
5.472531318664551,0.5879518072289157,0.6036144578313253,-0.015662650602409567,0.015662650602409567
5.478938579559326,0.5879518072289157,0.6048192771084338,-0.016867469879518038,0.016867469879518038
5.479082107543945,0.5891566265060241,0.6048192771084338,-0.015662650602409678,0.015662650602409678
5.480113983154297,0.5903614457831325,0.6048192771084338,-0.014457831325301207,0.014457831325301207
5.48732852935791,0.5903614457831325,0.6060240963855422,-0.015662650602409678,0.015662650602409678
5.489400386810303,0.5903614457831325,0.6072289156626506,-0.016867469879518038,0.016867469879518038
5.491199970245361,0.591566265060241,0.6072289156626506,-0.015662650602409567,0.015662650602409567
5.494229316711426,0.5927710843373494,0.6072289156626506,-0.014457831325301207,0.014457831325301207
5.500182628631592,0.5939759036144578,0.6072289156626506,-0.013253012048192736,0.013253012048192736
5.510713577270508,0.5939759036144578,0.608433734939759,-0.014457831325301207,0.014457831325301207
5.514181613922119,0.5939759036144578,0.6096385542168675,-0.015662650602409678,0.015662650602409678
5.5162739753723145,0.5951807228915663,0.6096385542168675,-0.014457831325301207,0.014457831325301207
5.516395568847656,0.5951807228915663,0.6108433734939759,-0.015662650602409567,0.015662650602409567
5.525233745574951,0.5951807228915663,0.6120481927710844,-0.016867469879518038,0.016867469879518038
5.528470516204834,0.5963855421686747,0.6120481927710844,-0.015662650602409678,0.015662650602409678
5.529743194580078,0.5975903614457831,0.6120481927710844,-0.014457831325301207,0.014457831325301207
5.531270503997803,0.5987951807228916,0.6120481927710844,-0.013253012048192736,0.013253012048192736
5.53422212600708,0.6,0.6120481927710844,-0.012048192771084376,0.012048192771084376
5.541106700897217,0.6,0.6132530120481928,-0.013253012048192847,0.013253012048192847
5.544000148773193,0.6012048192771084,0.6132530120481928,-0.012048192771084376,0.012048192771084376
5.545100688934326,0.6012048192771084,0.6144578313253012,-0.013253012048192736,0.013253012048192736
5.547410488128662,0.6012048192771084,0.6156626506024097,-0.014457831325301207,0.014457831325301207
5.54763650894165,0.6024096385542169,0.6156626506024097,-0.013253012048192736,0.013253012048192736
5.554215908050537,0.6036144578313253,0.6156626506024097,-0.012048192771084376,0.012048192771084376
5.554999828338623,0.6048192771084338,0.6156626506024097,-0.010843373493975905,0.010843373493975905
5.558341979980469,0.6060240963855422,0.6156626506024097,-0.009638554216867434,0.009638554216867434
5.5593342781066895,0.6060240963855422,0.6168674698795181,-0.010843373493975905,0.010843373493975905
5.559404373168945,0.6072289156626506,0.6168674698795181,-0.009638554216867545,0.009638554216867545
5.560500144958496,0.608433734939759,0.6168674698795181,-0.008433734939759074,0.008433734939759074
5.562857151031494,0.6096385542168675,0.6168674698795181,-0.0072289156626506035,0.0072289156626506035
5.56364631652832,0.6108433734939759,0.6168674698795181,-0.006024096385542244,0.006024096385542244
5.566007137298584,0.6108433734939759,0.6180722891566265,-0.0072289156626506035,0.0072289156626506035
5.575679779052734,0.6120481927710844,0.6180722891566265,-0.0060240963855421326,0.0060240963855421326
5.577306747436523,0.6120481927710844,0.619277108433735,-0.0072289156626506035,0.0072289156626506035
5.590975761413574,0.6120481927710844,0.6204819277108434,-0.008433734939759074,0.008433734939759074
5.593339443206787,0.6120481927710844,0.6216867469879518,-0.009638554216867434,0.009638554216867434
5.595096588134766,0.6132530120481928,0.6216867469879518,-0.008433734939758963,0.008433734939758963
5.5957207679748535,0.6144578313253012,0.6216867469879518,-0.0072289156626506035,0.0072289156626506035
5.597690105438232,0.6144578313253012,0.6228915662650603,-0.008433734939759074,0.008433734939759074
5.598761558532715,0.6156626506024097,0.6228915662650603,-0.0072289156626506035,0.0072289156626506035
5.605875015258789,0.6168674698795181,0.6228915662650603,-0.0060240963855421326,0.0060240963855421326
5.614295959472656,0.6168674698795181,0.6240963855421687,-0.0072289156626506035,0.0072289156626506035
5.630822658538818,0.6168674698795181,0.6253012048192771,-0.008433734939758963,0.008433734939758963
5.6397809982299805,0.6168674698795181,0.6265060240963856,-0.009638554216867434,0.009638554216867434
5.641160011291504,0.6180722891566265,0.6265060240963856,-0.008433734939759074,0.008433734939759074
5.646876335144043,0.6180722891566265,0.6277108433734939,-0.009638554216867434,0.009638554216867434
5.650740623474121,0.6180722891566265,0.6289156626506024,-0.010843373493975905,0.010843373493975905
5.657875061035156,0.619277108433735,0.6289156626506024,-0.009638554216867434,0.009638554216867434
5.65913724899292,0.619277108433735,0.6301204819277109,-0.010843373493975905,0.010843373493975905
5.663280487060547,0.6204819277108434,0.6301204819277109,-0.009638554216867434,0.009638554216867434
5.665149211883545,0.6204819277108434,0.6313253012048192,-0.010843373493975794,0.010843373493975794
5.665617942810059,0.6216867469879518,0.6313253012048192,-0.009638554216867434,0.009638554216867434
5.665927886962891,0.6228915662650603,0.6313253012048192,-0.008433734939758963,0.008433734939758963
5.666037559509277,0.6228915662650603,0.6325301204819277,-0.009638554216867434,0.009638554216867434
5.670212745666504,0.6240963855421687,0.6325301204819277,-0.008433734939758963,0.008433734939758963
5.6759233474731445,0.6240963855421687,0.6337349397590362,-0.009638554216867434,0.009638554216867434
5.677402973175049,0.6240963855421687,0.6349397590361445,-0.010843373493975794,0.010843373493975794
5.677978515625,0.6253012048192771,0.6349397590361445,-0.009638554216867434,0.009638554216867434
5.680638790130615,0.6265060240963856,0.6349397590361445,-0.008433734939758963,0.008433734939758963
5.68330192565918,0.6265060240963856,0.636144578313253,-0.009638554216867434,0.009638554216867434
5.68492317199707,0.6277108433734939,0.636144578313253,-0.008433734939759074,0.008433734939759074
5.686366558074951,0.6289156626506024,0.636144578313253,-0.0072289156626506035,0.0072289156626506035
5.688884258270264,0.6289156626506024,0.6373493975903615,-0.008433734939759074,0.008433734939759074
5.693978786468506,0.6289156626506024,0.6385542168674698,-0.009638554216867434,0.009638554216867434
5.6981730461120605,0.6289156626506024,0.6397590361445783,-0.010843373493975905,0.010843373493975905
5.699929714202881,0.6301204819277109,0.6397590361445783,-0.009638554216867434,0.009638554216867434
5.7050018310546875,0.6313253012048192,0.6397590361445783,-0.008433734939759074,0.008433734939759074
5.708645343780518,0.6325301204819277,0.6397590361445783,-0.0072289156626506035,0.0072289156626506035
5.713313102722168,0.6337349397590362,0.6397590361445783,-0.0060240963855421326,0.0060240963855421326
5.71754264831543,0.6337349397590362,0.6409638554216868,-0.0072289156626506035,0.0072289156626506035
5.718153953552246,0.6349397590361445,0.6409638554216868,-0.006024096385542244,0.006024096385542244
5.718794345855713,0.636144578313253,0.6409638554216868,-0.004819277108433773,0.004819277108433773
5.722081661224365,0.636144578313253,0.6421686746987951,-0.0060240963855421326,0.0060240963855421326
5.72760009765625,0.6373493975903615,0.6421686746987951,-0.004819277108433662,0.004819277108433662
5.72776460647583,0.6385542168674698,0.6421686746987951,-0.0036144578313253017,0.0036144578313253017
5.731180191040039,0.6397590361445783,0.6421686746987951,-0.002409638554216831,0.002409638554216831
5.739410877227783,0.6397590361445783,0.6433734939759036,-0.0036144578313253017,0.0036144578313253017
5.741164684295654,0.6409638554216868,0.6433734939759036,-0.002409638554216831,0.002409638554216831
5.755917072296143,0.6409638554216868,0.6445783132530121,-0.0036144578313253017,0.0036144578313253017
5.765295505523682,0.6409638554216868,0.6457831325301204,-0.004819277108433662,0.004819277108433662
5.7663984298706055,0.6409638554216868,0.6469879518072289,-0.0060240963855421326,0.0060240963855421326
5.774937152862549,0.6421686746987951,0.6469879518072289,-0.004819277108433773,0.004819277108433773
5.775883197784424,0.6433734939759036,0.6469879518072289,-0.0036144578313253017,0.0036144578313253017
5.777479648590088,0.6445783132530121,0.6469879518072289,-0.002409638554216831,0.002409638554216831
5.787293910980225,0.6445783132530121,0.6481927710843374,-0.0036144578313253017,0.0036144578313253017
5.787717819213867,0.6445783132530121,0.6493975903614457,-0.004819277108433662,0.004819277108433662
5.788729190826416,0.6445783132530121,0.6506024096385542,-0.0060240963855421326,0.0060240963855421326
5.791500091552734,0.6457831325301204,0.6506024096385542,-0.004819277108433773,0.004819277108433773
5.795772552490234,0.6457831325301204,0.6518072289156627,-0.006024096385542244,0.006024096385542244
5.796878337860107,0.6457831325301204,0.653012048192771,-0.0072289156626506035,0.0072289156626506035
5.797435760498047,0.6457831325301204,0.6542168674698795,-0.008433734939759074,0.008433734939759074
5.797932147979736,0.6457831325301204,0.655421686746988,-0.009638554216867545,0.009638554216867545
5.817388534545898,0.6457831325301204,0.6566265060240963,-0.010843373493975905,0.010843373493975905
5.821650981903076,0.6457831325301204,0.6578313253012048,-0.012048192771084376,0.012048192771084376
5.82356595993042,0.6457831325301204,0.6590361445783133,-0.013253012048192847,0.013253012048192847
5.825178146362305,0.6469879518072289,0.6590361445783133,-0.012048192771084376,0.012048192771084376
5.826953887939453,0.6481927710843374,0.6590361445783133,-0.010843373493975905,0.010843373493975905
5.827173233032227,0.6493975903614457,0.6590361445783133,-0.009638554216867545,0.009638554216867545
5.82889986038208,0.6493975903614457,0.6602409638554216,-0.010843373493975905,0.010843373493975905
5.837039947509766,0.6506024096385542,0.6602409638554216,-0.009638554216867434,0.009638554216867434
5.838199615478516,0.6506024096385542,0.6614457831325301,-0.010843373493975905,0.010843373493975905
5.839111328125,0.6518072289156627,0.6614457831325301,-0.009638554216867434,0.009638554216867434
5.841198444366455,0.6518072289156627,0.6626506024096386,-0.010843373493975905,0.010843373493975905
5.84847354888916,0.6518072289156627,0.6638554216867469,-0.012048192771084265,0.012048192771084265
5.851516246795654,0.653012048192771,0.6638554216867469,-0.010843373493975905,0.010843373493975905
5.86204719543457,0.6542168674698795,0.6638554216867469,-0.009638554216867434,0.009638554216867434
5.867331027984619,0.6542168674698795,0.6650602409638554,-0.010843373493975905,0.010843373493975905
5.870828151702881,0.655421686746988,0.6650602409638554,-0.009638554216867434,0.009638554216867434
5.876506328582764,0.6566265060240963,0.6650602409638554,-0.008433734939759074,0.008433734939759074
5.878495216369629,0.6566265060240963,0.6662650602409639,-0.009638554216867545,0.009638554216867545
5.879703521728516,0.6578313253012048,0.6662650602409639,-0.008433734939759074,0.008433734939759074
5.880429744720459,0.6578313253012048,0.6674698795180722,-0.009638554216867434,0.009638554216867434
5.881784915924072,0.6578313253012048,0.6686746987951807,-0.010843373493975905,0.010843373493975905
5.882505893707275,0.6578313253012048,0.6698795180722892,-0.012048192771084376,0.012048192771084376
5.883704662322998,0.6578313253012048,0.6710843373493975,-0.013253012048192736,0.013253012048192736
5.8974289894104,0.6578313253012048,0.672289156626506,-0.014457831325301207,0.014457831325301207
5.897718906402588,0.6590361445783133,0.672289156626506,-0.013253012048192736,0.013253012048192736
5.897924423217773,0.6590361445783133,0.6734939759036145,-0.014457831325301207,0.014457831325301207
5.909538269042969,0.6602409638554216,0.6734939759036145,-0.013253012048192847,0.013253012048192847
5.91602897644043,0.6602409638554216,0.6746987951807228,-0.014457831325301207,0.014457831325301207
5.925056457519531,0.6614457831325301,0.6746987951807228,-0.013253012048192736,0.013253012048192736
5.925415992736816,0.6614457831325301,0.6759036144578313,-0.014457831325301207,0.014457831325301207
5.926609516143799,0.6614457831325301,0.6771084337349398,-0.015662650602409678,0.015662650602409678
5.930612087249756,0.6614457831325301,0.6783132530120481,-0.016867469879518038,0.016867469879518038
5.9310503005981445,0.6614457831325301,0.6795180722891566,-0.01807228915662651,0.01807228915662651
5.942706108093262,0.6626506024096386,0.6795180722891566,-0.016867469879518038,0.016867469879518038
5.943272590637207,0.6638554216867469,0.6795180722891566,-0.015662650602409678,0.015662650602409678
5.943909645080566,0.6638554216867469,0.6807228915662651,-0.01686746987951815,0.01686746987951815
5.944273471832275,0.6638554216867469,0.6819277108433734,-0.01807228915662651,0.01807228915662651
5.949464321136475,0.6650602409638554,0.6819277108433734,-0.016867469879518038,0.016867469879518038
5.949731826782227,0.6650602409638554,0.6831325301204819,-0.01807228915662651,0.01807228915662651
5.950933456420898,0.6662650602409639,0.6831325301204819,-0.016867469879518038,0.016867469879518038
5.956545829772949,0.6674698795180722,0.6831325301204819,-0.015662650602409678,0.015662650602409678
5.956592082977295,0.6674698795180722,0.6843373493975904,-0.01686746987951815,0.01686746987951815
5.958466529846191,0.6686746987951807,0.6843373493975904,-0.015662650602409678,0.015662650602409678
5.958504676818848,0.6698795180722892,0.6843373493975904,-0.014457831325301207,0.014457831325301207
5.968260288238525,0.6710843373493975,0.6843373493975904,-0.013253012048192847,0.013253012048192847
5.972803115844727,0.672289156626506,0.6843373493975904,-0.012048192771084376,0.012048192771084376
5.973870277404785,0.6734939759036145,0.6843373493975904,-0.010843373493975905,0.010843373493975905
5.976304531097412,0.6734939759036145,0.6855421686746987,-0.012048192771084265,0.012048192771084265
5.982296466827393,0.6734939759036145,0.6867469879518072,-0.013253012048192736,0.013253012048192736
5.991121292114258,0.6746987951807228,0.6867469879518072,-0.012048192771084376,0.012048192771084376
5.99249792098999,0.6746987951807228,0.6879518072289157,-0.013253012048192847,0.013253012048192847
5.998783111572266,0.6759036144578313,0.6879518072289157,-0.012048192771084376,0.012048192771084376
6.0002899169921875,0.6771084337349398,0.6879518072289157,-0.010843373493975905,0.010843373493975905
6.0122551918029785,0.6783132530120481,0.6879518072289157,-0.009638554216867545,0.009638554216867545
6.0163068771362305,0.6795180722891566,0.6879518072289157,-0.008433734939759074,0.008433734939759074
6.0198211669921875,0.6795180722891566,0.689156626506024,-0.009638554216867434,0.009638554216867434
6.021057605743408,0.6795180722891566,0.6903614457831325,-0.010843373493975905,0.010843373493975905
6.041190147399902,0.6795180722891566,0.691566265060241,-0.012048192771084376,0.012048192771084376
6.053360462188721,0.6795180722891566,0.6927710843373494,-0.013253012048192736,0.013253012048192736
6.055304527282715,0.6807228915662651,0.6927710843373494,-0.012048192771084265,0.012048192771084265
6.056827545166016,0.6819277108433734,0.6927710843373494,-0.010843373493975905,0.010843373493975905
6.058382034301758,0.6819277108433734,0.6939759036144578,-0.012048192771084376,0.012048192771084376
6.0663065910339355,0.6819277108433734,0.6951807228915663,-0.013253012048192847,0.013253012048192847
6.075572490692139,0.6819277108433734,0.6963855421686747,-0.014457831325301207,0.014457831325301207
6.088348388671875,0.6819277108433734,0.6975903614457831,-0.015662650602409678,0.015662650602409678
6.097012996673584,0.6819277108433734,0.6987951807228916,-0.01686746987951815,0.01686746987951815
6.100118637084961,0.6819277108433734,0.7,-0.01807228915662651,0.01807228915662651
6.101482391357422,0.6831325301204819,0.7,-0.016867469879518038,0.016867469879518038
6.105228424072266,0.6831325301204819,0.7012048192771084,-0.01807228915662651,0.01807228915662651
6.1082353591918945,0.6831325301204819,0.7024096385542169,-0.01927710843373498,0.01927710843373498
6.125890254974365,0.6831325301204819,0.7036144578313253,-0.02048192771084334,0.02048192771084334
6.132561206817627,0.6843373493975904,0.7036144578313253,-0.01927710843373487,0.01927710843373487
6.142923831939697,0.6843373493975904,0.7048192771084337,-0.02048192771084334,0.02048192771084334
6.148367404937744,0.6843373493975904,0.7060240963855422,-0.02168674698795181,0.02168674698795181
6.1495280265808105,0.6855421686746987,0.7060240963855422,-0.02048192771084345,0.02048192771084345
6.1508965492248535,0.6867469879518072,0.7060240963855422,-0.01927710843373498,0.01927710843373498
6.151367664337158,0.6867469879518072,0.7072289156626506,-0.02048192771084334,0.02048192771084334
6.161089897155762,0.6879518072289157,0.7072289156626506,-0.01927710843373487,0.01927710843373487
6.162478923797607,0.689156626506024,0.7072289156626506,-0.01807228915662651,0.01807228915662651
6.163365364074707,0.6903614457831325,0.7072289156626506,-0.016867469879518038,0.016867469879518038
6.163606643676758,0.6903614457831325,0.708433734939759,-0.01807228915662651,0.01807228915662651
6.165500640869141,0.6903614457831325,0.7096385542168675,-0.01927710843373498,0.01927710843373498
6.165719985961914,0.691566265060241,0.7096385542168675,-0.01807228915662651,0.01807228915662651
6.168058395385742,0.691566265060241,0.7108433734939759,-0.01927710843373487,0.01927710843373487
6.176502704620361,0.691566265060241,0.7120481927710843,-0.02048192771084334,0.02048192771084334
6.179327011108398,0.6927710843373494,0.7120481927710843,-0.01927710843373498,0.01927710843373498
6.192963123321533,0.6939759036144578,0.7120481927710843,-0.01807228915662651,0.01807228915662651
6.1942009925842285,0.6951807228915663,0.7120481927710843,-0.016867469879518038,0.016867469879518038
6.2011213302612305,0.6963855421686747,0.7120481927710843,-0.015662650602409678,0.015662650602409678
6.2050395011901855,0.6975903614457831,0.7120481927710843,-0.014457831325301207,0.014457831325301207
6.214474201202393,0.6975903614457831,0.7132530120481928,-0.015662650602409678,0.015662650602409678
6.216698169708252,0.6987951807228916,0.7132530120481928,-0.014457831325301207,0.014457831325301207
6.222012042999268,0.7,0.7132530120481928,-0.013253012048192847,0.013253012048192847
6.224842071533203,0.7012048192771084,0.7132530120481928,-0.012048192771084376,0.012048192771084376
6.238927841186523,0.7024096385542169,0.7132530120481928,-0.010843373493975905,0.010843373493975905
6.240258693695068,0.7036144578313253,0.7132530120481928,-0.009638554216867545,0.009638554216867545
6.24553108215332,0.7036144578313253,0.7144578313253012,-0.010843373493975905,0.010843373493975905
6.249333381652832,0.7048192771084337,0.7144578313253012,-0.009638554216867434,0.009638554216867434
6.258821487426758,0.7060240963855422,0.7144578313253012,-0.008433734939758963,0.008433734939758963
6.259314060211182,0.7072289156626506,0.7144578313253012,-0.0072289156626506035,0.0072289156626506035
6.267980575561523,0.7072289156626506,0.7156626506024096,-0.008433734939759074,0.008433734939759074
6.270584583282471,0.7072289156626506,0.7168674698795181,-0.009638554216867545,0.009638554216867545
6.2779741287231445,0.7072289156626506,0.7180722891566265,-0.010843373493975905,0.010843373493975905
6.2787861824035645,0.708433734939759,0.7180722891566265,-0.009638554216867434,0.009638554216867434
6.279158115386963,0.7096385542168675,0.7180722891566265,-0.008433734939758963,0.008433734939758963
6.279709815979004,0.7108433734939759,0.7180722891566265,-0.0072289156626506035,0.0072289156626506035
6.281001091003418,0.7108433734939759,0.7192771084337349,-0.008433734939759074,0.008433734939759074
6.285437107086182,0.7108433734939759,0.7204819277108434,-0.009638554216867545,0.009638554216867545
6.285440444946289,0.7108433734939759,0.7216867469879518,-0.010843373493975905,0.010843373493975905
6.295745372772217,0.7108433734939759,0.7228915662650602,-0.012048192771084376,0.012048192771084376
6.298285484313965,0.7120481927710843,0.7228915662650602,-0.010843373493975905,0.010843373493975905
6.299685001373291,0.7120481927710843,0.7240963855421687,-0.012048192771084376,0.012048192771084376
6.307539463043213,0.7120481927710843,0.7253012048192771,-0.013253012048192736,0.013253012048192736
6.310244083404541,0.7132530120481928,0.7253012048192771,-0.012048192771084265,0.012048192771084265
6.315927505493164,0.7144578313253012,0.7253012048192771,-0.010843373493975905,0.010843373493975905
6.320370197296143,0.7144578313253012,0.7265060240963855,-0.012048192771084376,0.012048192771084376
6.327845573425293,0.7144578313253012,0.727710843373494,-0.013253012048192847,0.013253012048192847
6.333269119262695,0.7156626506024096,0.727710843373494,-0.012048192771084376,0.012048192771084376
6.335263729095459,0.7168674698795181,0.727710843373494,-0.010843373493975905,0.010843373493975905
6.342558860778809,0.7180722891566265,0.727710843373494,-0.009638554216867545,0.009638554216867545
6.346421241760254,0.7192771084337349,0.727710843373494,-0.008433734939759074,0.008433734939759074
6.347785949707031,0.7204819277108434,0.727710843373494,-0.0072289156626506035,0.0072289156626506035
6.352114200592041,0.7204819277108434,0.7289156626506024,-0.008433734939758963,0.008433734939758963
6.357890605926514,0.7204819277108434,0.7301204819277108,-0.009638554216867434,0.009638554216867434
6.358542442321777,0.7204819277108434,0.7313253012048193,-0.010843373493975905,0.010843373493975905
6.359327793121338,0.7204819277108434,0.7325301204819277,-0.012048192771084265,0.012048192771084265
6.3684821128845215,0.7204819277108434,0.7337349397590361,-0.013253012048192736,0.013253012048192736
6.369472503662109,0.7216867469879518,0.7337349397590361,-0.012048192771084376,0.012048192771084376
6.373812198638916,0.7216867469879518,0.7349397590361446,-0.013253012048192847,0.013253012048192847
6.374875545501709,0.7216867469879518,0.736144578313253,-0.014457831325301207,0.014457831325301207
6.3839111328125,0.7228915662650602,0.736144578313253,-0.013253012048192736,0.013253012048192736
6.3877387046813965,0.7240963855421687,0.736144578313253,-0.012048192771084265,0.012048192771084265
6.38931131362915,0.7240963855421687,0.7373493975903614,-0.013253012048192736,0.013253012048192736
6.390151023864746,0.7240963855421687,0.7385542168674699,-0.014457831325301207,0.014457831325301207
6.396426677703857,0.7240963855421687,0.7397590361445783,-0.015662650602409567,0.015662650602409567
6.40018367767334,0.7253012048192771,0.7397590361445783,-0.014457831325301207,0.014457831325301207
6.408648490905762,0.7265060240963855,0.7397590361445783,-0.013253012048192736,0.013253012048192736
6.413023471832275,0.727710843373494,0.7397590361445783,-0.012048192771084265,0.012048192771084265
6.416075229644775,0.727710843373494,0.7409638554216867,-0.013253012048192736,0.013253012048192736
6.43169641494751,0.727710843373494,0.7421686746987952,-0.014457831325301207,0.014457831325301207
6.432186126708984,0.7289156626506024,0.7421686746987952,-0.013253012048192847,0.013253012048192847
6.436661720275879,0.7301204819277108,0.7421686746987952,-0.012048192771084376,0.012048192771084376
6.440225601196289,0.7313253012048193,0.7421686746987952,-0.010843373493975905,0.010843373493975905
6.4404706954956055,0.7325301204819277,0.7421686746987952,-0.009638554216867545,0.009638554216867545
6.4423089027404785,0.7337349397590361,0.7421686746987952,-0.008433734939759074,0.008433734939759074
6.464640140533447,0.7337349397590361,0.7433734939759036,-0.009638554216867434,0.009638554216867434
6.465147018432617,0.7337349397590361,0.744578313253012,-0.010843373493975905,0.010843373493975905
6.465353965759277,0.7349397590361446,0.744578313253012,-0.009638554216867434,0.009638554216867434
6.467043399810791,0.736144578313253,0.744578313253012,-0.008433734939759074,0.008433734939759074
6.473220348358154,0.7373493975903614,0.744578313253012,-0.0072289156626506035,0.0072289156626506035
6.479207515716553,0.7385542168674699,0.744578313253012,-0.0060240963855421326,0.0060240963855421326
6.484478950500488,0.7385542168674699,0.7457831325301205,-0.0072289156626506035,0.0072289156626506035
6.489773273468018,0.7397590361445783,0.7457831325301205,-0.006024096385542244,0.006024096385542244
6.493249416351318,0.7409638554216867,0.7457831325301205,-0.004819277108433773,0.004819277108433773
6.493973255157471,0.7421686746987952,0.7457831325301205,-0.0036144578313253017,0.0036144578313253017
6.500377178192139,0.7433734939759036,0.7457831325301205,-0.002409638554216942,0.002409638554216942
6.510851860046387,0.7433734939759036,0.7469879518072289,-0.0036144578313253017,0.0036144578313253017
6.512694358825684,0.7433734939759036,0.7481927710843373,-0.004819277108433773,0.004819277108433773
6.514808654785156,0.744578313253012,0.7481927710843373,-0.0036144578313253017,0.0036144578313253017
6.51863431930542,0.7457831325301205,0.7481927710843373,-0.002409638554216831,0.002409638554216831
6.524374961853027,0.7469879518072289,0.7481927710843373,-0.001204819277108471,0.001204819277108471
6.5321478843688965,0.7469879518072289,0.7493975903614458,-0.002409638554216942,0.002409638554216942
6.545230865478516,0.7481927710843373,0.7493975903614458,-0.001204819277108471,0.001204819277108471
6.546934604644775,0.7493975903614458,0.7493975903614458,0.0,0.0
6.556363582611084,0.7506024096385542,0.7493975903614458,0.00120481927710836,0.00120481927710836
6.5578293800354,0.7518072289156627,0.7493975903614458,0.002409638554216831,0.002409638554216831
6.563223838806152,0.7530120481927711,0.7493975903614458,0.0036144578313253017,0.0036144578313253017
6.56374454498291,0.7542168674698795,0.7493975903614458,0.004819277108433662,0.004819277108433662
6.567731857299805,0.7542168674698795,0.7506024096385542,0.0036144578313253017,0.0036144578313253017
6.585734844207764,0.7542168674698795,0.7518072289156627,0.002409638554216831,0.002409638554216831
6.595481872558594,0.7542168674698795,0.7530120481927711,0.00120481927710836,0.00120481927710836
6.620388031005859,0.755421686746988,0.7530120481927711,0.002409638554216831,0.002409638554216831
6.622217655181885,0.7566265060240964,0.7530120481927711,0.0036144578313253017,0.0036144578313253017
6.623806476593018,0.7566265060240964,0.7542168674698795,0.002409638554216942,0.002409638554216942
6.625630855560303,0.7578313253012048,0.7542168674698795,0.0036144578313253017,0.0036144578313253017
6.626461505889893,0.7590361445783133,0.7542168674698795,0.004819277108433773,0.004819277108433773
6.629493236541748,0.7602409638554217,0.7542168674698795,0.006024096385542244,0.006024096385542244
6.635927677154541,0.7602409638554217,0.755421686746988,0.004819277108433773,0.004819277108433773
6.637598037719727,0.7602409638554217,0.7566265060240964,0.0036144578313253017,0.0036144578313253017
6.637990474700928,0.7602409638554217,0.7578313253012048,0.002409638554216942,0.002409638554216942
6.645347595214844,0.7614457831325301,0.7578313253012048,0.0036144578313253017,0.0036144578313253017
6.6570048332214355,0.7614457831325301,0.7590361445783133,0.002409638554216831,0.002409638554216831
6.660864353179932,0.7614457831325301,0.7602409638554217,0.00120481927710836,0.00120481927710836
6.661308765411377,0.7614457831325301,0.7614457831325301,0.0,0.0
6.6667304039001465,0.7614457831325301,0.7626506024096386,-0.001204819277108471,0.001204819277108471
6.670965194702148,0.7614457831325301,0.763855421686747,-0.002409638554216942,0.002409638554216942
6.67302131652832,0.7626506024096386,0.763855421686747,-0.001204819277108471,0.001204819277108471
6.678884029388428,0.7626506024096386,0.7650602409638554,-0.002409638554216831,0.002409638554216831
6.686779975891113,0.7626506024096386,0.7662650602409639,-0.0036144578313253017,0.0036144578313253017
6.691479682922363,0.7626506024096386,0.7674698795180723,-0.004819277108433773,0.004819277108433773
6.704941272735596,0.7626506024096386,0.7686746987951807,-0.0060240963855421326,0.0060240963855421326
6.710348606109619,0.7626506024096386,0.7698795180722892,-0.0072289156626506035,0.0072289156626506035
6.7238264083862305,0.7626506024096386,0.7710843373493976,-0.008433734939759074,0.008433734939759074
6.738430023193359,0.763855421686747,0.7710843373493976,-0.0072289156626506035,0.0072289156626506035
6.739706039428711,0.7650602409638554,0.7710843373493976,-0.006024096385542244,0.006024096385542244
6.748180866241455,0.7662650602409639,0.7710843373493976,-0.004819277108433773,0.004819277108433773
6.757767677307129,0.7662650602409639,0.772289156626506,-0.0060240963855421326,0.0060240963855421326
6.770216464996338,0.7662650602409639,0.7734939759036145,-0.0072289156626506035,0.0072289156626506035
6.7718586921691895,0.7674698795180723,0.7734939759036145,-0.0060240963855421326,0.0060240963855421326
6.776012897491455,0.7674698795180723,0.7746987951807229,-0.0072289156626506035,0.0072289156626506035
6.782595157623291,0.7686746987951807,0.7746987951807229,-0.006024096385542244,0.006024096385542244
6.78373384475708,0.7698795180722892,0.7746987951807229,-0.004819277108433773,0.004819277108433773
6.784047603607178,0.7698795180722892,0.7759036144578313,-0.0060240963855421326,0.0060240963855421326
6.796910285949707,0.7698795180722892,0.7771084337349398,-0.0072289156626506035,0.0072289156626506035
6.800755023956299,0.7710843373493976,0.7771084337349398,-0.0060240963855421326,0.0060240963855421326
6.811164855957031,0.7710843373493976,0.7783132530120482,-0.0072289156626506035,0.0072289156626506035
6.818630695343018,0.7710843373493976,0.7795180722891566,-0.008433734939758963,0.008433734939758963
6.823826313018799,0.772289156626506,0.7795180722891566,-0.0072289156626506035,0.0072289156626506035
6.824888706207275,0.7734939759036145,0.7795180722891566,-0.0060240963855421326,0.0060240963855421326
6.832329273223877,0.7734939759036145,0.7807228915662651,-0.0072289156626506035,0.0072289156626506035
6.833391189575195,0.7746987951807229,0.7807228915662651,-0.0060240963855421326,0.0060240963855421326
6.835277557373047,0.7746987951807229,0.7819277108433735,-0.0072289156626506035,0.0072289156626506035
6.842811107635498,0.7746987951807229,0.7831325301204819,-0.008433734939758963,0.008433734939758963
6.8498687744140625,0.7759036144578313,0.7831325301204819,-0.0072289156626506035,0.0072289156626506035
6.851791858673096,0.7771084337349398,0.7831325301204819,-0.0060240963855421326,0.0060240963855421326
6.855072498321533,0.7783132530120482,0.7831325301204819,-0.004819277108433662,0.004819277108433662
6.857386112213135,0.7795180722891566,0.7831325301204819,-0.0036144578313253017,0.0036144578313253017
6.858666896820068,0.7807228915662651,0.7831325301204819,-0.002409638554216831,0.002409638554216831
6.861515522003174,0.7819277108433735,0.7831325301204819,-0.00120481927710836,0.00120481927710836
6.864893436431885,0.7831325301204819,0.7831325301204819,0.0,0.0
6.865984916687012,0.7843373493975904,0.7831325301204819,0.001204819277108471,0.001204819277108471
6.866665363311768,0.7843373493975904,0.7843373493975904,0.0,0.0
6.869109630584717,0.7855421686746988,0.7843373493975904,0.001204819277108471,0.001204819277108471
6.876256942749023,0.7867469879518072,0.7843373493975904,0.002409638554216831,0.002409638554216831
6.891602993011475,0.7867469879518072,0.7855421686746988,0.00120481927710836,0.00120481927710836
6.895119667053223,0.7879518072289157,0.7855421686746988,0.002409638554216831,0.002409638554216831
6.900217056274414,0.7879518072289157,0.7867469879518072,0.001204819277108471,0.001204819277108471
6.910425662994385,0.7879518072289157,0.7879518072289157,0.0,0.0
6.913238048553467,0.7891566265060241,0.7879518072289157,0.001204819277108471,0.001204819277108471
6.913393020629883,0.7891566265060241,0.7891566265060241,0.0,0.0
6.916301727294922,0.7903614457831325,0.7891566265060241,0.00120481927710836,0.00120481927710836
6.923368453979492,0.791566265060241,0.7891566265060241,0.002409638554216831,0.002409638554216831
6.926692485809326,0.791566265060241,0.7903614457831325,0.001204819277108471,0.001204819277108471
6.9327569007873535,0.7927710843373494,0.7903614457831325,0.002409638554216942,0.002409638554216942
6.934110641479492,0.7927710843373494,0.791566265060241,0.001204819277108471,0.001204819277108471
6.935351371765137,0.7939759036144578,0.791566265060241,0.002409638554216831,0.002409638554216831
6.938385486602783,0.7939759036144578,0.7927710843373494,0.00120481927710836,0.00120481927710836
6.942707061767578,0.7939759036144578,0.7939759036144578,0.0,0.0
6.945911884307861,0.7951807228915663,0.7939759036144578,0.001204819277108471,0.001204819277108471
6.949900150299072,0.7963855421686747,0.7939759036144578,0.002409638554216942,0.002409638554216942
6.95442533493042,0.7975903614457831,0.7939759036144578,0.0036144578313253017,0.0036144578313253017
6.963850021362305,0.7975903614457831,0.7951807228915663,0.002409638554216831,0.002409638554216831
6.966992378234863,0.7987951807228916,0.7951807228915663,0.0036144578313253017,0.0036144578313253017
6.971227169036865,0.7987951807228916,0.7963855421686747,0.002409638554216831,0.002409638554216831
6.974982738494873,0.7987951807228916,0.7975903614457831,0.001204819277108471,0.001204819277108471
6.976957321166992,0.7987951807228916,0.7987951807228916,0.0,0.0
7.003883361816406,0.7987951807228916,0.8,-0.001204819277108471,0.001204819277108471
7.004083156585693,0.7987951807228916,0.8012048192771084,-0.002409638554216831,0.002409638554216831
7.008736610412598,0.8,0.8012048192771084,-0.00120481927710836,0.00120481927710836
7.012012958526611,0.8012048192771084,0.8012048192771084,0.0,0.0
7.013647079467773,0.8024096385542169,0.8012048192771084,0.001204819277108471,0.001204819277108471
7.021140098571777,0.8024096385542169,0.8024096385542169,0.0,0.0
7.0248870849609375,0.8024096385542169,0.8036144578313253,-0.001204819277108471,0.001204819277108471
7.040184020996094,0.8024096385542169,0.8048192771084337,-0.002409638554216831,0.002409638554216831
7.053788661956787,0.8024096385542169,0.8060240963855422,-0.0036144578313253017,0.0036144578313253017
7.055686950683594,0.8036144578313253,0.8060240963855422,-0.002409638554216831,0.002409638554216831
7.076974868774414,0.8048192771084337,0.8060240963855422,-0.001204819277108471,0.001204819277108471
7.082598686218262,0.8060240963855422,0.8060240963855422,0.0,0.0
7.084004878997803,0.8060240963855422,0.8072289156626506,-0.001204819277108471,0.001204819277108471
7.09128475189209,0.8072289156626506,0.8072289156626506,0.0,0.0
7.092433452606201,0.8072289156626506,0.808433734939759,-0.00120481927710836,0.00120481927710836
7.094799041748047,0.8072289156626506,0.8096385542168675,-0.002409638554216831,0.002409638554216831
7.100345611572266,0.8072289156626506,0.810843373493976,-0.0036144578313253017,0.0036144578313253017
7.110236644744873,0.808433734939759,0.810843373493976,-0.002409638554216942,0.002409638554216942
7.115861892700195,0.8096385542168675,0.810843373493976,-0.001204819277108471,0.001204819277108471
7.118048667907715,0.810843373493976,0.810843373493976,0.0,0.0
7.121306419372559,0.810843373493976,0.8120481927710843,-0.00120481927710836,0.00120481927710836
7.129210948944092,0.8120481927710843,0.8120481927710843,0.0,0.0
7.132735252380371,0.8132530120481928,0.8120481927710843,0.001204819277108471,0.001204819277108471
7.13531494140625,0.8144578313253013,0.8120481927710843,0.002409638554216942,0.002409638554216942
7.139040946960449,0.8144578313253013,0.8132530120481928,0.001204819277108471,0.001204819277108471
7.141000270843506,0.8144578313253013,0.8144578313253013,0.0,0.0
7.144723892211914,0.8156626506024096,0.8144578313253013,0.00120481927710836,0.00120481927710836
7.15159797668457,0.8168674698795181,0.8144578313253013,0.002409638554216831,0.002409638554216831
7.153995990753174,0.8168674698795181,0.8156626506024096,0.001204819277108471,0.001204819277108471
7.165435791015625,0.8168674698795181,0.8168674698795181,0.0,0.0
7.165714263916016,0.8180722891566266,0.8168674698795181,0.001204819277108471,0.001204819277108471
7.177674293518066,0.8192771084337349,0.8168674698795181,0.002409638554216831,0.002409638554216831
7.180581092834473,0.8204819277108434,0.8168674698795181,0.0036144578313253017,0.0036144578313253017
7.189410209655762,0.8216867469879519,0.8168674698795181,0.004819277108433773,0.004819277108433773
7.193546772003174,0.8216867469879519,0.8180722891566266,0.0036144578313253017,0.0036144578313253017
7.204380512237549,0.8228915662650602,0.8180722891566266,0.004819277108433662,0.004819277108433662
7.21190071105957,0.8228915662650602,0.8192771084337349,0.0036144578313253017,0.0036144578313253017
7.212266445159912,0.8228915662650602,0.8204819277108434,0.002409638554216831,0.002409638554216831
7.228405952453613,0.8228915662650602,0.8216867469879519,0.00120481927710836,0.00120481927710836
7.229036808013916,0.8240963855421687,0.8216867469879519,0.002409638554216831,0.002409638554216831
7.239734649658203,0.8253012048192772,0.8216867469879519,0.0036144578313253017,0.0036144578313253017
7.243657112121582,0.8265060240963855,0.8216867469879519,0.004819277108433662,0.004819277108433662
7.253113269805908,0.827710843373494,0.8216867469879519,0.0060240963855421326,0.0060240963855421326
7.2802348136901855,0.827710843373494,0.8228915662650602,0.004819277108433773,0.004819277108433773
7.2824931144714355,0.827710843373494,0.8240963855421687,0.0036144578313253017,0.0036144578313253017
7.29460334777832,0.827710843373494,0.8253012048192772,0.002409638554216831,0.002409638554216831
7.297633171081543,0.827710843373494,0.8265060240963855,0.001204819277108471,0.001204819277108471
7.303818702697754,0.8289156626506025,0.8265060240963855,0.002409638554216942,0.002409638554216942
7.313223838806152,0.8289156626506025,0.827710843373494,0.001204819277108471,0.001204819277108471
7.334021091461182,0.8289156626506025,0.8289156626506025,0.0,0.0
7.335499286651611,0.8289156626506025,0.8301204819277108,-0.00120481927710836,0.00120481927710836
7.338891983032227,0.8289156626506025,0.8313253012048193,-0.002409638554216831,0.002409638554216831
7.350874423980713,0.8301204819277108,0.8313253012048193,-0.001204819277108471,0.001204819277108471
7.351758003234863,0.8301204819277108,0.8325301204819278,-0.002409638554216942,0.002409638554216942
7.362517833709717,0.8313253012048193,0.8325301204819278,-0.001204819277108471,0.001204819277108471
7.369500160217285,0.8325301204819278,0.8325301204819278,0.0,0.0
7.375258445739746,0.8337349397590361,0.8325301204819278,0.00120481927710836,0.00120481927710836
7.375377655029297,0.8349397590361446,0.8325301204819278,0.002409638554216831,0.002409638554216831
7.396203994750977,0.8361445783132531,0.8325301204819278,0.0036144578313253017,0.0036144578313253017
7.404247283935547,0.8373493975903614,0.8325301204819278,0.004819277108433662,0.004819277108433662
7.40880012512207,0.8373493975903614,0.8337349397590361,0.0036144578313253017,0.0036144578313253017
7.430069446563721,0.8373493975903614,0.8349397590361446,0.002409638554216831,0.002409638554216831
7.432866096496582,0.8373493975903614,0.8361445783132531,0.00120481927710836,0.00120481927710836
7.445284366607666,0.8385542168674699,0.8361445783132531,0.002409638554216831,0.002409638554216831
7.449304580688477,0.8385542168674699,0.8373493975903614,0.001204819277108471,0.001204819277108471
7.484653949737549,0.8385542168674699,0.8385542168674699,0.0,0.0
7.488605499267578,0.8397590361445784,0.8385542168674699,0.001204819277108471,0.001204819277108471
7.4894561767578125,0.8397590361445784,0.8397590361445784,0.0,0.0
7.535679340362549,0.8409638554216867,0.8397590361445784,0.00120481927710836,0.00120481927710836
7.556496620178223,0.8421686746987952,0.8397590361445784,0.002409638554216831,0.002409638554216831
7.55803918838501,0.8421686746987952,0.8409638554216867,0.001204819277108471,0.001204819277108471
7.563418865203857,0.8421686746987952,0.8421686746987952,0.0,0.0
7.567956924438477,0.8421686746987952,0.8433734939759037,-0.001204819277108471,0.001204819277108471
7.581247329711914,0.8433734939759037,0.8433734939759037,0.0,0.0
7.583644390106201,0.844578313253012,0.8433734939759037,0.00120481927710836,0.00120481927710836
7.590403079986572,0.844578313253012,0.844578313253012,0.0,0.0
7.598884582519531,0.8457831325301205,0.844578313253012,0.001204819277108471,0.001204819277108471
7.607956409454346,0.8457831325301205,0.8457831325301205,0.0,0.0
7.614475250244141,0.8457831325301205,0.846987951807229,-0.001204819277108471,0.001204819277108471
7.617553234100342,0.846987951807229,0.846987951807229,0.0,0.0
7.618285655975342,0.8481927710843373,0.846987951807229,0.00120481927710836,0.00120481927710836
7.626527309417725,0.8493975903614458,0.846987951807229,0.002409638554216831,0.002409638554216831
7.633532047271728,0.8493975903614458,0.8481927710843373,0.001204819277108471,0.001204819277108471
7.640171527862549,0.8493975903614458,0.8493975903614458,0.0,0.0
7.642434120178223,0.8493975903614458,0.8506024096385543,-0.001204819277108471,0.001204819277108471
7.645616054534912,0.8493975903614458,0.8518072289156626,-0.002409638554216831,0.002409638554216831
7.65646505355835,0.8493975903614458,0.8530120481927711,-0.0036144578313253017,0.0036144578313253017
7.659874439239502,0.8506024096385543,0.8530120481927711,-0.002409638554216831,0.002409638554216831
7.6694254875183105,0.8506024096385543,0.8542168674698796,-0.0036144578313253017,0.0036144578313253017
7.674029350280762,0.8518072289156626,0.8542168674698796,-0.002409638554216942,0.002409638554216942
7.7131428718566895,0.8530120481927711,0.8542168674698796,-0.001204819277108471,0.001204819277108471
7.715023517608643,0.8530120481927711,0.8554216867469879,-0.002409638554216831,0.002409638554216831
7.720763206481934,0.8530120481927711,0.8566265060240964,-0.0036144578313253017,0.0036144578313253017
7.735554695129395,0.8530120481927711,0.8578313253012049,-0.004819277108433773,0.004819277108433773
7.752102375030518,0.8530120481927711,0.8590361445783132,-0.0060240963855421326,0.0060240963855421326
7.766532897949219,0.8542168674698796,0.8590361445783132,-0.004819277108433662,0.004819277108433662
7.76864767074585,0.8554216867469879,0.8590361445783132,-0.0036144578313253017,0.0036144578313253017
7.776583194732666,0.8554216867469879,0.8602409638554217,-0.004819277108433773,0.004819277108433773
7.791396141052246,0.8554216867469879,0.8614457831325302,-0.006024096385542244,0.006024096385542244
7.792178630828857,0.8554216867469879,0.8626506024096385,-0.0072289156626506035,0.0072289156626506035
7.817599773406982,0.8566265060240964,0.8626506024096385,-0.0060240963855421326,0.0060240963855421326
7.838021278381348,0.8578313253012049,0.8626506024096385,-0.004819277108433662,0.004819277108433662
7.845249652862549,0.8590361445783132,0.8626506024096385,-0.0036144578313253017,0.0036144578313253017
7.845552921295166,0.8602409638554217,0.8626506024096385,-0.002409638554216831,0.002409638554216831
7.864766597747803,0.8602409638554217,0.863855421686747,-0.0036144578313253017,0.0036144578313253017
7.866546154022217,0.8602409638554217,0.8650602409638555,-0.004819277108433773,0.004819277108433773
7.868208408355713,0.8602409638554217,0.8662650602409638,-0.0060240963855421326,0.0060240963855421326
7.871011257171631,0.8602409638554217,0.8674698795180723,-0.0072289156626506035,0.0072289156626506035
7.881724834442139,0.8602409638554217,0.8686746987951808,-0.008433734939759074,0.008433734939759074
7.909990310668945,0.8614457831325302,0.8686746987951808,-0.0072289156626506035,0.0072289156626506035
7.92125129699707,0.8614457831325302,0.8698795180722891,-0.008433734939758963,0.008433734939758963
7.943639278411865,0.8614457831325302,0.8710843373493976,-0.009638554216867434,0.009638554216867434
7.944077968597412,0.8626506024096385,0.8710843373493976,-0.008433734939759074,0.008433734939759074
7.95559549331665,0.863855421686747,0.8710843373493976,-0.0072289156626506035,0.0072289156626506035
7.962855339050293,0.863855421686747,0.8722891566265061,-0.008433734939759074,0.008433734939759074
7.970418930053711,0.8650602409638555,0.8722891566265061,-0.0072289156626506035,0.0072289156626506035
8.005406379699707,0.8650602409638555,0.8734939759036144,-0.008433734939758963,0.008433734939758963
8.021062850952148,0.8662650602409638,0.8734939759036144,-0.0072289156626506035,0.0072289156626506035
8.02529525756836,0.8674698795180723,0.8734939759036144,-0.0060240963855421326,0.0060240963855421326
8.026803970336914,0.8674698795180723,0.8746987951807229,-0.0072289156626506035,0.0072289156626506035
8.028103828430176,0.8686746987951808,0.8746987951807229,-0.0060240963855421326,0.0060240963855421326
8.039265632629395,0.8698795180722891,0.8746987951807229,-0.004819277108433773,0.004819277108433773
8.04245376586914,0.8710843373493976,0.8746987951807229,-0.0036144578313253017,0.0036144578313253017
8.044695854187012,0.8710843373493976,0.8759036144578313,-0.004819277108433662,0.004819277108433662
8.046777725219727,0.8710843373493976,0.8771084337349397,-0.0060240963855421326,0.0060240963855421326
8.075765609741211,0.8710843373493976,0.8783132530120482,-0.0072289156626506035,0.0072289156626506035
8.079719543457031,0.8722891566265061,0.8783132530120482,-0.0060240963855421326,0.0060240963855421326
8.086450576782227,0.8722891566265061,0.8795180722891566,-0.0072289156626504925,0.0072289156626504925
8.116462707519531,0.8722891566265061,0.880722891566265,-0.008433734939758963,0.008433734939758963
8.121142387390137,0.8734939759036144,0.880722891566265,-0.0072289156626506035,0.0072289156626506035
8.12500286102295,0.8734939759036144,0.8819277108433735,-0.008433734939759074,0.008433734939759074
8.132320404052734,0.8734939759036144,0.8831325301204819,-0.009638554216867434,0.009638554216867434
8.153286933898926,0.8734939759036144,0.8843373493975903,-0.010843373493975905,0.010843373493975905
8.155960083007812,0.8746987951807229,0.8843373493975903,-0.009638554216867434,0.009638554216867434
8.201292991638184,0.8759036144578313,0.8843373493975903,-0.008433734939759074,0.008433734939759074
8.214360237121582,0.8771084337349397,0.8843373493975903,-0.0072289156626506035,0.0072289156626506035
8.219609260559082,0.8783132530120482,0.8843373493975903,-0.0060240963855421326,0.0060240963855421326
8.249105453491211,0.8795180722891566,0.8843373493975903,-0.004819277108433773,0.004819277108433773
8.255365371704102,0.8795180722891566,0.8855421686746988,-0.006024096385542244,0.006024096385542244
8.275731086730957,0.8795180722891566,0.8867469879518072,-0.0072289156626506035,0.0072289156626506035
8.304500579833984,0.8795180722891566,0.8879518072289156,-0.008433734939759074,0.008433734939759074
8.321727752685547,0.8795180722891566,0.8891566265060241,-0.009638554216867545,0.009638554216867545
8.333889961242676,0.880722891566265,0.8891566265060241,-0.008433734939759074,0.008433734939759074
8.340692520141602,0.8819277108433735,0.8891566265060241,-0.0072289156626506035,0.0072289156626506035
8.34650707244873,0.8819277108433735,0.8903614457831325,-0.008433734939758963,0.008433734939758963
8.358095169067383,0.8819277108433735,0.891566265060241,-0.009638554216867434,0.009638554216867434
8.38607406616211,0.8831325301204819,0.891566265060241,-0.008433734939759074,0.008433734939759074
8.39045238494873,0.8843373493975903,0.891566265060241,-0.0072289156626506035,0.0072289156626506035
8.39057445526123,0.8855421686746988,0.891566265060241,-0.0060240963855421326,0.0060240963855421326
8.406035423278809,0.8855421686746988,0.8927710843373494,-0.0072289156626506035,0.0072289156626506035
8.416379928588867,0.8855421686746988,0.8939759036144578,-0.008433734939758963,0.008433734939758963
8.41836166381836,0.8867469879518072,0.8939759036144578,-0.0072289156626506035,0.0072289156626506035
8.447525024414062,0.8867469879518072,0.8951807228915662,-0.008433734939759074,0.008433734939759074
8.45370101928711,0.8867469879518072,0.8963855421686747,-0.009638554216867545,0.009638554216867545
8.469624519348145,0.8879518072289156,0.8963855421686747,-0.008433734939759074,0.008433734939759074
8.502012252807617,0.8891566265060241,0.8963855421686747,-0.0072289156626506035,0.0072289156626506035
8.509875297546387,0.8891566265060241,0.8975903614457831,-0.008433734939758963,0.008433734939758963
8.517587661743164,0.8891566265060241,0.8987951807228916,-0.009638554216867434,0.009638554216867434
8.519593238830566,0.8903614457831325,0.8987951807228916,-0.008433734939759074,0.008433734939759074
8.543581008911133,0.8903614457831325,0.9,-0.009638554216867545,0.009638554216867545
8.55483341217041,0.8903614457831325,0.9012048192771084,-0.010843373493975905,0.010843373493975905
8.58709716796875,0.891566265060241,0.9012048192771084,-0.009638554216867434,0.009638554216867434
8.600852966308594,0.891566265060241,0.9024096385542169,-0.010843373493975905,0.010843373493975905
8.643057823181152,0.891566265060241,0.9036144578313253,-0.012048192771084376,0.012048192771084376
8.64981460571289,0.891566265060241,0.9048192771084337,-0.013253012048192736,0.013253012048192736
8.65212631225586,0.891566265060241,0.9060240963855422,-0.014457831325301207,0.014457831325301207
8.656041145324707,0.891566265060241,0.9072289156626506,-0.015662650602409678,0.015662650602409678
8.675929069519043,0.8927710843373494,0.9072289156626506,-0.014457831325301207,0.014457831325301207
8.703359603881836,0.8939759036144578,0.9072289156626506,-0.013253012048192847,0.013253012048192847
8.731952667236328,0.8939759036144578,0.908433734939759,-0.014457831325301207,0.014457831325301207
8.732519149780273,0.8939759036144578,0.9096385542168675,-0.015662650602409678,0.015662650602409678
8.741957664489746,0.8951807228915662,0.9096385542168675,-0.014457831325301207,0.014457831325301207
8.753695487976074,0.8951807228915662,0.9108433734939759,-0.015662650602409678,0.015662650602409678
8.765012741088867,0.8951807228915662,0.9120481927710843,-0.016867469879518038,0.016867469879518038
8.809355735778809,0.8951807228915662,0.9132530120481928,-0.01807228915662651,0.01807228915662651
8.824183464050293,0.8963855421686747,0.9132530120481928,-0.016867469879518038,0.016867469879518038
8.847686767578125,0.8975903614457831,0.9132530120481928,-0.015662650602409678,0.015662650602409678
8.904946327209473,0.8975903614457831,0.9144578313253012,-0.01686746987951815,0.01686746987951815
8.907159805297852,0.8975903614457831,0.9156626506024096,-0.01807228915662651,0.01807228915662651
8.910823822021484,0.8975903614457831,0.9168674698795181,-0.01927710843373498,0.01927710843373498
8.915581703186035,0.8987951807228916,0.9168674698795181,-0.01807228915662651,0.01807228915662651
8.929161071777344,0.9,0.9168674698795181,-0.016867469879518038,0.016867469879518038
8.997310638427734,0.9,0.9180722891566265,-0.01807228915662651,0.01807228915662651
9.002654075622559,0.9012048192771084,0.9180722891566265,-0.01686746987951815,0.01686746987951815
9.011579513549805,0.9012048192771084,0.9192771084337349,-0.01807228915662651,0.01807228915662651
9.025619506835938,0.9012048192771084,0.9204819277108434,-0.01927710843373498,0.01927710843373498
9.06938934326172,0.9012048192771084,0.9216867469879518,-0.02048192771084345,0.02048192771084345
9.090917587280272,0.9024096385542169,0.9216867469879518,-0.01927710843373498,0.01927710843373498
9.12140655517578,0.9024096385542169,0.9228915662650602,-0.02048192771084334,0.02048192771084334
9.126424789428713,0.9036144578313253,0.9228915662650602,-0.01927710843373487,0.01927710843373487
9.139900207519531,0.9048192771084337,0.9228915662650602,-0.01807228915662651,0.01807228915662651
9.167425155639648,0.9048192771084337,0.9240963855421687,-0.01927710843373498,0.01927710843373498
9.171987533569336,0.9048192771084337,0.9253012048192771,-0.02048192771084345,0.02048192771084345
9.185611724853516,0.9048192771084337,0.9265060240963855,-0.02168674698795181,0.02168674698795181
9.208925247192385,0.9048192771084337,0.927710843373494,-0.02289156626506028,0.02289156626506028
9.223718643188477,0.9048192771084337,0.9289156626506024,-0.024096385542168752,0.024096385542168752
9.233473777770996,0.9048192771084337,0.9301204819277108,-0.025301204819277112,0.025301204819277112
9.23629665374756,0.9060240963855422,0.9301204819277108,-0.02409638554216864,0.02409638554216864
9.249667167663574,0.9072289156626506,0.9301204819277108,-0.02289156626506017,0.02289156626506017
9.27059268951416,0.908433734939759,0.9301204819277108,-0.02168674698795181,0.02168674698795181
9.279014587402344,0.908433734939759,0.9313253012048193,-0.02289156626506028,0.02289156626506028
9.29257869720459,0.9096385542168675,0.9313253012048193,-0.02168674698795181,0.02168674698795181
9.300867080688477,0.9096385542168675,0.9325301204819277,-0.02289156626506028,0.02289156626506028
9.301249504089355,0.9096385542168675,0.9337349397590361,-0.02409638554216864,0.02409638554216864
9.303125381469728,0.9096385542168675,0.9349397590361446,-0.025301204819277112,0.025301204819277112
9.329582214355469,0.9108433734939759,0.9349397590361446,-0.02409638554216864,0.02409638554216864
9.377577781677246,0.9120481927710843,0.9349397590361446,-0.02289156626506028,0.02289156626506028
9.41472339630127,0.9120481927710843,0.936144578313253,-0.024096385542168752,0.024096385542168752
9.47395133972168,0.9132530120481928,0.936144578313253,-0.02289156626506028,0.02289156626506028
9.496110916137695,0.9132530120481928,0.9373493975903614,-0.02409638554216864,0.02409638554216864
9.52593231201172,0.9132530120481928,0.9385542168674699,-0.025301204819277112,0.025301204819277112
9.551727294921877,0.9132530120481928,0.9397590361445783,-0.026506024096385583,0.026506024096385583
9.574609756469728,0.9132530120481928,0.9409638554216867,-0.027710843373493943,0.027710843373493943
9.58749771118164,0.9144578313253012,0.9409638554216867,-0.026506024096385472,0.026506024096385472
9.688261032104492,0.9144578313253012,0.9421686746987952,-0.027710843373493943,0.027710843373493943
9.691436767578123,0.9144578313253012,0.9433734939759036,-0.028915662650602414,0.028915662650602414
9.746594429016112,0.9156626506024096,0.9433734939759036,-0.027710843373494054,0.027710843373494054
9.761730194091797,0.9156626506024096,0.944578313253012,-0.028915662650602414,0.028915662650602414
9.768888473510742,0.9168674698795181,0.944578313253012,-0.027710843373493943,0.027710843373493943
9.778167724609377,0.9168674698795181,0.9457831325301205,-0.028915662650602414,0.028915662650602414
9.787882804870604,0.9180722891566265,0.9457831325301205,-0.027710843373493943,0.027710843373493943
9.82421588897705,0.9192771084337349,0.9457831325301205,-0.026506024096385583,0.026506024096385583
9.82797622680664,0.9192771084337349,0.946987951807229,-0.027710843373494054,0.027710843373494054
9.840415000915527,0.9204819277108434,0.946987951807229,-0.026506024096385583,0.026506024096385583
9.843899726867676,0.9216867469879518,0.946987951807229,-0.025301204819277112,0.025301204819277112
9.856919288635254,0.9228915662650602,0.946987951807229,-0.024096385542168752,0.024096385542168752
9.85703945159912,0.9228915662650602,0.9481927710843373,-0.025301204819277112,0.025301204819277112
9.863751411437988,0.9240963855421687,0.9481927710843373,-0.02409638554216864,0.02409638554216864
9.88234043121338,0.9253012048192771,0.9481927710843373,-0.02289156626506017,0.02289156626506017
9.9015531539917,0.9265060240963855,0.9481927710843373,-0.02168674698795181,0.02168674698795181
9.967987060546877,0.9265060240963855,0.9493975903614458,-0.02289156626506028,0.02289156626506028
9.98944854736328,0.9265060240963855,0.9506024096385542,-0.024096385542168752,0.024096385542168752
9.99091625213623,0.927710843373494,0.9506024096385542,-0.02289156626506028,0.02289156626506028
10.000460624694824,0.9289156626506024,0.9506024096385542,-0.02168674698795181,0.02168674698795181
10.01823616027832,0.9289156626506024,0.9518072289156626,-0.02289156626506017,0.02289156626506017
10.099898338317873,0.9301204819277108,0.9518072289156626,-0.02168674698795181,0.02168674698795181
10.219409942626951,0.9313253012048193,0.9518072289156626,-0.02048192771084334,0.02048192771084334
10.27590560913086,0.9325301204819277,0.9518072289156626,-0.01927710843373487,0.01927710843373487
10.277670860290527,0.9325301204819277,0.9530120481927711,-0.02048192771084334,0.02048192771084334
10.278122901916504,0.9337349397590361,0.9530120481927711,-0.01927710843373498,0.01927710843373498
10.34000015258789,0.9349397590361446,0.9530120481927711,-0.01807228915662651,0.01807228915662651
10.405299186706545,0.936144578313253,0.9530120481927711,-0.016867469879518038,0.016867469879518038
10.437182426452637,0.9373493975903614,0.9530120481927711,-0.015662650602409678,0.015662650602409678
10.46438217163086,0.9373493975903614,0.9542168674698795,-0.01686746987951815,0.01686746987951815
10.492193222045898,0.9385542168674699,0.9542168674698795,-0.015662650602409678,0.015662650602409678
10.507438659667969,0.9397590361445783,0.9542168674698795,-0.014457831325301207,0.014457831325301207
10.557567596435549,0.9397590361445783,0.9554216867469879,-0.015662650602409567,0.015662650602409567
10.58516788482666,0.9397590361445783,0.9566265060240964,-0.016867469879518038,0.016867469879518038
10.625415802001951,0.9409638554216867,0.9566265060240964,-0.015662650602409678,0.015662650602409678
10.629046440124512,0.9421686746987952,0.9566265060240964,-0.014457831325301207,0.014457831325301207
10.692922592163086,0.9421686746987952,0.9578313253012049,-0.015662650602409678,0.015662650602409678
10.69299602508545,0.9421686746987952,0.9590361445783132,-0.016867469879518038,0.016867469879518038
10.695356369018556,0.9433734939759036,0.9590361445783132,-0.015662650602409567,0.015662650602409567
10.695518493652344,0.9433734939759036,0.9602409638554217,-0.016867469879518038,0.016867469879518038
10.699585914611816,0.944578313253012,0.9602409638554217,-0.015662650602409678,0.015662650602409678
10.75216007232666,0.944578313253012,0.9614457831325302,-0.01686746987951815,0.01686746987951815
10.823604583740234,0.944578313253012,0.9626506024096385,-0.01807228915662651,0.01807228915662651
10.88266658782959,0.9457831325301205,0.9626506024096385,-0.016867469879518038,0.016867469879518038
10.906633377075195,0.9457831325301205,0.963855421686747,-0.01807228915662651,0.01807228915662651
10.940260887145996,0.9457831325301205,0.9650602409638555,-0.01927710843373498,0.01927710843373498
10.985241889953612,0.946987951807229,0.9650602409638555,-0.01807228915662651,0.01807228915662651
10.995701789855955,0.9481927710843373,0.9650602409638555,-0.01686746987951815,0.01686746987951815
10.996214866638184,0.9493975903614458,0.9650602409638555,-0.015662650602409678,0.015662650602409678
11.0,0.9506024096385542,0.9650602409638555,-0.014457831325301207,0.014457831325301207
11.039402961730955,0.9518072289156626,0.9650602409638555,-0.013253012048192847,0.013253012048192847
11.091922760009766,0.9518072289156626,0.9662650602409638,-0.014457831325301207,0.014457831325301207
11.146316528320312,0.9530120481927711,0.9662650602409638,-0.013253012048192736,0.013253012048192736
11.183009147644045,0.9530120481927711,0.9674698795180723,-0.014457831325301207,0.014457831325301207
11.228487968444824,0.9530120481927711,0.9686746987951808,-0.015662650602409678,0.015662650602409678
11.238525390625,0.9530120481927711,0.9698795180722891,-0.016867469879518038,0.016867469879518038
11.303592681884766,0.9530120481927711,0.9710843373493976,-0.01807228915662651,0.01807228915662651
11.313977241516112,0.9530120481927711,0.9722891566265061,-0.01927710843373498,0.01927710843373498
11.533587455749512,0.9542168674698795,0.9722891566265061,-0.01807228915662651,0.01807228915662651
11.564061164855955,0.9542168674698795,0.9734939759036144,-0.01927710843373487,0.01927710843373487
11.62967014312744,0.9554216867469879,0.9734939759036144,-0.01807228915662651,0.01807228915662651
11.653491020202637,0.9566265060240964,0.9734939759036144,-0.016867469879518038,0.016867469879518038
11.66103172302246,0.9578313253012049,0.9734939759036144,-0.015662650602409567,0.015662650602409567
11.68082046508789,0.9578313253012049,0.9746987951807229,-0.016867469879518038,0.016867469879518038
11.693853378295898,0.9578313253012049,0.9759036144578314,-0.01807228915662651,0.01807228915662651
11.697104454040527,0.9578313253012049,0.9771084337349397,-0.01927710843373487,0.01927710843373487
11.81947135925293,0.9578313253012049,0.9783132530120482,-0.02048192771084334,0.02048192771084334
11.874611854553224,0.9590361445783132,0.9783132530120482,-0.01927710843373498,0.01927710843373498
11.880000114440918,0.9602409638554217,0.9783132530120482,-0.01807228915662651,0.01807228915662651
11.983856201171877,0.9614457831325302,0.9783132530120482,-0.016867469879518038,0.016867469879518038
11.990226745605469,0.9626506024096385,0.9783132530120482,-0.015662650602409678,0.015662650602409678
12.011862754821776,0.9626506024096385,0.9795180722891567,-0.01686746987951815,0.01686746987951815
12.061427116394045,0.963855421686747,0.9795180722891567,-0.015662650602409678,0.015662650602409678
12.094390869140623,0.963855421686747,0.980722891566265,-0.016867469879518038,0.016867469879518038
12.140634536743164,0.963855421686747,0.9819277108433735,-0.01807228915662651,0.01807228915662651
12.220778465270996,0.9650602409638555,0.9819277108433735,-0.016867469879518038,0.016867469879518038
12.285785675048828,0.9662650602409638,0.9819277108433735,-0.015662650602409678,0.015662650602409678
12.291631698608398,0.9674698795180723,0.9819277108433735,-0.014457831325301207,0.014457831325301207
12.382452011108398,0.9686746987951808,0.9819277108433735,-0.013253012048192736,0.013253012048192736
12.482081413269045,0.9698795180722891,0.9819277108433735,-0.012048192771084376,0.012048192771084376
12.582927703857422,0.9698795180722891,0.983132530120482,-0.013253012048192847,0.013253012048192847
12.720236778259276,0.9710843373493976,0.983132530120482,-0.012048192771084376,0.012048192771084376
12.845349311828612,0.9710843373493976,0.9843373493975903,-0.013253012048192736,0.013253012048192736
13.213167190551758,0.9722891566265061,0.9843373493975903,-0.012048192771084265,0.012048192771084265
13.232488632202148,0.9722891566265061,0.9855421686746988,-0.013253012048192736,0.013253012048192736
13.304085731506348,0.9734939759036144,0.9855421686746988,-0.012048192771084376,0.012048192771084376
13.310199737548828,0.9746987951807229,0.9855421686746988,-0.010843373493975905,0.010843373493975905
13.32960033416748,0.9759036144578314,0.9855421686746988,-0.009638554216867434,0.009638554216867434
13.357439994812012,0.9771084337349397,0.9855421686746988,-0.008433734939759074,0.008433734939759074
13.428834915161133,0.9783132530120482,0.9855421686746988,-0.0072289156626506035,0.0072289156626506035
13.437517166137695,0.9783132530120482,0.9867469879518073,-0.008433734939759074,0.008433734939759074
13.484800338745115,0.9783132530120482,0.9879518072289156,-0.009638554216867434,0.009638554216867434
13.678750991821287,0.9795180722891567,0.9879518072289156,-0.008433734939758963,0.008433734939758963
13.683182716369627,0.980722891566265,0.9879518072289156,-0.0072289156626506035,0.0072289156626506035
13.75159740447998,0.9819277108433735,0.9879518072289156,-0.0060240963855421326,0.0060240963855421326
13.764501571655272,0.9819277108433735,0.9891566265060241,-0.0072289156626506035,0.0072289156626506035
13.85086154937744,0.983132530120482,0.9891566265060241,-0.0060240963855421326,0.0060240963855421326
13.971052169799805,0.983132530120482,0.9903614457831326,-0.0072289156626506035,0.0072289156626506035
14.016182899475098,0.9843373493975903,0.9903614457831326,-0.006024096385542244,0.006024096385542244
14.12855339050293,0.9843373493975903,0.9915662650602409,-0.0072289156626506035,0.0072289156626506035
14.374823570251465,0.9855421686746988,0.9915662650602409,-0.0060240963855421326,0.0060240963855421326
14.521471977233888,0.9855421686746988,0.9927710843373494,-0.0072289156626506035,0.0072289156626506035
14.666571617126465,0.9855421686746988,0.9939759036144579,-0.008433734939759074,0.008433734939759074
14.72091579437256,0.9855421686746988,0.9951807228915662,-0.009638554216867434,0.009638554216867434
14.728548049926758,0.9855421686746988,0.9963855421686747,-0.010843373493975905,0.010843373493975905
14.84723949432373,0.9867469879518073,0.9963855421686747,-0.009638554216867434,0.009638554216867434
14.853503227233888,0.9879518072289156,0.9963855421686747,-0.008433734939759074,0.008433734939759074
14.89247226715088,0.9879518072289156,0.9975903614457832,-0.009638554216867545,0.009638554216867545
14.94431209564209,0.9891566265060241,0.9975903614457832,-0.008433734939759074,0.008433734939759074
14.948195457458496,0.9903614457831326,0.9975903614457832,-0.0072289156626506035,0.0072289156626506035
15.005000114440918,0.9915662650602409,0.9975903614457832,-0.006024096385542244,0.006024096385542244
15.042612075805664,0.9927710843373494,0.9975903614457832,-0.004819277108433773,0.004819277108433773
15.296344757080078,0.9939759036144579,0.9975903614457832,-0.0036144578313253017,0.0036144578313253017
15.503154754638672,0.9951807228915662,0.9975903614457832,-0.002409638554216942,0.002409638554216942
15.58051300048828,0.9963855421686747,0.9975903614457832,-0.001204819277108471,0.001204819277108471
15.623098373413086,0.9975903614457832,0.9975903614457832,0.0,0.0
15.747224807739258,0.9987951807228915,0.9975903614457832,0.00120481927710836,0.00120481927710836
15.780783653259276,0.9987951807228915,0.9987951807228915,0.0,0.0
16.089902877807617,1.0,0.9987951807228915,0.001204819277108471,0.001204819277108471
16.16653823852539,1.0,1.0,0.0,0.0
