outer_fold,trial_id,session_id,y_true,y_pred,abs_error,source_dir,session_trial_key,test_version,performance,true_minus_ytrue,abs_true_minus_ytrue
1,23a477dd-d8b8-42c6-adbe-47f39ed77952__vr428__eeg429__row0,23a477dd-d8b8-42c6-adbe-47f39ed77952,5.909538269042969,5.925415992736816,0.0158777236938476,outer_fold_1,23a477dd-d8b8-42c6-adbe-47f39ed77952__23a477dd-d8b8-42c6-adbe-47f39ed77952__vr428__eeg429__row0,1,5.909538461538462,1.924954933230083e-07,1.924954933230083e-07
1,23a477dd-d8b8-42c6-adbe-47f39ed77952__vr429__eeg430__row1,23a477dd-d8b8-42c6-adbe-47f39ed77952,6.8498687744140625,4.927017688751221,1.9228510856628416,outer_fold_1,23a477dd-d8b8-42c6-adbe-47f39ed77952__23a477dd-d8b8-42c6-adbe-47f39ed77952__vr429__eeg430__row1,1,6.849868613138686,-1.6127537616483778e-07,1.6127537616483778e-07
1,23a477dd-d8b8-42c6-adbe-47f39ed77952__vr430__eeg431__row2,23a477dd-d8b8-42c6-adbe-47f39ed77952,8.824183464050293,8.026803970336914,0.7973794937133789,outer_fold_1,23a477dd-d8b8-42c6-adbe-47f39ed77952__23a477dd-d8b8-42c6-adbe-47f39ed77952__vr430__eeg431__row2,1,8.824183206106868,-2.579434248417556e-07,2.579434248417556e-07
1,23a477dd-d8b8-42c6-adbe-47f39ed77952__vr431__eeg432__row3,23a477dd-d8b8-42c6-adbe-47f39ed77952,3.670319080352783,2.8176777362823486,0.8526413440704346,outer_fold_1,23a477dd-d8b8-42c6-adbe-47f39ed77952__23a477dd-d8b8-42c6-adbe-47f39ed77952__vr431__eeg432__row3,1,3.67031906614786,-1.4204923015626036e-08,1.4204923015626036e-08
1,23a477dd-d8b8-42c6-adbe-47f39ed77952__vr432__eeg433__row4,23a477dd-d8b8-42c6-adbe-47f39ed77952,14.016182899475098,12.845349311828612,1.1708335876464862,outer_fold_1,23a477dd-d8b8-42c6-adbe-47f39ed77952__23a477dd-d8b8-42c6-adbe-47f39ed77952__vr432__eeg433__row4,1,14.01618320610687,3.066317724176315e-07,3.066317724176315e-07
1,23a477dd-d8b8-42c6-adbe-47f39ed77952__vr433__eeg434__row5,23a477dd-d8b8-42c6-adbe-47f39ed77952,6.546934604644775,5.693978786468506,0.8529558181762695,outer_fold_1,23a477dd-d8b8-42c6-adbe-47f39ed77952__23a477dd-d8b8-42c6-adbe-47f39ed77952__vr433__eeg434__row5,1,6.5469346733668345,6.872205915442464e-08,6.872205915442464e-08
1,23a477dd-d8b8-42c6-adbe-47f39ed77952__vr434__eeg435__row6,23a477dd-d8b8-42c6-adbe-47f39ed77952,7.944077968597412,4.461572647094727,3.4825053215026855,outer_fold_1,23a477dd-d8b8-42c6-adbe-47f39ed77952__23a477dd-d8b8-42c6-adbe-47f39ed77952__vr434__eeg435__row6,1,7.944078175895766,2.072983535938988e-07,2.072983535938988e-07
1,23a477dd-d8b8-42c6-adbe-47f39ed77952__vr435__eeg436__row7,23a477dd-d8b8-42c6-adbe-47f39ed77952,3.505238771438598,2.8713207244873047,0.6339180469512935,outer_fold_1,23a477dd-d8b8-42c6-adbe-47f39ed77952__23a477dd-d8b8-42c6-adbe-47f39ed77952__vr435__eeg436__row7,1,3.50523870967742,-6.176117839373774e-08,6.176117839373774e-08
1,23a477dd-d8b8-42c6-adbe-47f39ed77952__vr436__eeg437__row8,23a477dd-d8b8-42c6-adbe-47f39ed77952,2.9241783618927,4.323273181915283,1.399094820022583,outer_fold_1,23a477dd-d8b8-42c6-adbe-47f39ed77952__23a477dd-d8b8-42c6-adbe-47f39ed77952__vr436__eeg437__row8,1,2.9241783439490443,-1.7943655894470112e-08,1.7943655894470112e-08
1,23a477dd-d8b8-42c6-adbe-47f39ed77952__vr437__eeg438__row9,23a477dd-d8b8-42c6-adbe-47f39ed77952,5.170354843139648,4.565310955047607,0.605043888092041,outer_fold_1,23a477dd-d8b8-42c6-adbe-47f39ed77952__23a477dd-d8b8-42c6-adbe-47f39ed77952__vr437__eeg438__row9,1,5.170354838709677,-4.4299710566519934e-09,4.4299710566519934e-09
1,23a477dd-d8b8-42c6-adbe-47f39ed77952__vr438__eeg439__row10,23a477dd-d8b8-42c6-adbe-47f39ed77952,7.09128475189209,6.635927677154541,0.4553570747375488,outer_fold_1,23a477dd-d8b8-42c6-adbe-47f39ed77952__23a477dd-d8b8-42c6-adbe-47f39ed77952__vr438__eeg439__row10,1,7.091284768211921,1.6319830820066272e-08,1.6319830820066272e-08
1,23a477dd-d8b8-42c6-adbe-47f39ed77952__vr439__eeg440__row11,23a477dd-d8b8-42c6-adbe-47f39ed77952,6.40018367767334,5.525233745574951,0.8749499320983887,outer_fold_1,23a477dd-d8b8-42c6-adbe-47f39ed77952__23a477dd-d8b8-42c6-adbe-47f39ed77952__vr439__eeg440__row11,1,6.400183486238532,-1.914348075615635e-07,1.914348075615635e-07
1,23a477dd-d8b8-42c6-adbe-47f39ed77952__vr440__eeg441__row12,23a477dd-d8b8-42c6-adbe-47f39ed77952,6.240258693695068,7.351758003234863,1.111499309539795,outer_fold_1,23a477dd-d8b8-42c6-adbe-47f39ed77952__23a477dd-d8b8-42c6-adbe-47f39ed77952__vr440__eeg441__row12,1,6.240258527827648,-1.6586742024315981e-07,1.6586742024315981e-07
1,23a477dd-d8b8-42c6-adbe-47f39ed77952__vr441__eeg442__row13,23a477dd-d8b8-42c6-adbe-47f39ed77952,8.519593238830566,4.299806594848633,4.219786643981934,outer_fold_1,23a477dd-d8b8-42c6-adbe-47f39ed77952__23a477dd-d8b8-42c6-adbe-47f39ed77952__vr441__eeg442__row13,1,8.519593220338983,-1.8491583375634946e-08,1.8491583375634946e-08
1,23a477dd-d8b8-42c6-adbe-47f39ed77952__vr442__eeg443__row14,23a477dd-d8b8-42c6-adbe-47f39ed77952,4.075468063354492,3.929816961288452,0.14565110206604,outer_fold_1,23a477dd-d8b8-42c6-adbe-47f39ed77952__23a477dd-d8b8-42c6-adbe-47f39ed77952__vr442__eeg443__row14,1,4.075468208092486,1.4473799403447174e-07,1.4473799403447174e-07
1,23a477dd-d8b8-42c6-adbe-47f39ed77952__vr443__eeg444__row15,23a477dd-d8b8-42c6-adbe-47f39ed77952,5.554999828338623,3.101539850234986,2.4534599781036373,outer_fold_1,23a477dd-d8b8-42c6-adbe-47f39ed77952__23a477dd-d8b8-42c6-adbe-47f39ed77952__vr443__eeg444__row15,1,5.555000000000001,1.7166137755708633e-07,1.7166137755708633e-07
1,23a477dd-d8b8-42c6-adbe-47f39ed77952__vr444__eeg445__row16,23a477dd-d8b8-42c6-adbe-47f39ed77952,4.083784103393555,3.9507904052734375,0.1329936981201172,outer_fold_1,23a477dd-d8b8-42c6-adbe-47f39ed77952__23a477dd-d8b8-42c6-adbe-47f39ed77952__vr444__eeg445__row16,1,4.083784232365145,1.289715907404343e-07,1.289715907404343e-07
1,23a477dd-d8b8-42c6-adbe-47f39ed77952__vr445__eeg446__row17,23a477dd-d8b8-42c6-adbe-47f39ed77952,6.545230865478516,6.285437107086182,0.259793758392334,outer_fold_1,23a477dd-d8b8-42c6-adbe-47f39ed77952__23a477dd-d8b8-42c6-adbe-47f39ed77952__vr445__eeg446__row17,1,6.545230769230769,-9.624774666150415e-08,9.624774666150415e-08
1,23a477dd-d8b8-42c6-adbe-47f39ed77952__vr446__eeg447__row18,23a477dd-d8b8-42c6-adbe-47f39ed77952,3.8403124809265137,3.1944100856781006,0.6459023952484131,outer_fold_1,23a477dd-d8b8-42c6-adbe-47f39ed77952__23a477dd-d8b8-42c6-adbe-47f39ed77952__vr446__eeg447__row18,1,3.8403123644251624,-1.1650135123275618e-07,1.1650135123275618e-07
1,23a477dd-d8b8-42c6-adbe-47f39ed77952__vr447__eeg448__row19,23a477dd-d8b8-42c6-adbe-47f39ed77952,4.011498928070068,4.340443134307861,0.3289442062377929,outer_fold_1,23a477dd-d8b8-42c6-adbe-47f39ed77952__23a477dd-d8b8-42c6-adbe-47f39ed77952__vr447__eeg448__row19,1,4.011498973305955,4.5235887036199074e-08,4.5235887036199074e-08
1,23a477dd-d8b8-42c6-adbe-47f39ed77952__vr448__eeg449__row20,23a477dd-d8b8-42c6-adbe-47f39ed77952,5.641160011291504,7.2824931144714355,1.6413331031799316,outer_fold_1,23a477dd-d8b8-42c6-adbe-47f39ed77952__23a477dd-d8b8-42c6-adbe-47f39ed77952__vr448__eeg449__row20,1,5.641159851301115,-1.599903889371035e-07,1.599903889371035e-07
1,23a477dd-d8b8-42c6-adbe-47f39ed77952__vr449__eeg450__row21,23a477dd-d8b8-42c6-adbe-47f39ed77952,7.598884582519531,4.789891719818115,2.808992862701416,outer_fold_1,23a477dd-d8b8-42c6-adbe-47f39ed77952__23a477dd-d8b8-42c6-adbe-47f39ed77952__vr449__eeg450__row21,1,7.598884615384616,3.2865084875766115e-08,3.2865084875766115e-08
1,23a477dd-d8b8-42c6-adbe-47f39ed77952__vr450__eeg451__row22,23a477dd-d8b8-42c6-adbe-47f39ed77952,3.0034520626068115,2.623375654220581,0.3800764083862304,outer_fold_1,23a477dd-d8b8-42c6-adbe-47f39ed77952__23a477dd-d8b8-42c6-adbe-47f39ed77952__vr450__eeg451__row22,1,3.0034520547945207,-7.812290814257494e-09,7.812290814257494e-09
1,23a477dd-d8b8-42c6-adbe-47f39ed77952__vr451__eeg452__row23,23a477dd-d8b8-42c6-adbe-47f39ed77952,7.845552921295166,6.818630695343018,1.0269222259521484,outer_fold_1,23a477dd-d8b8-42c6-adbe-47f39ed77952__23a477dd-d8b8-42c6-adbe-47f39ed77952__vr451__eeg452__row23,1,7.8455531453362255,2.240410594822606e-07,2.240410594822606e-07
1,23a477dd-d8b8-42c6-adbe-47f39ed77952__vr452__eeg453__row24,23a477dd-d8b8-42c6-adbe-47f39ed77952,4.660768985748291,4.421267986297607,0.2395009994506836,outer_fold_1,23a477dd-d8b8-42c6-adbe-47f39ed77952__23a477dd-d8b8-42c6-adbe-47f39ed77952__vr452__eeg453__row24,1,4.66076889848812,-8.7260170644754e-08,8.7260170644754e-08
1,23a477dd-d8b8-42c6-adbe-47f39ed77952__vr453__eeg454__row25,23a477dd-d8b8-42c6-adbe-47f39ed77952,5.445356369018555,4.741187572479248,0.7041687965393066,outer_fold_1,23a477dd-d8b8-42c6-adbe-47f39ed77952__23a477dd-d8b8-42c6-adbe-47f39ed77952__vr453__eeg454__row25,1,5.445356371490281,2.4717259350381937e-09,2.4717259350381937e-09
1,23a477dd-d8b8-42c6-adbe-47f39ed77952__vr454__eeg455__row26,23a477dd-d8b8-42c6-adbe-47f39ed77952,6.2011213302612305,3.949409961700439,2.2517113685607915,outer_fold_1,23a477dd-d8b8-42c6-adbe-47f39ed77952__23a477dd-d8b8-42c6-adbe-47f39ed77952__vr454__eeg455__row26,1,6.201121495327103,1.650658729701604e-07,1.650658729701604e-07
1,23a477dd-d8b8-42c6-adbe-47f39ed77952__vr455__eeg456__row27,23a477dd-d8b8-42c6-adbe-47f39ed77952,3.310391902923584,3.4347410202026367,0.1243491172790527,outer_fold_1,23a477dd-d8b8-42c6-adbe-47f39ed77952__23a477dd-d8b8-42c6-adbe-47f39ed77952__vr455__eeg456__row27,1,3.310391959798995,5.6875411047485613e-08,5.6875411047485613e-08
1,23a477dd-d8b8-42c6-adbe-47f39ed77952__vr456__eeg457__row28,23a477dd-d8b8-42c6-adbe-47f39ed77952,5.480113983154297,6.053360462188721,0.5732464790344238,outer_fold_1,23a477dd-d8b8-42c6-adbe-47f39ed77952__23a477dd-d8b8-42c6-adbe-47f39ed77952__vr456__eeg457__row28,1,5.480113879003558,-1.0415073870007063e-07,1.0415073870007063e-07
1,23a477dd-d8b8-42c6-adbe-47f39ed77952__vr457__eeg458__row29,23a477dd-d8b8-42c6-adbe-47f39ed77952,7.008736610412598,7.2802348136901855,0.2714982032775879,outer_fold_1,23a477dd-d8b8-42c6-adbe-47f39ed77952__23a477dd-d8b8-42c6-adbe-47f39ed77952__vr457__eeg458__row29,1,7.008736842105263,2.3169266505362884e-07,2.3169266505362884e-07
1,ad87efc0-28f6-4acc-8ec2-a5f449e974bc__vr132__eeg132__row387,ad87efc0-28f6-4acc-8ec2-a5f449e974bc,5.046189785003662,8.517587661743164,3.471397876739502,outer_fold_1,ad87efc0-28f6-4acc-8ec2-a5f449e974bc__ad87efc0-28f6-4acc-8ec2-a5f449e974bc__vr132__eeg132__row387,1,5.046189781021898,-3.981764251648201e-09,3.981764251648201e-09
1,ad87efc0-28f6-4acc-8ec2-a5f449e974bc__vr133__eeg133__row388,ad87efc0-28f6-4acc-8ec2-a5f449e974bc,6.857386112213135,6.299685001373291,0.5577011108398438,outer_fold_1,ad87efc0-28f6-4acc-8ec2-a5f449e974bc__ad87efc0-28f6-4acc-8ec2-a5f449e974bc__vr133__eeg133__row388,1,6.857386221294363,1.0908122849428992e-07,1.0908122849428992e-07
1,ad87efc0-28f6-4acc-8ec2-a5f449e974bc__vr134__eeg134__row389,ad87efc0-28f6-4acc-8ec2-a5f449e974bc,9.58749771118164,11.313977241516112,1.7264795303344709,outer_fold_1,ad87efc0-28f6-4acc-8ec2-a5f449e974bc__ad87efc0-28f6-4acc-8ec2-a5f449e974bc__vr134__eeg134__row389,1,9.587497674418604,-3.6763037059017734e-08,3.6763037059017734e-08
1,ad87efc0-28f6-4acc-8ec2-a5f449e974bc__vr136__eeg135__row390,ad87efc0-28f6-4acc-8ec2-a5f449e974bc,7.838021278381348,7.943639278411865,0.1056180000305175,outer_fold_1,ad87efc0-28f6-4acc-8ec2-a5f449e974bc__ad87efc0-28f6-4acc-8ec2-a5f449e974bc__vr136__eeg135__row390,1,7.838021052631579,-2.257497682123244e-07,2.257497682123244e-07
1,ad87efc0-28f6-4acc-8ec2-a5f449e974bc__vr137__eeg136__row391,ad87efc0-28f6-4acc-8ec2-a5f449e974bc,4.240532398223877,3.414797067642212,0.825735330581665,outer_fold_1,ad87efc0-28f6-4acc-8ec2-a5f449e974bc__ad87efc0-28f6-4acc-8ec2-a5f449e974bc__vr137__eeg136__row391,1,4.24053228962818,-1.0859569687937665e-07,1.0859569687937665e-07
1,ad87efc0-28f6-4acc-8ec2-a5f449e974bc__vr138__eeg137__row392,ad87efc0-28f6-4acc-8ec2-a5f449e974bc,5.26842737197876,3.074681043624878,2.193746328353882,outer_fold_1,ad87efc0-28f6-4acc-8ec2-a5f449e974bc__ad87efc0-28f6-4acc-8ec2-a5f449e974bc__vr138__eeg137__row392,1,5.2684273972602735,2.528151377134691e-08,2.528151377134691e-08
1,ad87efc0-28f6-4acc-8ec2-a5f449e974bc__vr139__eeg138__row393,ad87efc0-28f6-4acc-8ec2-a5f449e974bc,5.825178146362305,6.971227169036865,1.1460490226745603,outer_fold_1,ad87efc0-28f6-4acc-8ec2-a5f449e974bc__ad87efc0-28f6-4acc-8ec2-a5f449e974bc__vr139__eeg138__row393,1,5.825178082191781,-6.417052400564671e-08,6.417052400564671e-08
1,ad87efc0-28f6-4acc-8ec2-a5f449e974bc__vr140__eeg139__row394,ad87efc0-28f6-4acc-8ec2-a5f449e974bc,6.249333381652832,1.9041510820388792,4.345182299613953,outer_fold_1,ad87efc0-28f6-4acc-8ec2-a5f449e974bc__ad87efc0-28f6-4acc-8ec2-a5f449e974bc__vr140__eeg139__row394,1,6.249333333333333,-4.831949862449392e-08,4.831949862449392e-08
1,ad87efc0-28f6-4acc-8ec2-a5f449e974bc__vr141__eeg140__row395,ad87efc0-28f6-4acc-8ec2-a5f449e974bc,4.931975364685059,5.02155065536499,0.0895752906799316,outer_fold_1,ad87efc0-28f6-4acc-8ec2-a5f449e974bc__ad87efc0-28f6-4acc-8ec2-a5f449e974bc__vr141__eeg140__row395,1,4.931975359342916,-5.342142728181898e-09,5.342142728181898e-09
1,ad87efc0-28f6-4acc-8ec2-a5f449e974bc__vr142__eeg141__row396,ad87efc0-28f6-4acc-8ec2-a5f449e974bc,11.990226745605469,9.496110916137695,2.4941158294677734,outer_fold_1,ad87efc0-28f6-4acc-8ec2-a5f449e974bc__ad87efc0-28f6-4acc-8ec2-a5f449e974bc__vr142__eeg141__row396,1,11.990226804123711,5.8518242695981826e-08,5.8518242695981826e-08
1,ad87efc0-28f6-4acc-8ec2-a5f449e974bc__vr143__eeg142__row397,ad87efc0-28f6-4acc-8ec2-a5f449e974bc,8.04245376586914,8.406035423278809,0.3635816574096679,outer_fold_1,ad87efc0-28f6-4acc-8ec2-a5f449e974bc__ad87efc0-28f6-4acc-8ec2-a5f449e974bc__vr143__eeg142__row397,1,8.042453865336658,9.946751688971744e-08,9.946751688971744e-08
1,ad87efc0-28f6-4acc-8ec2-a5f449e974bc__vr144__eeg143__row398,ad87efc0-28f6-4acc-8ec2-a5f449e974bc,9.856919288635254,8.65212631225586,1.2047929763793943,outer_fold_1,ad87efc0-28f6-4acc-8ec2-a5f449e974bc__ad87efc0-28f6-4acc-8ec2-a5f449e974bc__vr144__eeg143__row398,1,9.85691906005222,-2.2858303339035047e-07,2.2858303339035047e-07
1,ad87efc0-28f6-4acc-8ec2-a5f449e974bc__vr145__eeg144__row399,ad87efc0-28f6-4acc-8ec2-a5f449e974bc,2.1751794815063477,4.167582035064697,1.9924025535583496,outer_fold_1,ad87efc0-28f6-4acc-8ec2-a5f449e974bc__ad87efc0-28f6-4acc-8ec2-a5f449e974bc__vr145__eeg144__row399,1,2.175179487179487,5.673139291673124e-09,5.673139291673124e-09
1,ad87efc0-28f6-4acc-8ec2-a5f449e974bc__vr146__eeg145__row400,ad87efc0-28f6-4acc-8ec2-a5f449e974bc,6.224842071533203,6.359327793121338,0.1344857215881347,outer_fold_1,ad87efc0-28f6-4acc-8ec2-a5f449e974bc__ad87efc0-28f6-4acc-8ec2-a5f449e974bc__vr146__eeg145__row400,1,6.224842105263158,3.372995482919805e-08,3.372995482919805e-08
1,ad87efc0-28f6-4acc-8ec2-a5f449e974bc__vr147__eeg146__row401,ad87efc0-28f6-4acc-8ec2-a5f449e974bc,5.0617451667785645,6.320370197296143,1.258625030517578,outer_fold_1,ad87efc0-28f6-4acc-8ec2-a5f449e974bc__ad87efc0-28f6-4acc-8ec2-a5f449e974bc__vr147__eeg146__row401,1,5.061745302713987,1.3593542291800986e-07,1.3593542291800986e-07
1,ad87efc0-28f6-4acc-8ec2-a5f449e974bc__vr148__eeg147__row402,ad87efc0-28f6-4acc-8ec2-a5f449e974bc,6.626461505889893,5.883704662322998,0.7427568435668945,outer_fold_1,ad87efc0-28f6-4acc-8ec2-a5f449e974bc__ad87efc0-28f6-4acc-8ec2-a5f449e974bc__vr148__eeg147__row402,1,6.626461538461539,3.257164671310875e-08,3.257164671310875e-08
1,ad87efc0-28f6-4acc-8ec2-a5f449e974bc__vr149__eeg148__row403,ad87efc0-28f6-4acc-8ec2-a5f449e974bc,6.824888706207275,4.697323322296143,2.127565383911133,outer_fold_1,ad87efc0-28f6-4acc-8ec2-a5f449e974bc__ad87efc0-28f6-4acc-8ec2-a5f449e974bc__vr149__eeg148__row403,1,6.824888888888888,1.8268161294798801e-07,1.8268161294798801e-07
1,ad87efc0-28f6-4acc-8ec2-a5f449e974bc__vr150__eeg149__row404,ad87efc0-28f6-4acc-8ec2-a5f449e974bc,9.768888473510742,13.437517166137695,3.668628692626953,outer_fold_1,ad87efc0-28f6-4acc-8ec2-a5f449e974bc__ad87efc0-28f6-4acc-8ec2-a5f449e974bc__vr150__eeg149__row404,1,9.768888888888888,4.15378146101375e-07,4.15378146101375e-07
1,ad87efc0-28f6-4acc-8ec2-a5f449e974bc__vr151__eeg150__row405,ad87efc0-28f6-4acc-8ec2-a5f449e974bc,3.157461166381836,3.643851757049561,0.486390590667725,outer_fold_1,ad87efc0-28f6-4acc-8ec2-a5f449e974bc__ad87efc0-28f6-4acc-8ec2-a5f449e974bc__vr151__eeg150__row405,1,3.1574610778443115,-8.853752442306018e-08,8.853752442306018e-08
1,ad87efc0-28f6-4acc-8ec2-a5f449e974bc__vr152__eeg151__row406,ad87efc0-28f6-4acc-8ec2-a5f449e974bc,3.2492308616638184,4.508050441741943,1.258819580078125,outer_fold_1,ad87efc0-28f6-4acc-8ec2-a5f449e974bc__ad87efc0-28f6-4acc-8ec2-a5f449e974bc__vr152__eeg151__row406,1,3.249230769230769,-9.243304921469075e-08,9.243304921469075e-08
1,ad87efc0-28f6-4acc-8ec2-a5f449e974bc__vr153__eeg152__row407,ad87efc0-28f6-4acc-8ec2-a5f449e974bc,6.935351371765137,7.567956924438477,0.6326055526733398,outer_fold_1,ad87efc0-28f6-4acc-8ec2-a5f449e974bc__ad87efc0-28f6-4acc-8ec2-a5f449e974bc__vr153__eeg152__row407,1,6.935351351351351,-2.0413785328798895e-08,2.0413785328798895e-08
1,ad87efc0-28f6-4acc-8ec2-a5f449e974bc__vr154__eeg153__row408,ad87efc0-28f6-4acc-8ec2-a5f449e974bc,5.391355514526367,6.637990474700928,1.2466349601745603,outer_fold_1,ad87efc0-28f6-4acc-8ec2-a5f449e974bc__ad87efc0-28f6-4acc-8ec2-a5f449e974bc__vr154__eeg153__row408,1,5.391355450236968,-6.428939958169622e-08,6.428939958169622e-08
1,ad87efc0-28f6-4acc-8ec2-a5f449e974bc__vr155__eeg154__row409,ad87efc0-28f6-4acc-8ec2-a5f449e974bc,5.949464321136475,7.640171527862549,1.6907072067260742,outer_fold_1,ad87efc0-28f6-4acc-8ec2-a5f449e974bc__ad87efc0-28f6-4acc-8ec2-a5f449e974bc__vr155__eeg154__row409,1,5.949464150943396,-1.701930782971317e-07,1.701930782971317e-07
1,ad87efc0-28f6-4acc-8ec2-a5f449e974bc__vr156__eeg155__row410,ad87efc0-28f6-4acc-8ec2-a5f449e974bc,7.15159797668457,6.770216464996338,0.3813815116882324,outer_fold_1,ad87efc0-28f6-4acc-8ec2-a5f449e974bc__ad87efc0-28f6-4acc-8ec2-a5f449e974bc__vr156__eeg155__row410,1,7.151597765363129,-2.1132144123470198e-07,2.1132144123470198e-07
1,ad87efc0-28f6-4acc-8ec2-a5f449e974bc__vr157__eeg156__row411,ad87efc0-28f6-4acc-8ec2-a5f449e974bc,4.9521636962890625,6.6667304039001465,1.714566707611084,outer_fold_1,ad87efc0-28f6-4acc-8ec2-a5f449e974bc__ad87efc0-28f6-4acc-8ec2-a5f449e974bc__vr157__eeg156__row411,1,4.952163934426229,2.3813716687470787e-07,2.3813716687470787e-07
1,ad87efc0-28f6-4acc-8ec2-a5f449e974bc__vr158__eeg157__row412,ad87efc0-28f6-4acc-8ec2-a5f449e974bc,8.039265632629395,5.379209518432617,2.6600561141967773,outer_fold_1,ad87efc0-28f6-4acc-8ec2-a5f449e974bc__ad87efc0-28f6-4acc-8ec2-a5f449e974bc__vr158__eeg157__row412,1,8.039265882352941,2.4972354673025166e-07,2.4972354673025166e-07
1,ad87efc0-28f6-4acc-8ec2-a5f449e974bc__vr159__eeg158__row413,ad87efc0-28f6-4acc-8ec2-a5f449e974bc,12.291631698608398,16.16653823852539,3.874906539916992,outer_fold_1,ad87efc0-28f6-4acc-8ec2-a5f449e974bc__ad87efc0-28f6-4acc-8ec2-a5f449e974bc__vr159__eeg158__row413,1,12.291631578947367,-1.1966103130589545e-07,1.1966103130589545e-07
1,ad87efc0-28f6-4acc-8ec2-a5f449e974bc__vr160__eeg159__row414,ad87efc0-28f6-4acc-8ec2-a5f449e974bc,5.046075820922852,8.55483341217041,3.5087575912475586,outer_fold_1,ad87efc0-28f6-4acc-8ec2-a5f449e974bc__ad87efc0-28f6-4acc-8ec2-a5f449e974bc__vr160__eeg159__row414,1,5.046075949367089,1.284442374682726e-07,1.284442374682726e-07
1,ad87efc0-28f6-4acc-8ec2-a5f449e974bc__vr161__eeg160__row415,ad87efc0-28f6-4acc-8ec2-a5f449e974bc,8.333889961242676,11.303592681884766,2.96970272064209,outer_fold_1,ad87efc0-28f6-4acc-8ec2-a5f449e974bc__ad87efc0-28f6-4acc-8ec2-a5f449e974bc__vr161__eeg160__row415,1,8.33389010989011,1.4864743391740376e-07,1.4864743391740376e-07
1,ad87efc0-28f6-4acc-8ec2-a5f449e974bc__vr162__eeg161__row416,ad87efc0-28f6-4acc-8ec2-a5f449e974bc,9.377577781677246,8.904946327209473,0.4726314544677734,outer_fold_1,ad87efc0-28f6-4acc-8ec2-a5f449e974bc__ad87efc0-28f6-4acc-8ec2-a5f449e974bc__vr162__eeg161__row416,1,9.377577464788732,-3.168885136517474e-07,3.168885136517474e-07
1,ad87efc0-28f6-4acc-8ec2-a5f449e974bc__vr163__eeg162__row417,ad87efc0-28f6-4acc-8ec2-a5f449e974bc,9.249667167663574,5.6981730461120605,3.5514941215515137,outer_fold_1,ad87efc0-28f6-4acc-8ec2-a5f449e974bc__ad87efc0-28f6-4acc-8ec2-a5f449e974bc__vr163__eeg162__row417,1,9.249667605633803,4.3797022897251736e-07,4.3797022897251736e-07
1,ad87efc0-28f6-4acc-8ec2-a5f449e974bc__vr164__eeg163__row418,ad87efc0-28f6-4acc-8ec2-a5f449e974bc,4.258723258972168,4.979239463806152,0.7205162048339844,outer_fold_1,ad87efc0-28f6-4acc-8ec2-a5f449e974bc__ad87efc0-28f6-4acc-8ec2-a5f449e974bc__vr164__eeg163__row418,1,4.258723404255319,1.4528315084305632e-07,1.4528315084305632e-07
1,ad87efc0-28f6-4acc-8ec2-a5f449e974bc__vr165__eeg164__row419,ad87efc0-28f6-4acc-8ec2-a5f449e974bc,6.1942009925842285,4.0678911209106445,2.126309871673584,outer_fold_1,ad87efc0-28f6-4acc-8ec2-a5f449e974bc__ad87efc0-28f6-4acc-8ec2-a5f449e974bc__vr165__eeg164__row419,1,6.194200873362446,-1.1922178266843275e-07,1.1922178266843275e-07
1,ad87efc0-28f6-4acc-8ec2-a5f449e974bc__vr166__eeg165__row420,ad87efc0-28f6-4acc-8ec2-a5f449e974bc,3.961113929748535,4.592552661895752,0.6314387321472168,outer_fold_1,ad87efc0-28f6-4acc-8ec2-a5f449e974bc__ad87efc0-28f6-4acc-8ec2-a5f449e974bc__vr166__eeg165__row420,1,3.961113924050633,-5.697902150103573e-09,5.697902150103573e-09
1,ad87efc0-28f6-4acc-8ec2-a5f449e974bc__vr167__eeg166__row421,ad87efc0-28f6-4acc-8ec2-a5f449e974bc,3.4385764598846436,3.970176696777344,0.5316002368927006,outer_fold_1,ad87efc0-28f6-4acc-8ec2-a5f449e974bc__ad87efc0-28f6-4acc-8ec2-a5f449e974bc__vr167__eeg166__row421,1,3.438576512455516,5.257087254406656e-08,5.257087254406656e-08
1,ad87efc0-28f6-4acc-8ec2-a5f449e974bc__vr168__eeg167__row422,ad87efc0-28f6-4acc-8ec2-a5f449e974bc,6.347785949707031,5.566007137298584,0.7817788124084473,outer_fold_1,ad87efc0-28f6-4acc-8ec2-a5f449e974bc__ad87efc0-28f6-4acc-8ec2-a5f449e974bc__vr168__eeg167__row422,1,6.347785714285715,-2.354213162192309e-07,2.354213162192309e-07
1,ad87efc0-28f6-4acc-8ec2-a5f449e974bc__vr169__eeg168__row423,ad87efc0-28f6-4acc-8ec2-a5f449e974bc,5.444458961486816,7.6694254875183105,2.224966526031494,outer_fold_1,ad87efc0-28f6-4acc-8ec2-a5f449e974bc__ad87efc0-28f6-4acc-8ec2-a5f449e974bc__vr169__eeg168__row423,1,5.444459016393442,5.490662591256523e-08,5.490662591256523e-08
1,ad87efc0-28f6-4acc-8ec2-a5f449e974bc__vr170__eeg169__row424,ad87efc0-28f6-4acc-8ec2-a5f449e974bc,8.58709716796875,9.208925247192385,0.6218280792236346,outer_fold_1,ad87efc0-28f6-4acc-8ec2-a5f449e974bc__ad87efc0-28f6-4acc-8ec2-a5f449e974bc__vr170__eeg169__row424,1,8.587096774193547,-3.9377520266725696e-07,3.9377520266725696e-07
1,ad87efc0-28f6-4acc-8ec2-a5f449e974bc__vr171__eeg170__row425,ad87efc0-28f6-4acc-8ec2-a5f449e974bc,4.7688212394714355,6.373812198638916,1.6049909591674805,outer_fold_1,ad87efc0-28f6-4acc-8ec2-a5f449e974bc__ad87efc0-28f6-4acc-8ec2-a5f449e974bc__vr171__eeg170__row425,1,4.768821238938053,-5.333822272746147e-10,5.333822272746147e-10
1,ad87efc0-28f6-4acc-8ec2-a5f449e974bc__vr172__eeg171__row426,ad87efc0-28f6-4acc-8ec2-a5f449e974bc,9.329582214355469,9.85703945159912,0.5274572372436506,outer_fold_1,ad87efc0-28f6-4acc-8ec2-a5f449e974bc__ad87efc0-28f6-4acc-8ec2-a5f449e974bc__vr172__eeg171__row426,1,9.329582022471907,-1.9188356148447383e-07,1.9188356148447383e-07
1,ad87efc0-28f6-4acc-8ec2-a5f449e974bc__vr173__eeg172__row427,ad87efc0-28f6-4acc-8ec2-a5f449e974bc,4.491247653961182,3.721352815628052,0.7698948383331294,outer_fold_1,ad87efc0-28f6-4acc-8ec2-a5f449e974bc__ad87efc0-28f6-4acc-8ec2-a5f449e974bc__vr173__eeg172__row427,1,4.491247803163445,1.4920226298897887e-07,1.4920226298897887e-07
1,ad87efc0-28f6-4acc-8ec2-a5f449e974bc__vr174__eeg173__row428,ad87efc0-28f6-4acc-8ec2-a5f449e974bc,3.71040940284729,3.389477491378784,0.3209319114685058,outer_fold_1,ad87efc0-28f6-4acc-8ec2-a5f449e974bc__ad87efc0-28f6-4acc-8ec2-a5f449e974bc__vr174__eeg173__row428,1,3.7104093567251457,-4.612214432597739e-08,4.612214432597739e-08
1,ad87efc0-28f6-4acc-8ec2-a5f449e974bc__vr175__eeg174__row429,ad87efc0-28f6-4acc-8ec2-a5f449e974bc,4.029473781585693,4.560322284698486,0.530848503112793,outer_fold_1,ad87efc0-28f6-4acc-8ec2-a5f449e974bc__ad87efc0-28f6-4acc-8ec2-a5f449e974bc__vr175__eeg174__row429,1,4.029473684210527,-9.737516659669154e-08,9.737516659669154e-08
1,ad87efc0-28f6-4acc-8ec2-a5f449e974bc__vr176__eeg175__row430,ad87efc0-28f6-4acc-8ec2-a5f449e974bc,11.0,7.776583194732666,3.223416805267334,outer_fold_1,ad87efc0-28f6-4acc-8ec2-a5f449e974bc__ad87efc0-28f6-4acc-8ec2-a5f449e974bc__vr176__eeg175__row430,1,11.0,0.0,0.0
1,ad87efc0-28f6-4acc-8ec2-a5f449e974bc__vr177__eeg176__row431,ad87efc0-28f6-4acc-8ec2-a5f449e974bc,6.473220348358154,5.400460720062256,1.0727596282958984,outer_fold_1,ad87efc0-28f6-4acc-8ec2-a5f449e974bc__ad87efc0-28f6-4acc-8ec2-a5f449e974bc__vr177__eeg176__row431,1,6.473220338983051,-9.375103360298453e-09,9.375103360298453e-09
1,ad87efc0-28f6-4acc-8ec2-a5f449e974bc__vr178__eeg177__row432,ad87efc0-28f6-4acc-8ec2-a5f449e974bc,6.333269119262695,6.661308765411377,0.3280396461486816,outer_fold_1,ad87efc0-28f6-4acc-8ec2-a5f449e974bc__ad87efc0-28f6-4acc-8ec2-a5f449e974bc__vr178__eeg177__row432,1,6.333268965517242,-1.5374545370150372e-07,1.5374545370150372e-07
1,ad87efc0-28f6-4acc-8ec2-a5f449e974bc__vr179__eeg178__row433,ad87efc0-28f6-4acc-8ec2-a5f449e974bc,5.1063313484191895,5.237464427947998,0.1311330795288086,outer_fold_1,ad87efc0-28f6-4acc-8ec2-a5f449e974bc__ad87efc0-28f6-4acc-8ec2-a5f449e974bc__vr179__eeg178__row433,1,5.106331125827815,-2.2259137466562606e-07,2.2259137466562606e-07
1,ad87efc0-28f6-4acc-8ec2-a5f449e974bc__vr180__eeg179__row434,ad87efc0-28f6-4acc-8ec2-a5f449e974bc,6.0163068771362305,4.553237438201904,1.4630694389343262,outer_fold_1,ad87efc0-28f6-4acc-8ec2-a5f449e974bc__ad87efc0-28f6-4acc-8ec2-a5f449e974bc__vr180__eeg179__row434,1,6.016306849315068,-2.782116226285325e-08,2.782116226285325e-08
1,ad87efc0-28f6-4acc-8ec2-a5f449e974bc__vr181__eeg180__row435,ad87efc0-28f6-4acc-8ec2-a5f449e974bc,4.017391204833984,5.6397809982299805,1.622389793395996,outer_fold_1,ad87efc0-28f6-4acc-8ec2-a5f449e974bc__ad87efc0-28f6-4acc-8ec2-a5f449e974bc__vr181__eeg180__row435,1,4.017391304347826,9.951384161155374e-08,9.951384161155374e-08
1,ad87efc0-28f6-4acc-8ec2-a5f449e974bc__vr182__eeg181__row436,ad87efc0-28f6-4acc-8ec2-a5f449e974bc,6.4423089027404785,6.151367664337158,0.2909412384033203,outer_fold_1,ad87efc0-28f6-4acc-8ec2-a5f449e974bc__ad87efc0-28f6-4acc-8ec2-a5f449e974bc__vr182__eeg181__row436,1,6.4423087248322135,-1.779082650088526e-07,1.779082650088526e-07
1,ad87efc0-28f6-4acc-8ec2-a5f449e974bc__vr183__eeg182__row437,ad87efc0-28f6-4acc-8ec2-a5f449e974bc,5.897718906402588,4.77609920501709,1.121619701385498,outer_fold_1,ad87efc0-28f6-4acc-8ec2-a5f449e974bc__ad87efc0-28f6-4acc-8ec2-a5f449e974bc__vr183__eeg182__row437,1,5.89771875,-1.5640258776983273e-07,1.5640258776983273e-07
1,ad87efc0-28f6-4acc-8ec2-a5f449e974bc__vr184__eeg183__row438,ad87efc0-28f6-4acc-8ec2-a5f449e974bc,9.29257869720459,9.691436767578123,0.3988580703735334,outer_fold_1,ad87efc0-28f6-4acc-8ec2-a5f449e974bc__ad87efc0-28f6-4acc-8ec2-a5f449e974bc__vr184__eeg183__row438,1,9.292578616352202,-8.085238789590221e-08,8.085238789590221e-08
1,ad87efc0-28f6-4acc-8ec2-a5f449e974bc__vr185__eeg185__row439,ad87efc0-28f6-4acc-8ec2-a5f449e974bc,5.4069013595581055,4.461479663848877,0.9454216957092284,outer_fold_1,ad87efc0-28f6-4acc-8ec2-a5f449e974bc__ad87efc0-28f6-4acc-8ec2-a5f449e974bc__vr185__eeg185__row439,1,5.406901287553648,-7.200445750754625e-08,7.200445750754625e-08
1,ad87efc0-28f6-4acc-8ec2-a5f449e974bc__vr186__eeg186__row440,ad87efc0-28f6-4acc-8ec2-a5f449e974bc,10.995701789855955,9.98944854736328,1.0062532424926758,outer_fold_1,ad87efc0-28f6-4acc-8ec2-a5f449e974bc__ad87efc0-28f6-4acc-8ec2-a5f449e974bc__vr186__eeg186__row440,1,10.995701799485865,9.629909314412544e-09,9.629909314412544e-09
1,ad87efc0-28f6-4acc-8ec2-a5f449e974bc__vr187__eeg187__row441,ad87efc0-28f6-4acc-8ec2-a5f449e974bc,8.02529525756836,7.212266445159912,0.8130288124084473,outer_fold_1,ad87efc0-28f6-4acc-8ec2-a5f449e974bc__ad87efc0-28f6-4acc-8ec2-a5f449e974bc__vr187__eeg187__row441,1,8.025294797687861,-4.598804981270632e-07,4.598804981270632e-07
1,ad87efc0-28f6-4acc-8ec2-a5f449e974bc__vr188__eeg188__row442,ad87efc0-28f6-4acc-8ec2-a5f449e974bc,5.876506328582764,3.343593120574951,2.5329132080078125,outer_fold_1,ad87efc0-28f6-4acc-8ec2-a5f449e974bc__ad87efc0-28f6-4acc-8ec2-a5f449e974bc__vr188__eeg188__row442,1,5.876506329113924,5.31160004868525e-10,5.31160004868525e-10
1,ad87efc0-28f6-4acc-8ec2-a5f449e974bc__vr189__eeg189__row443,ad87efc0-28f6-4acc-8ec2-a5f449e974bc,4.666779041290283,5.205318927764893,0.5385398864746094,outer_fold_1,ad87efc0-28f6-4acc-8ec2-a5f449e974bc__ad87efc0-28f6-4acc-8ec2-a5f449e974bc__vr189__eeg189__row443,1,4.666778947368421,-9.392186228751598e-08,9.392186228751598e-08
1,ad87efc0-28f6-4acc-8ec2-a5f449e974bc__vr190__eeg190__row444,ad87efc0-28f6-4acc-8ec2-a5f449e974bc,2.796781539916992,3.0598576068878174,0.2630760669708252,outer_fold_1,ad87efc0-28f6-4acc-8ec2-a5f449e974bc__ad87efc0-28f6-4acc-8ec2-a5f449e974bc__vr190__eeg190__row444,1,2.7967816091954023,6.927841011972191e-08,6.927841011972191e-08
1,ad87efc0-28f6-4acc-8ec2-a5f449e974bc__vr191__eeg191__row445,ad87efc0-28f6-4acc-8ec2-a5f449e974bc,8.502012252807617,9.025619506835938,0.5236072540283203,outer_fold_1,ad87efc0-28f6-4acc-8ec2-a5f449e974bc__ad87efc0-28f6-4acc-8ec2-a5f449e974bc__vr191__eeg191__row445,1,8.502012526096035,2.732884176737116e-07,2.732884176737116e-07
1,ad87efc0-28f6-4acc-8ec2-a5f449e974bc__vr192__eeg192__row446,ad87efc0-28f6-4acc-8ec2-a5f449e974bc,3.6608731746673584,3.7804694175720215,0.119596242904663,outer_fold_1,ad87efc0-28f6-4acc-8ec2-a5f449e974bc__ad87efc0-28f6-4acc-8ec2-a5f449e974bc__vr192__eeg192__row446,1,3.660873180873181,6.2058225225314345e-09,6.2058225225314345e-09
1,ad87efc0-28f6-4acc-8ec2-a5f449e974bc__vr193__eeg193__row447,ad87efc0-28f6-4acc-8ec2-a5f449e974bc,6.56374454498291,6.6570048332214355,0.0932602882385253,outer_fold_1,ad87efc0-28f6-4acc-8ec2-a5f449e974bc__ad87efc0-28f6-4acc-8ec2-a5f449e974bc__vr193__eeg193__row447,1,6.563744680851063,1.358681531726802e-07,1.358681531726802e-07
1,ad87efc0-28f6-4acc-8ec2-a5f449e974bc__vr194__eeg194__row448,ad87efc0-28f6-4acc-8ec2-a5f449e974bc,5.718153953552246,5.3206562995910645,0.3974976539611816,outer_fold_1,ad87efc0-28f6-4acc-8ec2-a5f449e974bc__ad87efc0-28f6-4acc-8ec2-a5f449e974bc__vr194__eeg194__row448,1,5.718153846153846,-1.0739840039519777e-07,1.0739840039519777e-07
1,ad87efc0-28f6-4acc-8ec2-a5f449e974bc__vr195__eeg195__row449,ad87efc0-28f6-4acc-8ec2-a5f449e974bc,3.908102512359619,3.706615447998047,0.2014870643615722,outer_fold_1,ad87efc0-28f6-4acc-8ec2-a5f449e974bc__ad87efc0-28f6-4acc-8ec2-a5f449e974bc__vr195__eeg195__row449,1,3.908102564102564,5.174294503973442e-08,5.174294503973442e-08
1,ad87efc0-28f6-4acc-8ec2-a5f449e974bc__vr196__eeg196__row450,ad87efc0-28f6-4acc-8ec2-a5f449e974bc,4.34898567199707,5.817388534545898,1.468402862548828,outer_fold_1,ad87efc0-28f6-4acc-8ec2-a5f449e974bc__ad87efc0-28f6-4acc-8ec2-a5f449e974bc__vr196__eeg196__row450,1,4.348985507246377,-1.647506930879672e-07,1.647506930879672e-07
1,ad87efc0-28f6-4acc-8ec2-a5f449e974bc__vr197__eeg197__row451,ad87efc0-28f6-4acc-8ec2-a5f449e974bc,5.670212745666504,5.5593342781066895,0.1108784675598144,outer_fold_1,ad87efc0-28f6-4acc-8ec2-a5f449e974bc__ad87efc0-28f6-4acc-8ec2-a5f449e974bc__vr197__eeg197__row451,1,5.670212943632568,1.9796606398614358e-07,1.9796606398614358e-07
1,ad87efc0-28f6-4acc-8ec2-a5f449e974bc__vr198__eeg198__row452,ad87efc0-28f6-4acc-8ec2-a5f449e974bc,8.155960083007812,7.004083156585693,1.1518769264221191,outer_fold_1,ad87efc0-28f6-4acc-8ec2-a5f449e974bc__ad87efc0-28f6-4acc-8ec2-a5f449e974bc__vr198__eeg198__row452,1,8.15595991983968,-1.6316813322703183e-07,1.6316813322703183e-07
1,ad87efc0-28f6-4acc-8ec2-a5f449e974bc__vr199__eeg199__row453,ad87efc0-28f6-4acc-8ec2-a5f449e974bc,5.575679779052734,6.281001091003418,0.7053213119506836,outer_fold_1,ad87efc0-28f6-4acc-8ec2-a5f449e974bc__ad87efc0-28f6-4acc-8ec2-a5f449e974bc__vr199__eeg199__row453,1,5.575679999999999,2.209472649283839e-07,2.209472649283839e-07
1,ad87efc0-28f6-4acc-8ec2-a5f449e974bc__vr200__eeg200__row454,ad87efc0-28f6-4acc-8ec2-a5f449e974bc,3.116164445877075,3.1670961380004883,0.050931692123413,outer_fold_1,ad87efc0-28f6-4acc-8ec2-a5f449e974bc__ad87efc0-28f6-4acc-8ec2-a5f449e974bc__vr200__eeg200__row454,1,3.1161643835616437,-6.231543148160767e-08,6.231543148160767e-08
1,ad87efc0-28f6-4acc-8ec2-a5f449e974bc__vr201__eeg201__row455,ad87efc0-28f6-4acc-8ec2-a5f449e974bc,3.698640108108521,4.882080554962158,1.1834404468536373,outer_fold_1,ad87efc0-28f6-4acc-8ec2-a5f449e974bc__ad87efc0-28f6-4acc-8ec2-a5f449e974bc__vr201__eeg201__row455,1,3.6986400000000006,-1.0810852035803009e-07,1.0810852035803009e-07
1,ad87efc0-28f6-4acc-8ec2-a5f449e974bc__vr202__eeg202__row456,ad87efc0-28f6-4acc-8ec2-a5f449e974bc,4.688640117645264,4.538934230804443,0.1497058868408203,outer_fold_1,ad87efc0-28f6-4acc-8ec2-a5f449e974bc__ad87efc0-28f6-4acc-8ec2-a5f449e974bc__vr202__eeg202__row456,1,4.6886399999999995,-1.1764526419710819e-07,1.1764526419710819e-07
1,ad87efc0-28f6-4acc-8ec2-a5f449e974bc__vr203__eeg203__row457,ad87efc0-28f6-4acc-8ec2-a5f449e974bc,6.876256942749023,9.167425155639648,2.291168212890625,outer_fold_1,ad87efc0-28f6-4acc-8ec2-a5f449e974bc__ad87efc0-28f6-4acc-8ec2-a5f449e974bc__vr203__eeg203__row457,1,6.876257142857144,2.0010812029624958e-07,2.0010812029624958e-07
1,ad87efc0-28f6-4acc-8ec2-a5f449e974bc__vr204__eeg204__row458,ad87efc0-28f6-4acc-8ec2-a5f449e974bc,6.222012042999268,8.005406379699707,1.7833943367004397,outer_fold_1,ad87efc0-28f6-4acc-8ec2-a5f449e974bc__ad87efc0-28f6-4acc-8ec2-a5f449e974bc__vr204__eeg204__row458,1,6.222012219959266,1.769599986545245e-07,1.769599986545245e-07
1,ad87efc0-28f6-4acc-8ec2-a5f449e974bc__vr205__eeg205__row459,ad87efc0-28f6-4acc-8ec2-a5f449e974bc,3.4358103275299072,4.74161958694458,1.3058092594146729,outer_fold_1,ad87efc0-28f6-4acc-8ec2-a5f449e974bc__ad87efc0-28f6-4acc-8ec2-a5f449e974bc__vr205__eeg205__row459,1,3.4358103092783505,-1.8251556710424666e-08,1.8251556710424666e-08
1,ad87efc0-28f6-4acc-8ec2-a5f449e974bc__vr206__eeg206__row460,ad87efc0-28f6-4acc-8ec2-a5f449e974bc,6.279158115386963,6.041190147399902,0.2379679679870605,outer_fold_1,ad87efc0-28f6-4acc-8ec2-a5f449e974bc__ad87efc0-28f6-4acc-8ec2-a5f449e974bc__vr206__eeg206__row460,1,6.2791578947368425,-2.2065012039718113e-07,2.2065012039718113e-07
1,ad87efc0-28f6-4acc-8ec2-a5f449e974bc__vr207__eeg207__row461,ad87efc0-28f6-4acc-8ec2-a5f449e974bc,5.363209247589111,4.771856784820557,0.5913524627685547,outer_fold_1,ad87efc0-28f6-4acc-8ec2-a5f449e974bc__ad87efc0-28f6-4acc-8ec2-a5f449e974bc__vr207__eeg207__row461,1,5.363209169054441,-7.853467032248318e-08,7.853467032248318e-08
1,ad87efc0-28f6-4acc-8ec2-a5f449e974bc__vr208__eeg208__row462,ad87efc0-28f6-4acc-8ec2-a5f449e974bc,2.609215497970581,3.0449001789093018,0.4356846809387207,outer_fold_1,ad87efc0-28f6-4acc-8ec2-a5f449e974bc__ad87efc0-28f6-4acc-8ec2-a5f449e974bc__vr208__eeg208__row462,1,2.6092155477031804,4.9732599372021014e-08,4.9732599372021014e-08
1,ad87efc0-28f6-4acc-8ec2-a5f449e974bc__vr209__eeg209__row463,ad87efc0-28f6-4acc-8ec2-a5f449e974bc,4.983421325683594,5.392881870269775,0.4094605445861816,outer_fold_1,ad87efc0-28f6-4acc-8ec2-a5f449e974bc__ad87efc0-28f6-4acc-8ec2-a5f449e974bc__vr209__eeg209__row463,1,4.983421276595744,-4.908784934087862e-08,4.908784934087862e-08
1,ad87efc0-28f6-4acc-8ec2-a5f449e974bc__vr210__eeg210__row464,ad87efc0-28f6-4acc-8ec2-a5f449e974bc,6.9327569007873535,7.165435791015625,0.2326788902282714,outer_fold_1,ad87efc0-28f6-4acc-8ec2-a5f449e974bc__ad87efc0-28f6-4acc-8ec2-a5f449e974bc__vr210__eeg210__row464,1,6.932756756756757,-1.440305963384958e-07,1.440305963384958e-07
1,ad87efc0-28f6-4acc-8ec2-a5f449e974bc__vr211__eeg211__row465,ad87efc0-28f6-4acc-8ec2-a5f449e974bc,4.957333564758301,3.773435354232788,1.1838982105255127,outer_fold_1,ad87efc0-28f6-4acc-8ec2-a5f449e974bc__ad87efc0-28f6-4acc-8ec2-a5f449e974bc__vr211__eeg211__row465,1,4.957333333333334,-2.314249671897528e-07,2.314249671897528e-07
1,ad87efc0-28f6-4acc-8ec2-a5f449e974bc__vr212__eeg212__row466,ad87efc0-28f6-4acc-8ec2-a5f449e974bc,4.864243030548096,4.813869953155518,0.0503730773925781,outer_fold_1,ad87efc0-28f6-4acc-8ec2-a5f449e974bc__ad87efc0-28f6-4acc-8ec2-a5f449e974bc__vr212__eeg212__row466,1,4.86424295010846,-8.043963539705601e-08,8.043963539705601e-08
1,ad87efc0-28f6-4acc-8ec2-a5f449e974bc__vr213__eeg213__row467,ad87efc0-28f6-4acc-8ec2-a5f449e974bc,8.340692520141602,5.235095024108887,3.105597496032715,outer_fold_1,ad87efc0-28f6-4acc-8ec2-a5f449e974bc__ad87efc0-28f6-4acc-8ec2-a5f449e974bc__vr213__eeg213__row467,1,8.340692840646652,3.2050505005543073e-07,3.2050505005543073e-07
1,ad87efc0-28f6-4acc-8ec2-a5f449e974bc__vr214__eeg214__row468,ad87efc0-28f6-4acc-8ec2-a5f449e974bc,3.601409673690796,8.153286933898926,4.55187726020813,outer_fold_1,ad87efc0-28f6-4acc-8ec2-a5f449e974bc__ad87efc0-28f6-4acc-8ec2-a5f449e974bc__vr214__eeg214__row468,1,3.6014096916299554,1.793915949122038e-08,1.793915949122038e-08
1,ad87efc0-28f6-4acc-8ec2-a5f449e974bc__vr215__eeg215__row469,ad87efc0-28f6-4acc-8ec2-a5f449e974bc,10.000460624694824,6.784047603607178,3.2164130210876465,outer_fold_1,ad87efc0-28f6-4acc-8ec2-a5f449e974bc__ad87efc0-28f6-4acc-8ec2-a5f449e974bc__vr215__eeg215__row469,1,10.000460176991153,-4.477036714689575e-07,4.477036714689575e-07
1,ad87efc0-28f6-4acc-8ec2-a5f449e974bc__vr216__eeg216__row470,ad87efc0-28f6-4acc-8ec2-a5f449e974bc,3.8862111568450928,2.8301031589508057,1.056107997894287,outer_fold_1,ad87efc0-28f6-4acc-8ec2-a5f449e974bc__ad87efc0-28f6-4acc-8ec2-a5f449e974bc__vr216__eeg216__row470,1,3.886211180124224,2.327913106725532e-08,2.327913106725532e-08
1,ad87efc0-28f6-4acc-8ec2-a5f449e974bc__vr217__eeg217__row471,ad87efc0-28f6-4acc-8ec2-a5f449e974bc,4.411392688751221,4.058495998382568,0.3528966903686523,outer_fold_1,ad87efc0-28f6-4acc-8ec2-a5f449e974bc__ad87efc0-28f6-4acc-8ec2-a5f449e974bc__vr217__eeg217__row471,1,4.411392857142856,1.6839163485826703e-07,1.6839163485826703e-07
1,ad87efc0-28f6-4acc-8ec2-a5f449e974bc__vr218__eeg218__row472,ad87efc0-28f6-4acc-8ec2-a5f449e974bc,4.673398017883301,6.214474201202393,1.5410761833190918,outer_fold_1,ad87efc0-28f6-4acc-8ec2-a5f449e974bc__ad87efc0-28f6-4acc-8ec2-a5f449e974bc__vr218__eeg218__row472,1,4.6733980582524275,4.036912670812853e-08,4.036912670812853e-08
1,ad87efc0-28f6-4acc-8ec2-a5f449e974bc__vr219__eeg219__row473,ad87efc0-28f6-4acc-8ec2-a5f449e974bc,3.729846239089966,5.030868053436279,1.3010218143463137,outer_fold_1,ad87efc0-28f6-4acc-8ec2-a5f449e974bc__ad87efc0-28f6-4acc-8ec2-a5f449e974bc__vr219__eeg219__row473,1,3.729846153846154,-8.524381200913922e-08,8.524381200913922e-08
1,ad87efc0-28f6-4acc-8ec2-a5f449e974bc__vr220__eeg220__row474,ad87efc0-28f6-4acc-8ec2-a5f449e974bc,10.405299186706545,9.82797622680664,0.5773229598999041,outer_fold_1,ad87efc0-28f6-4acc-8ec2-a5f449e974bc__ad87efc0-28f6-4acc-8ec2-a5f449e974bc__vr220__eeg220__row474,1,10.405299363057324,1.763507793128838e-07,1.763507793128838e-07
1,ad87efc0-28f6-4acc-8ec2-a5f449e974bc__vr221__eeg221__row475,ad87efc0-28f6-4acc-8ec2-a5f449e974bc,4.704562664031982,5.37242317199707,0.6678605079650879,outer_fold_1,ad87efc0-28f6-4acc-8ec2-a5f449e974bc__ad87efc0-28f6-4acc-8ec2-a5f449e974bc__vr221__eeg221__row475,1,4.7045625,-1.6403198266345953e-07,1.6403198266345953e-07
1,ad87efc0-28f6-4acc-8ec2-a5f449e974bc__vr222__eeg222__row476,ad87efc0-28f6-4acc-8ec2-a5f449e974bc,7.012012958526611,8.731952667236328,1.7199397087097168,outer_fold_1,ad87efc0-28f6-4acc-8ec2-a5f449e974bc__ad87efc0-28f6-4acc-8ec2-a5f449e974bc__vr222__eeg222__row476,1,7.012013114754099,1.5622748783528095e-07,1.5622748783528095e-07
1,ad87efc0-28f6-4acc-8ec2-a5f449e974bc__vr223__eeg223__row477,ad87efc0-28f6-4acc-8ec2-a5f449e974bc,4.298084735870361,4.120274066925049,0.1778106689453125,outer_fold_1,ad87efc0-28f6-4acc-8ec2-a5f449e974bc__ad87efc0-28f6-4acc-8ec2-a5f449e974bc__vr223__eeg223__row477,1,4.298084632516703,-1.0335365807634389e-07,1.0335365807634389e-07
1,ad87efc0-28f6-4acc-8ec2-a5f449e974bc__vr224__eeg224__row478,ad87efc0-28f6-4acc-8ec2-a5f449e974bc,3.9835493564605713,3.6244027614593506,0.3591465950012207,outer_fold_1,ad87efc0-28f6-4acc-8ec2-a5f449e974bc__ad87efc0-28f6-4acc-8ec2-a5f449e974bc__vr224__eeg224__row478,1,3.983549295774648,-6.068592339758538e-08,6.068592339758538e-08
1,ad87efc0-28f6-4acc-8ec2-a5f449e974bc__vr225__eeg225__row479,ad87efc0-28f6-4acc-8ec2-a5f449e974bc,2.973868608474731,5.65913724899292,2.685268640518189,outer_fold_1,ad87efc0-28f6-4acc-8ec2-a5f449e974bc__ad87efc0-28f6-4acc-8ec2-a5f449e974bc__vr225__eeg225__row479,1,2.9738685612788633,-4.719586765844497e-08,4.719586765844497e-08
1,ad87efc0-28f6-4acc-8ec2-a5f449e974bc__vr226__eeg226__row480,ad87efc0-28f6-4acc-8ec2-a5f449e974bc,3.669479370117187,4.981707572937012,1.3122282028198249,outer_fold_1,ad87efc0-28f6-4acc-8ec2-a5f449e974bc__ad87efc0-28f6-4acc-8ec2-a5f449e974bc__vr226__eeg226__row480,1,3.669479452054795,8.193760780983439e-08,8.193760780983439e-08
1,ad87efc0-28f6-4acc-8ec2-a5f449e974bc__vr227__eeg227__row481,ad87efc0-28f6-4acc-8ec2-a5f449e974bc,11.983856201171877,8.044695854187012,3.939160346984865,outer_fold_1,ad87efc0-28f6-4acc-8ec2-a5f449e974bc__ad87efc0-28f6-4acc-8ec2-a5f449e974bc__vr227__eeg227__row481,1,11.983855855855856,-3.453160211108752e-07,3.453160211108752e-07
1,ad87efc0-28f6-4acc-8ec2-a5f449e974bc__vr228__eeg228__row482,ad87efc0-28f6-4acc-8ec2-a5f449e974bc,4.52260684967041,5.16696310043335,0.6443562507629395,outer_fold_1,ad87efc0-28f6-4acc-8ec2-a5f449e974bc__ad87efc0-28f6-4acc-8ec2-a5f449e974bc__vr228__eeg228__row482,1,4.522606741573034,-1.0809737638339811e-07,1.0809737638339811e-07
1,ad87efc0-28f6-4acc-8ec2-a5f449e974bc__vr229__eeg229__row483,ad87efc0-28f6-4acc-8ec2-a5f449e974bc,8.219609260559082,5.897924423217773,2.3216848373413086,outer_fold_1,ad87efc0-28f6-4acc-8ec2-a5f449e974bc__ad87efc0-28f6-4acc-8ec2-a5f449e974bc__vr229__eeg229__row483,1,8.219609302325582,4.176649959219958e-08,4.176649959219958e-08
1,ad87efc0-28f6-4acc-8ec2-a5f449e974bc__vr230__eeg230__row484,ad87efc0-28f6-4acc-8ec2-a5f449e974bc,5.358983516693115,5.614295959472656,0.255312442779541,outer_fold_1,ad87efc0-28f6-4acc-8ec2-a5f449e974bc__ad87efc0-28f6-4acc-8ec2-a5f449e974bc__vr230__eeg230__row484,1,5.358983606557378,8.986426269785852e-08,8.986426269785852e-08
1,ad87efc0-28f6-4acc-8ec2-a5f449e974bc__vr231__eeg231__row485,ad87efc0-28f6-4acc-8ec2-a5f449e974bc,4.488593101501465,4.444019794464111,0.0445733070373535,outer_fold_1,ad87efc0-28f6-4acc-8ec2-a5f449e974bc__ad87efc0-28f6-4acc-8ec2-a5f449e974bc__vr231__eeg231__row485,1,4.488593258426967,1.5692550192625276e-07,1.5692550192625276e-07
1,ad87efc0-28f6-4acc-8ec2-a5f449e974bc__vr232__eeg232__row486,ad87efc0-28f6-4acc-8ec2-a5f449e974bc,7.350874423980713,5.688884258270264,1.6619901657104492,outer_fold_1,ad87efc0-28f6-4acc-8ec2-a5f449e974bc__ad87efc0-28f6-4acc-8ec2-a5f449e974bc__vr232__eeg232__row486,1,7.350874371859297,-5.212141562793704e-08,5.212141562793704e-08
1,ad87efc0-28f6-4acc-8ec2-a5f449e974bc__vr233__eeg233__row487,ad87efc0-28f6-4acc-8ec2-a5f449e974bc,5.287171363830566,7.021140098571777,1.733968734741211,outer_fold_1,ad87efc0-28f6-4acc-8ec2-a5f449e974bc__ad87efc0-28f6-4acc-8ec2-a5f449e974bc__vr233__eeg233__row487,1,5.287171477079796,1.1324922954969452e-07,1.1324922954969452e-07
1,ad87efc0-28f6-4acc-8ec2-a5f449e974bc__vr234__eeg234__row488,ad87efc0-28f6-4acc-8ec2-a5f449e974bc,4.988729476928711,4.711564540863037,0.2771649360656738,outer_fold_1,ad87efc0-28f6-4acc-8ec2-a5f449e974bc__ad87efc0-28f6-4acc-8ec2-a5f449e974bc__vr234__eeg234__row488,1,4.988729670329671,1.934009601356479e-07,1.934009601356479e-07
1,ad87efc0-28f6-4acc-8ec2-a5f449e974bc__vr235__eeg235__row489,ad87efc0-28f6-4acc-8ec2-a5f449e974bc,4.089582443237305,4.8435282707214355,0.7539458274841309,outer_fold_1,ad87efc0-28f6-4acc-8ec2-a5f449e974bc__ad87efc0-28f6-4acc-8ec2-a5f449e974bc__vr235__eeg235__row489,1,4.089582417582418,-2.5654887103598867e-08,2.5654887103598867e-08
1,ad87efc0-28f6-4acc-8ec2-a5f449e974bc__vr236__eeg236__row490,ad87efc0-28f6-4acc-8ec2-a5f449e974bc,10.699585914611816,10.692922592163086,0.0066633224487304,outer_fold_1,ad87efc0-28f6-4acc-8ec2-a5f449e974bc__ad87efc0-28f6-4acc-8ec2-a5f449e974bc__vr236__eeg236__row490,1,10.699586206896551,2.922847350816937e-07,2.922847350816937e-07
1,ad87efc0-28f6-4acc-8ec2-a5f449e974bc__vr237__eeg237__row491,ad87efc0-28f6-4acc-8ec2-a5f449e974bc,3.311918258666992,4.805257797241211,1.4933395385742188,outer_fold_1,ad87efc0-28f6-4acc-8ec2-a5f449e974bc__ad87efc0-28f6-4acc-8ec2-a5f449e974bc__vr237__eeg237__row491,1,3.3119182282793864,-3.0387605765014314e-08,3.0387605765014314e-08
1,ad87efc0-28f6-4acc-8ec2-a5f449e974bc__vr238__eeg238__row492,ad87efc0-28f6-4acc-8ec2-a5f449e974bc,4.358808517456055,3.186913251876831,1.1718952655792236,outer_fold_1,ad87efc0-28f6-4acc-8ec2-a5f449e974bc__ad87efc0-28f6-4acc-8ec2-a5f449e974bc__vr238__eeg238__row492,1,4.358808510638298,-6.817757025601168e-09,6.817757025601168e-09
1,ad87efc0-28f6-4acc-8ec2-a5f449e974bc__vr239__eeg239__row493,ad87efc0-28f6-4acc-8ec2-a5f449e974bc,9.843899726867676,11.68082046508789,1.8369207382202148,outer_fold_1,ad87efc0-28f6-4acc-8ec2-a5f449e974bc__ad87efc0-28f6-4acc-8ec2-a5f449e974bc__vr239__eeg239__row493,1,9.8439,2.73132323869163e-07,2.73132323869163e-07
1,ad87efc0-28f6-4acc-8ec2-a5f449e974bc__vr240__eeg240__row494,ad87efc0-28f6-4acc-8ec2-a5f449e974bc,4.379478454589844,5.30151891708374,0.9220404624938964,outer_fold_1,ad87efc0-28f6-4acc-8ec2-a5f449e974bc__ad87efc0-28f6-4acc-8ec2-a5f449e974bc__vr240__eeg240__row494,1,4.379478260869566,-1.9372027804109848e-07,1.9372027804109848e-07
1,ad87efc0-28f6-4acc-8ec2-a5f449e974bc__vr241__eeg241__row495,ad87efc0-28f6-4acc-8ec2-a5f449e974bc,6.056827545166016,4.2018141746521,1.855013370513916,outer_fold_1,ad87efc0-28f6-4acc-8ec2-a5f449e974bc__ad87efc0-28f6-4acc-8ec2-a5f449e974bc__vr241__eeg241__row495,1,6.0568275862068965,4.104088091594349e-08,4.104088091594349e-08
1,ad87efc0-28f6-4acc-8ec2-a5f449e974bc__vr242__eeg242__row496,ad87efc0-28f6-4acc-8ec2-a5f449e974bc,4.833052635192871,4.50646448135376,0.3265881538391113,outer_fold_1,ad87efc0-28f6-4acc-8ec2-a5f449e974bc__ad87efc0-28f6-4acc-8ec2-a5f449e974bc__vr242__eeg242__row496,1,4.833052631578948,-3.6139233827725548e-09,3.6139233827725548e-09
1,ad87efc0-28f6-4acc-8ec2-a5f449e974bc__vr243__eeg243__row497,ad87efc0-28f6-4acc-8ec2-a5f449e974bc,4.289589881896973,6.704941272735596,2.415351390838623,outer_fold_1,ad87efc0-28f6-4acc-8ec2-a5f449e974bc__ad87efc0-28f6-4acc-8ec2-a5f449e974bc__vr243__eeg243__row497,1,4.2895900621118015,1.8021482883767703e-07,1.8021482883767703e-07
1,ad87efc0-28f6-4acc-8ec2-a5f449e974bc__vr244__eeg244__row498,ad87efc0-28f6-4acc-8ec2-a5f449e974bc,2.7819573879241943,2.8764736652374268,0.0945162773132324,outer_fold_1,ad87efc0-28f6-4acc-8ec2-a5f449e974bc__ad87efc0-28f6-4acc-8ec2-a5f449e974bc__vr244__eeg244__row498,1,2.781957446808511,5.888431653389148e-08,5.888431653389148e-08
1,ad87efc0-28f6-4acc-8ec2-a5f449e974bc__vr245__eeg245__row499,ad87efc0-28f6-4acc-8ec2-a5f449e974bc,6.823826313018799,7.590403079986572,0.7665767669677734,outer_fold_1,ad87efc0-28f6-4acc-8ec2-a5f449e974bc__ad87efc0-28f6-4acc-8ec2-a5f449e974bc__vr245__eeg245__row499,1,6.823826086956522,-2.2606227645383115e-07,2.2606227645383115e-07
1,ad87efc0-28f6-4acc-8ec2-a5f449e974bc__vr246__eeg246__row500,ad87efc0-28f6-4acc-8ec2-a5f449e974bc,6.5578293800354,5.867331027984619,0.6904983520507812,outer_fold_1,ad87efc0-28f6-4acc-8ec2-a5f449e974bc__ad87efc0-28f6-4acc-8ec2-a5f449e974bc__vr246__eeg246__row500,1,6.557829321663021,-5.8372379818649733e-08,5.8372379818649733e-08
1,ad87efc0-28f6-4acc-8ec2-a5f449e974bc__vr247__eeg247__row501,ad87efc0-28f6-4acc-8ec2-a5f449e974bc,8.121142387390137,6.660864353179932,1.460278034210205,outer_fold_1,ad87efc0-28f6-4acc-8ec2-a5f449e974bc__ad87efc0-28f6-4acc-8ec2-a5f449e974bc__vr247__eeg247__row501,1,8.121142857142859,4.697527220542952e-07,4.697527220542952e-07
1,ad87efc0-28f6-4acc-8ec2-a5f449e974bc__vr248__eeg248__row502,ad87efc0-28f6-4acc-8ec2-a5f449e974bc,9.99091625213623,6.285440444946289,3.7054758071899414,outer_fold_1,ad87efc0-28f6-4acc-8ec2-a5f449e974bc__ad87efc0-28f6-4acc-8ec2-a5f449e974bc__vr248__eeg248__row502,1,9.990916426512968,1.743767370498972e-07,1.743767370498972e-07
1,ad87efc0-28f6-4acc-8ec2-a5f449e974bc__vr249__eeg249__row503,ad87efc0-28f6-4acc-8ec2-a5f449e974bc,3.604231834411621,3.1462042331695557,0.4580276012420654,outer_fold_1,ad87efc0-28f6-4acc-8ec2-a5f449e974bc__ad87efc0-28f6-4acc-8ec2-a5f449e974bc__vr249__eeg249__row503,1,3.604231738035265,-9.637635622894436e-08,9.637635622894436e-08
1,ad87efc0-28f6-4acc-8ec2-a5f449e974bc__vr250__eeg250__row504,ad87efc0-28f6-4acc-8ec2-a5f449e974bc,2.5667223930358887,2.827148199081421,0.2604258060455322,outer_fold_1,ad87efc0-28f6-4acc-8ec2-a5f449e974bc__ad87efc0-28f6-4acc-8ec2-a5f449e974bc__vr250__eeg250__row504,1,2.566722433460076,4.042418710881179e-08,4.042418710881179e-08
1,ad87efc0-28f6-4acc-8ec2-a5f449e974bc__vr251__eeg251__row505,ad87efc0-28f6-4acc-8ec2-a5f449e974bc,6.625630855560303,8.086450576782227,1.4608197212219238,outer_fold_1,ad87efc0-28f6-4acc-8ec2-a5f449e974bc__ad87efc0-28f6-4acc-8ec2-a5f449e974bc__vr251__eeg251__row505,1,6.625631067961165,2.1240086223173194e-07,2.1240086223173194e-07
1,ad87efc0-28f6-4acc-8ec2-a5f449e974bc__vr252__eeg252__row506,ad87efc0-28f6-4acc-8ec2-a5f449e974bc,6.413023471832275,8.358095169067383,1.9450716972351072,outer_fold_1,ad87efc0-28f6-4acc-8ec2-a5f449e974bc__ad87efc0-28f6-4acc-8ec2-a5f449e974bc__vr252__eeg252__row506,1,6.413023255813953,-2.1601832234097174e-07,2.1601832234097174e-07
1,ad87efc0-28f6-4acc-8ec2-a5f449e974bc__vr253__eeg253__row507,ad87efc0-28f6-4acc-8ec2-a5f449e974bc,4.555328845977783,4.752573490142822,0.197244644165039,outer_fold_1,ad87efc0-28f6-4acc-8ec2-a5f449e974bc__ad87efc0-28f6-4acc-8ec2-a5f449e974bc__vr253__eeg253__row507,1,4.5553288590604035,1.3082620320403748e-08,1.3082620320403748e-08
1,ad87efc0-28f6-4acc-8ec2-a5f449e974bc__vr254__eeg254__row508,ad87efc0-28f6-4acc-8ec2-a5f449e974bc,4.267411231994629,3.4798123836517334,0.7875988483428955,outer_fold_1,ad87efc0-28f6-4acc-8ec2-a5f449e974bc__ad87efc0-28f6-4acc-8ec2-a5f449e974bc__vr254__eeg254__row508,1,4.267411089866157,-1.4212847165850917e-07,1.4212847165850917e-07
1,ad87efc0-28f6-4acc-8ec2-a5f449e974bc__vr255__eeg255__row509,ad87efc0-28f6-4acc-8ec2-a5f449e974bc,6.3839111328125,8.753695487976074,2.369784355163574,outer_fold_1,ad87efc0-28f6-4acc-8ec2-a5f449e974bc__ad87efc0-28f6-4acc-8ec2-a5f449e974bc__vr255__eeg255__row509,1,6.383911111111111,-2.1701389130157622e-08,2.1701389130157622e-08
1,ad87efc0-28f6-4acc-8ec2-a5f449e974bc__vr256__eeg256__row510,ad87efc0-28f6-4acc-8ec2-a5f449e974bc,5.192166328430176,3.384338855743408,1.8078274726867676,outer_fold_1,ad87efc0-28f6-4acc-8ec2-a5f449e974bc__ad87efc0-28f6-4acc-8ec2-a5f449e974bc__vr256__eeg256__row510,1,5.192166351606805,2.31766295044622e-08,2.31766295044622e-08
1,ad87efc0-28f6-4acc-8ec2-a5f449e974bc__vr257__eeg257__row511,ad87efc0-28f6-4acc-8ec2-a5f449e974bc,6.163365364074707,7.084004878997803,0.9206395149230956,outer_fold_1,ad87efc0-28f6-4acc-8ec2-a5f449e974bc__ad87efc0-28f6-4acc-8ec2-a5f449e974bc__vr257__eeg257__row511,1,6.163365200764819,-1.633098882791728e-07,1.633098882791728e-07
1,ad87efc0-28f6-4acc-8ec2-a5f449e974bc__vr258__eeg258__row512,ad87efc0-28f6-4acc-8ec2-a5f449e974bc,4.2689104080200195,3.864645004272461,0.4042654037475586,outer_fold_1,ad87efc0-28f6-4acc-8ec2-a5f449e974bc__ad87efc0-28f6-4acc-8ec2-a5f449e974bc__vr258__eeg258__row512,1,4.268910344827586,-6.31924335081635e-08,6.31924335081635e-08
1,ad87efc0-28f6-4acc-8ec2-a5f449e974bc__vr259__eeg260__row513,ad87efc0-28f6-4acc-8ec2-a5f449e974bc,6.800755023956299,7.792178630828857,0.9914236068725586,outer_fold_1,ad87efc0-28f6-4acc-8ec2-a5f449e974bc__ad87efc0-28f6-4acc-8ec2-a5f449e974bc__vr259__eeg260__row513,1,6.800754990925589,-3.3030709722936535e-08,3.3030709722936535e-08
1,ad87efc0-28f6-4acc-8ec2-a5f449e974bc__vr260__eeg261__row514,ad87efc0-28f6-4acc-8ec2-a5f449e974bc,4.003233432769775,4.44003438949585,0.4368009567260742,outer_fold_1,ad87efc0-28f6-4acc-8ec2-a5f449e974bc__ad87efc0-28f6-4acc-8ec2-a5f449e974bc__vr260__eeg261__row514,1,4.003233449477352,1.6707576655505818e-08,1.6707576655505818e-08
1,ad87efc0-28f6-4acc-8ec2-a5f449e974bc__vr261__eeg262__row515,ad87efc0-28f6-4acc-8ec2-a5f449e974bc,6.7718586921691895,7.430069446563721,0.6582107543945312,outer_fold_1,ad87efc0-28f6-4acc-8ec2-a5f449e974bc__ad87efc0-28f6-4acc-8ec2-a5f449e974bc__vr261__eeg262__row515,1,6.771858823529413,1.3136022314341744e-07,1.3136022314341744e-07
1,ad87efc0-28f6-4acc-8ec2-a5f449e974bc__vr262__eeg263__row516,ad87efc0-28f6-4acc-8ec2-a5f449e974bc,9.27059268951416,10.557567596435549,1.2869749069213885,outer_fold_1,ad87efc0-28f6-4acc-8ec2-a5f449e974bc__ad87efc0-28f6-4acc-8ec2-a5f449e974bc__vr262__eeg263__row516,1,9.270592274678112,-4.148360481792679e-07,4.148360481792679e-07
1,ad87efc0-28f6-4acc-8ec2-a5f449e974bc__vr263__eeg264__row517,ad87efc0-28f6-4acc-8ec2-a5f449e974bc,9.746594429016112,10.01823616027832,0.2716417312622088,outer_fold_1,ad87efc0-28f6-4acc-8ec2-a5f449e974bc__ad87efc0-28f6-4acc-8ec2-a5f449e974bc__vr263__eeg264__row517,1,9.746594594594594,1.6557848248055507e-07,1.6557848248055507e-07
1,ad87efc0-28f6-4acc-8ec2-a5f449e974bc__vr264__eeg265__row518,ad87efc0-28f6-4acc-8ec2-a5f449e974bc,5.500182628631592,5.169337272644043,0.3308453559875488,outer_fold_1,ad87efc0-28f6-4acc-8ec2-a5f449e974bc__ad87efc0-28f6-4acc-8ec2-a5f449e974bc__vr264__eeg265__row518,1,5.500182572614108,-5.6017483984760474e-08,5.6017483984760474e-08
1,ad87efc0-28f6-4acc-8ec2-a5f449e974bc__vr265__eeg266__row519,ad87efc0-28f6-4acc-8ec2-a5f449e974bc,6.861515522003174,6.7238264083862305,0.1376891136169433,outer_fold_1,ad87efc0-28f6-4acc-8ec2-a5f449e974bc__ad87efc0-28f6-4acc-8ec2-a5f449e974bc__vr265__eeg266__row519,1,6.8615152941176465,-2.2788552733743472e-07,2.2788552733743472e-07
1,ad87efc0-28f6-4acc-8ec2-a5f449e974bc__vr266__eeg267__row520,ad87efc0-28f6-4acc-8ec2-a5f449e974bc,5.741164684295654,6.0663065910339355,0.3251419067382812,outer_fold_1,ad87efc0-28f6-4acc-8ec2-a5f449e974bc__ad87efc0-28f6-4acc-8ec2-a5f449e974bc__vr266__eeg267__row520,1,5.741164556962025,-1.273336289742133e-07,1.273336289742133e-07
1,ad87efc0-28f6-4acc-8ec2-a5f449e974bc__vr267__eeg268__row521,ad87efc0-28f6-4acc-8ec2-a5f449e974bc,4.362585544586182,3.1232593059539795,1.239326238632202,outer_fold_1,ad87efc0-28f6-4acc-8ec2-a5f449e974bc__ad87efc0-28f6-4acc-8ec2-a5f449e974bc__vr267__eeg268__row521,1,4.36258568329718,1.3871099824314115e-07,1.3871099824314115e-07
1,ad87efc0-28f6-4acc-8ec2-a5f449e974bc__vr268__eeg269__row522,ad87efc0-28f6-4acc-8ec2-a5f449e974bc,7.970418930053711,7.92125129699707,0.0491676330566406,outer_fold_1,ad87efc0-28f6-4acc-8ec2-a5f449e974bc__ad87efc0-28f6-4acc-8ec2-a5f449e974bc__vr268__eeg269__row522,1,7.970419098143236,1.6808952540969813e-07,1.6808952540969813e-07
1,ad87efc0-28f6-4acc-8ec2-a5f449e974bc__vr269__eeg270__row523,ad87efc0-28f6-4acc-8ec2-a5f449e974bc,4.341333389282227,4.163386344909668,0.1779470443725586,outer_fold_1,ad87efc0-28f6-4acc-8ec2-a5f449e974bc__ad87efc0-28f6-4acc-8ec2-a5f449e974bc__vr269__eeg270__row523,1,4.341333333333333,-5.594889351812071e-08,5.594889351812071e-08
1,ad87efc0-28f6-4acc-8ec2-a5f449e974bc__vr270__eeg271__row524,ad87efc0-28f6-4acc-8ec2-a5f449e974bc,7.110236644744873,7.645616054534912,0.5353794097900391,outer_fold_1,ad87efc0-28f6-4acc-8ec2-a5f449e974bc__ad87efc0-28f6-4acc-8ec2-a5f449e974bc__vr270__eeg271__row524,1,7.110236658932715,1.4187842012347573e-08,1.4187842012347573e-08
1,ad87efc0-28f6-4acc-8ec2-a5f449e974bc__vr271__eeg272__row525,ad87efc0-28f6-4acc-8ec2-a5f449e974bc,7.7131428718566895,6.295745372772217,1.4173974990844729,outer_fold_1,ad87efc0-28f6-4acc-8ec2-a5f449e974bc__ad87efc0-28f6-4acc-8ec2-a5f449e974bc__vr271__eeg272__row525,1,7.713142857142857,-1.4713832818813444e-08,1.4713832818813444e-08
1,f59e9a00-0a45-4497-8048-818cd5f48267__vr323__eeg324__row815,f59e9a00-0a45-4497-8048-818cd5f48267,7.115861892700195,6.075572490692139,1.0402894020080566,outer_fold_1,f59e9a00-0a45-4497-8048-818cd5f48267__f59e9a00-0a45-4497-8048-818cd5f48267__vr323__eeg324__row815,1,7.115862068965516,1.7626532056169708e-07,1.7626532056169708e-07
1,f59e9a00-0a45-4497-8048-818cd5f48267__vr324__eeg325__row816,f59e9a00-0a45-4497-8048-818cd5f48267,4.4298095703125,5.666037559509277,1.2362279891967771,outer_fold_1,f59e9a00-0a45-4497-8048-818cd5f48267__f59e9a00-0a45-4497-8048-818cd5f48267__vr324__eeg325__row816,1,4.429809744779583,1.744670825587491e-07,1.744670825587491e-07
1,f59e9a00-0a45-4497-8048-818cd5f48267__vr325__eeg326__row817,f59e9a00-0a45-4497-8048-818cd5f48267,4.607917308807373,4.678436279296875,0.0705189704895019,outer_fold_1,f59e9a00-0a45-4497-8048-818cd5f48267__f59e9a00-0a45-4497-8048-818cd5f48267__vr325__eeg326__row817,1,4.607917098445595,-2.103617777748923e-07,2.103617777748923e-07
1,f59e9a00-0a45-4497-8048-818cd5f48267__vr326__eeg327__row818,f59e9a00-0a45-4497-8048-818cd5f48267,5.558341979980469,6.678884029388428,1.120542049407959,outer_fold_1,f59e9a00-0a45-4497-8048-818cd5f48267__f59e9a00-0a45-4497-8048-818cd5f48267__vr326__eeg327__row818,1,5.558342052313884,7.233341481338584e-08,7.233341481338584e-08
1,f59e9a00-0a45-4497-8048-818cd5f48267__vr327__eeg328__row819,f59e9a00-0a45-4497-8048-818cd5f48267,13.428834915161133,6.24553108215332,7.1833038330078125,outer_fold_1,f59e9a00-0a45-4497-8048-818cd5f48267__f59e9a00-0a45-4497-8048-818cd5f48267__vr327__eeg328__row819,1,13.428834990059642,7.489850872843817e-08,7.489850872843817e-08
1,f59e9a00-0a45-4497-8048-818cd5f48267__vr329__eeg330__row821,f59e9a00-0a45-4497-8048-818cd5f48267,9.126424789428713,7.563418865203857,1.5630059242248553,outer_fold_1,f59e9a00-0a45-4497-8048-818cd5f48267__f59e9a00-0a45-4497-8048-818cd5f48267__vr329__eeg330__row821,1,9.12642447418738,-3.1524133348170835e-07,3.1524133348170835e-07
1,f59e9a00-0a45-4497-8048-818cd5f48267__vr330__eeg331__row822,f59e9a00-0a45-4497-8048-818cd5f48267,12.482081413269045,9.279014587402344,3.203066825866701,outer_fold_1,f59e9a00-0a45-4497-8048-818cd5f48267__f59e9a00-0a45-4497-8048-818cd5f48267__vr330__eeg331__row822,1,12.48208163265306,2.1938401495447124e-07,2.1938401495447124e-07
1,f59e9a00-0a45-4497-8048-818cd5f48267__vr331__eeg332__row823,f59e9a00-0a45-4497-8048-818cd5f48267,2.044722557067871,2.608527898788452,0.563805341720581,outer_fold_1,f59e9a00-0a45-4497-8048-818cd5f48267__f59e9a00-0a45-4497-8048-818cd5f48267__vr331__eeg332__row823,1,2.044722580645161,2.3577289898213394e-08,2.3577289898213394e-08
1,f59e9a00-0a45-4497-8048-818cd5f48267__vr332__eeg333__row824,f59e9a00-0a45-4497-8048-818cd5f48267,7.488605499267578,5.371518611907959,2.117086887359619,outer_fold_1,f59e9a00-0a45-4497-8048-818cd5f48267__f59e9a00-0a45-4497-8048-818cd5f48267__vr332__eeg333__row824,1,7.48860567823344,1.7896586168575368e-07,1.7896586168575368e-07
1,f59e9a00-0a45-4497-8048-818cd5f48267__vr333__eeg334__row825,f59e9a00-0a45-4497-8048-818cd5f48267,2.695377826690674,4.480418682098389,1.7850408554077148,outer_fold_1,f59e9a00-0a45-4497-8048-818cd5f48267__f59e9a00-0a45-4497-8048-818cd5f48267__vr333__eeg334__row825,1,2.6953779385171788,1.1182650494490076e-07,1.1182650494490076e-07
1,f59e9a00-0a45-4497-8048-818cd5f48267__vr334__eeg335__row826,f59e9a00-0a45-4497-8048-818cd5f48267,3.6982710361480713,5.301364898681641,1.6030938625335691,outer_fold_1,f59e9a00-0a45-4497-8048-818cd5f48267__f59e9a00-0a45-4497-8048-818cd5f48267__vr334__eeg335__row826,1,3.698270967741936,-6.840613542280494e-08,6.840613542280494e-08
1,f59e9a00-0a45-4497-8048-818cd5f48267__vr335__eeg336__row827,f59e9a00-0a45-4497-8048-818cd5f48267,3.131873607635498,3.920833826065063,0.788960218429565,outer_fold_1,f59e9a00-0a45-4497-8048-818cd5f48267__f59e9a00-0a45-4497-8048-818cd5f48267__vr335__eeg336__row827,1,3.1318736842105266,7.65750285403044e-08,7.65750285403044e-08
1,f59e9a00-0a45-4497-8048-818cd5f48267__vr336__eeg337__row828,f59e9a00-0a45-4497-8048-818cd5f48267,4.941788196563721,5.956592082977295,1.0148038864135742,outer_fold_1,f59e9a00-0a45-4497-8048-818cd5f48267__f59e9a00-0a45-4497-8048-818cd5f48267__vr336__eeg337__row828,1,4.94178801843318,-1.7813054054016675e-07,1.7813054054016675e-07
1,f59e9a00-0a45-4497-8048-818cd5f48267__vr337__eeg338__row829,f59e9a00-0a45-4497-8048-818cd5f48267,4.1519999504089355,5.030600070953369,0.8786001205444336,outer_fold_1,f59e9a00-0a45-4497-8048-818cd5f48267__f59e9a00-0a45-4497-8048-818cd5f48267__vr337__eeg338__row829,1,4.152,4.959106458812812e-08,4.959106458812812e-08
1,f59e9a00-0a45-4497-8048-818cd5f48267__vr338__eeg339__row830,f59e9a00-0a45-4497-8048-818cd5f48267,7.556496620178223,6.3684821128845215,1.1880145072937012,outer_fold_1,f59e9a00-0a45-4497-8048-818cd5f48267__f59e9a00-0a45-4497-8048-818cd5f48267__vr338__eeg339__row830,1,7.556496732026143,1.1184792025886736e-07,1.1184792025886736e-07
1,f59e9a00-0a45-4497-8048-818cd5f48267__vr339__eeg340__row831,f59e9a00-0a45-4497-8048-818cd5f48267,3.426823616027832,5.880429744720459,2.453606128692627,outer_fold_1,f59e9a00-0a45-4497-8048-818cd5f48267__f59e9a00-0a45-4497-8048-818cd5f48267__vr339__eeg340__row831,1,3.426823529411765,-8.661606720750115e-08,8.661606720750115e-08
1,f59e9a00-0a45-4497-8048-818cd5f48267__vr340__eeg341__row832,f59e9a00-0a45-4497-8048-818cd5f48267,4.139476299285889,4.340648174285889,0.201171875,outer_fold_1,f59e9a00-0a45-4497-8048-818cd5f48267__f59e9a00-0a45-4497-8048-818cd5f48267__vr340__eeg341__row832,1,4.139476091476092,-2.078097969260284e-07,2.078097969260284e-07
1,f59e9a00-0a45-4497-8048-818cd5f48267__vr341__eeg342__row833,f59e9a00-0a45-4497-8048-818cd5f48267,4.802240371704102,5.882505893707275,1.0802655220031738,outer_fold_1,f59e9a00-0a45-4497-8048-818cd5f48267__f59e9a00-0a45-4497-8048-818cd5f48267__vr341__eeg342__row833,1,4.802240574506284,2.0280218215873447e-07,2.0280218215873447e-07
1,f59e9a00-0a45-4497-8048-818cd5f48267__vr342__eeg343__row834,f59e9a00-0a45-4497-8048-818cd5f48267,3.5912299156188965,4.003555774688721,0.4123258590698242,outer_fold_1,f59e9a00-0a45-4497-8048-818cd5f48267__f59e9a00-0a45-4497-8048-818cd5f48267__vr342__eeg343__row834,1,3.5912298624754424,-5.314345408180543e-08,5.314345408180543e-08
1,f59e9a00-0a45-4497-8048-818cd5f48267__vr343__eeg344__row835,f59e9a00-0a45-4497-8048-818cd5f48267,5.0045671463012695,5.841198444366455,0.8366312980651855,outer_fold_1,f59e9a00-0a45-4497-8048-818cd5f48267__f59e9a00-0a45-4497-8048-818cd5f48267__vr343__eeg344__row835,1,5.004566929133858,-2.1716741116506455e-07,2.1716741116506455e-07
1,f59e9a00-0a45-4497-8048-818cd5f48267__vr344__eeg345__row836,f59e9a00-0a45-4497-8048-818cd5f48267,2.5668282508850098,2.88090181350708,0.3140735626220703,outer_fold_1,f59e9a00-0a45-4497-8048-818cd5f48267__f59e9a00-0a45-4497-8048-818cd5f48267__vr344__eeg345__row836,1,2.566828346456693,9.557168345608602e-08,9.557168345608602e-08
1,f59e9a00-0a45-4497-8048-818cd5f48267__vr345__eeg346__row837,f59e9a00-0a45-4497-8048-818cd5f48267,5.562857151031494,5.797435760498047,0.2345786094665527,outer_fold_1,f59e9a00-0a45-4497-8048-818cd5f48267__f59e9a00-0a45-4497-8048-818cd5f48267__vr345__eeg346__row837,1,5.562857142857143,-8.174350973888522e-09,8.174350973888522e-09
1,f59e9a00-0a45-4497-8048-818cd5f48267__vr346__eeg347__row838,f59e9a00-0a45-4497-8048-818cd5f48267,5.925056457519531,5.7663984298706055,0.1586580276489257,outer_fold_1,f59e9a00-0a45-4497-8048-818cd5f48267__f59e9a00-0a45-4497-8048-818cd5f48267__vr346__eeg347__row838,1,5.9250566037735855,1.4625405420076731e-07,1.4625405420076731e-07
1,f59e9a00-0a45-4497-8048-818cd5f48267__vr347__eeg348__row839,f59e9a00-0a45-4497-8048-818cd5f48267,7.177674293518066,8.809355735778809,1.6316814422607422,outer_fold_1,f59e9a00-0a45-4497-8048-818cd5f48267__f59e9a00-0a45-4497-8048-818cd5f48267__vr347__eeg348__row839,1,7.177674418604651,1.2508658464582822e-07,1.2508658464582822e-07
1,f59e9a00-0a45-4497-8048-818cd5f48267__vr348__eeg349__row840,f59e9a00-0a45-4497-8048-818cd5f48267,5.968260288238525,4.3405842781066895,1.627676010131836,outer_fold_1,f59e9a00-0a45-4497-8048-818cd5f48267__f59e9a00-0a45-4497-8048-818cd5f48267__vr348__eeg349__row840,1,5.968260162601626,-1.25636899106496e-07,1.25636899106496e-07
1,f59e9a00-0a45-4497-8048-818cd5f48267__vr349__eeg350__row841,f59e9a00-0a45-4497-8048-818cd5f48267,4.929230690002441,4.251911163330078,0.6773195266723633,outer_fold_1,f59e9a00-0a45-4497-8048-818cd5f48267__f59e9a00-0a45-4497-8048-818cd5f48267__vr349__eeg350__row841,1,4.929230769230769,7.922832789830636e-08,7.922832789830636e-08
1,f59e9a00-0a45-4497-8048-818cd5f48267__vr350__eeg351__row842,f59e9a00-0a45-4497-8048-818cd5f48267,3.83219051361084,4.8137335777282715,0.9815430641174316,outer_fold_1,f59e9a00-0a45-4497-8048-818cd5f48267__f59e9a00-0a45-4497-8048-818cd5f48267__vr350__eeg351__row842,1,3.8321904761904766,-3.742036325249387e-08,3.742036325249387e-08
1,f59e9a00-0a45-4497-8048-818cd5f48267__vr351__eeg352__row843,f59e9a00-0a45-4497-8048-818cd5f48267,3.260219097137451,3.44921350479126,0.188994407653809,outer_fold_1,f59e9a00-0a45-4497-8048-818cd5f48267__f59e9a00-0a45-4497-8048-818cd5f48267__vr351__eeg352__row843,1,3.260219178082192,8.094474068798263e-08,8.094474068798263e-08
1,f59e9a00-0a45-4497-8048-818cd5f48267__vr352__eeg353__row844,f59e9a00-0a45-4497-8048-818cd5f48267,9.139900207519531,9.185611724853516,0.0457115173339843,outer_fold_1,f59e9a00-0a45-4497-8048-818cd5f48267__f59e9a00-0a45-4497-8048-818cd5f48267__vr352__eeg353__row844,1,9.1399,-2.075195304485078e-07,2.075195304485078e-07
1,f59e9a00-0a45-4497-8048-818cd5f48267__vr353__eeg354__row845,f59e9a00-0a45-4497-8048-818cd5f48267,5.686366558074951,6.0198211669921875,0.3334546089172363,outer_fold_1,f59e9a00-0a45-4497-8048-818cd5f48267__f59e9a00-0a45-4497-8048-818cd5f48267__vr353__eeg354__row845,1,5.686366492146597,-6.592835433139044e-08,6.592835433139044e-08
1,f59e9a00-0a45-4497-8048-818cd5f48267__vr354__eeg355__row846,f59e9a00-0a45-4497-8048-818cd5f48267,9.863751411437988,9.223718643188477,0.6400327682495117,outer_fold_1,f59e9a00-0a45-4497-8048-818cd5f48267__f59e9a00-0a45-4497-8048-818cd5f48267__vr354__eeg355__row846,1,9.863751295336789,-1.1610119976523947e-07,1.1610119976523947e-07
1,f59e9a00-0a45-4497-8048-818cd5f48267__vr355__eeg356__row847,f59e9a00-0a45-4497-8048-818cd5f48267,7.581247329711914,5.138668537139893,2.4425787925720215,outer_fold_1,f59e9a00-0a45-4497-8048-818cd5f48267__f59e9a00-0a45-4497-8048-818cd5f48267__vr355__eeg356__row847,1,7.581247311827958,-1.788395564972234e-08,1.788395564972234e-08
1,f59e9a00-0a45-4497-8048-818cd5f48267__vr356__eeg357__row848,f59e9a00-0a45-4497-8048-818cd5f48267,10.507438659667969,9.761730194091797,0.7457084655761719,outer_fold_1,f59e9a00-0a45-4497-8048-818cd5f48267__f59e9a00-0a45-4497-8048-818cd5f48267__vr356__eeg357__row848,1,10.507438914027148,2.543591790526989e-07,2.543591790526989e-07
2,2a298ece-1693-424d-9d70-7988e3c23aa6__vr35__eeg33__row31,2a298ece-1693-424d-9d70-7988e3c23aa6,5.1782660484313965,4.487344264984131,0.6909217834472656,outer_fold_2,2a298ece-1693-424d-9d70-7988e3c23aa6__2a298ece-1693-424d-9d70-7988e3c23aa6__vr35__eeg33__row31,1,5.178265895953757,-1.5247763940351433e-07,1.5247763940351433e-07
2,2a298ece-1693-424d-9d70-7988e3c23aa6__vr36__eeg34__row32,2a298ece-1693-424d-9d70-7988e3c23aa6,7.375377655029297,9.551727294921877,2.17634963989258,outer_fold_2,2a298ece-1693-424d-9d70-7988e3c23aa6__2a298ece-1693-424d-9d70-7988e3c23aa6__vr36__eeg34__row32,1,7.375377777777779,1.2274848248949866e-07,1.2274848248949866e-07
2,2a298ece-1693-424d-9d70-7988e3c23aa6__vr37__eeg35__row33,2a298ece-1693-424d-9d70-7988e3c23aa6,5.879703521728516,5.926609516143799,0.0469059944152832,outer_fold_2,2a298ece-1693-424d-9d70-7988e3c23aa6__2a298ece-1693-424d-9d70-7988e3c23aa6__vr37__eeg35__row33,1,5.879703703703704,1.8197518869556006e-07,1.8197518869556006e-07
2,2a298ece-1693-424d-9d70-7988e3c23aa6__vr38__eeg36__row34,2a298ece-1693-424d-9d70-7988e3c23aa6,2.635376453399658,1.6975125074386597,0.9378639459609984,outer_fold_2,2a298ece-1693-424d-9d70-7988e3c23aa6__2a298ece-1693-424d-9d70-7988e3c23aa6__vr38__eeg36__row34,1,2.6353765323992997,7.899964149515881e-08,7.899964149515881e-08
2,2a298ece-1693-424d-9d70-7988e3c23aa6__vr39__eeg37__row35,2a298ece-1693-424d-9d70-7988e3c23aa6,4.468992233276367,4.4141764640808105,0.0548157691955566,outer_fold_2,2a298ece-1693-424d-9d70-7988e3c23aa6__2a298ece-1693-424d-9d70-7988e3c23aa6__vr39__eeg37__row35,1,4.468991999999999,-2.3327636800019036e-07,2.3327636800019036e-07
2,2a298ece-1693-424d-9d70-7988e3c23aa6__vr40__eeg38__row36,2a298ece-1693-424d-9d70-7988e3c23aa6,11.874611854553224,6.125890254974365,5.748721599578859,outer_fold_2,2a298ece-1693-424d-9d70-7988e3c23aa6__2a298ece-1693-424d-9d70-7988e3c23aa6__vr40__eeg38__row36,1,11.87461224489796,3.9034473608978715e-07,3.9034473608978715e-07
2,2a298ece-1693-424d-9d70-7988e3c23aa6__vr41__eeg39__row37,2a298ece-1693-424d-9d70-7988e3c23aa6,7.375258445739746,3.469825506210327,3.905432939529419,outer_fold_2,2a298ece-1693-424d-9d70-7988e3c23aa6__2a298ece-1693-424d-9d70-7988e3c23aa6__vr41__eeg39__row37,1,7.375258536585367,9.08456208037478e-08,9.08456208037478e-08
2,2a298ece-1693-424d-9d70-7988e3c23aa6__vr42__eeg40__row38,2a298ece-1693-424d-9d70-7988e3c23aa6,5.071255683898926,4.40029239654541,0.6709632873535156,outer_fold_2,2a298ece-1693-424d-9d70-7988e3c23aa6__2a298ece-1693-424d-9d70-7988e3c23aa6__vr42__eeg40__row38,1,5.0712558139534885,1.300545626747862e-07,1.300545626747862e-07
2,2a298ece-1693-424d-9d70-7988e3c23aa6__vr43__eeg41__row39,2a298ece-1693-424d-9d70-7988e3c23aa6,6.629493236541748,1.7150464057922363,4.914446830749512,outer_fold_2,2a298ece-1693-424d-9d70-7988e3c23aa6__2a298ece-1693-424d-9d70-7988e3c23aa6__vr43__eeg41__row39,1,6.6294931880108985,-4.853084956124576e-08,4.853084956124576e-08
2,2a298ece-1693-424d-9d70-7988e3c23aa6__vr44__eeg42__row40,2a298ece-1693-424d-9d70-7988e3c23aa6,15.042612075805664,9.574609756469728,5.468002319335936,outer_fold_2,2a298ece-1693-424d-9d70-7988e3c23aa6__2a298ece-1693-424d-9d70-7988e3c23aa6__vr44__eeg42__row40,1,15.042612244897958,1.690922939445727e-07,1.690922939445727e-07
2,2a298ece-1693-424d-9d70-7988e3c23aa6__vr45__eeg43__row41,2a298ece-1693-424d-9d70-7988e3c23aa6,4.5675458908081055,1.472422480583191,3.0951234102249146,outer_fold_2,2a298ece-1693-424d-9d70-7988e3c23aa6__2a298ece-1693-424d-9d70-7988e3c23aa6__vr45__eeg43__row41,1,4.567545851528384,-3.927972169748273e-08,3.927972169748273e-08
2,2a298ece-1693-424d-9d70-7988e3c23aa6__vr46__eeg44__row42,2a298ece-1693-424d-9d70-7988e3c23aa6,5.665927886962891,6.374875545501709,0.7089476585388184,outer_fold_2,2a298ece-1693-424d-9d70-7988e3c23aa6__2a298ece-1693-424d-9d70-7988e3c23aa6__vr46__eeg44__row42,1,5.665927710843374,-1.761195163041407e-07,1.761195163041407e-07
2,2a298ece-1693-424d-9d70-7988e3c23aa6__vr47__eeg45__row43,2a298ece-1693-424d-9d70-7988e3c23aa6,4.963417053222656,5.478938579559326,0.5155215263366699,outer_fold_2,2a298ece-1693-424d-9d70-7988e3c23aa6__2a298ece-1693-424d-9d70-7988e3c23aa6__vr47__eeg45__row43,1,4.963416837782341,-2.1544031536535613e-07,2.1544031536535613e-07
2,2a298ece-1693-424d-9d70-7988e3c23aa6__vr48__eeg46__row44,2a298ece-1693-424d-9d70-7988e3c23aa6,5.298248767852783,5.179956436157227,0.1182923316955566,outer_fold_2,2a298ece-1693-424d-9d70-7988e3c23aa6__2a298ece-1693-424d-9d70-7988e3c23aa6__vr48__eeg46__row44,1,5.298248847926268,8.007348473171305e-08,8.007348473171305e-08
2,2a298ece-1693-424d-9d70-7988e3c23aa6__vr49__eeg47__row45,2a298ece-1693-424d-9d70-7988e3c23aa6,8.41836166381836,8.075765609741211,0.3425960540771484,outer_fold_2,2a298ece-1693-424d-9d70-7988e3c23aa6__2a298ece-1693-424d-9d70-7988e3c23aa6__vr49__eeg47__row45,1,8.418361746361748,8.254338901281244e-08,8.254338901281244e-08
2,2a298ece-1693-424d-9d70-7988e3c23aa6__vr50__eeg48__row46,2a298ece-1693-424d-9d70-7988e3c23aa6,15.005000114440918,4.714198589324951,10.290801525115969,outer_fold_2,2a298ece-1693-424d-9d70-7988e3c23aa6__2a298ece-1693-424d-9d70-7988e3c23aa6__vr50__eeg48__row46,1,15.005,-1.1444091718715299e-07,1.1444091718715299e-07
2,99ea5a4e-5011-47ee-823c-56fdacec63f5__vr100__eeg99__row372,99ea5a4e-5011-47ee-823c-56fdacec63f5,5.531270503997803,7.193546772003174,1.662276268005371,outer_fold_2,99ea5a4e-5011-47ee-823c-56fdacec63f5__99ea5a4e-5011-47ee-823c-56fdacec63f5__vr100__eeg99__row372,1,5.531270440251573,-6.37462296282365e-08,6.37462296282365e-08
2,99ea5a4e-5011-47ee-823c-56fdacec63f5__vr101__eeg100__row373,99ea5a4e-5011-47ee-823c-56fdacec63f5,3.0296471118927,3.064271926879883,0.0346248149871826,outer_fold_2,99ea5a4e-5011-47ee-823c-56fdacec63f5__99ea5a4e-5011-47ee-823c-56fdacec63f5__vr101__eeg100__row373,1,3.02964705882353,-5.306917039149539e-08,5.306917039149539e-08
2,99ea5a4e-5011-47ee-823c-56fdacec63f5__vr102__eeg101__row374,99ea5a4e-5011-47ee-823c-56fdacec63f5,4.43690299987793,4.513435363769531,0.0765323638916015,outer_fold_2,99ea5a4e-5011-47ee-823c-56fdacec63f5__99ea5a4e-5011-47ee-823c-56fdacec63f5__vr102__eeg101__row374,1,4.436903225806453,2.2592852300107324e-07,2.2592852300107324e-07
2,99ea5a4e-5011-47ee-823c-56fdacec63f5__vr103__eeg102__row375,99ea5a4e-5011-47ee-823c-56fdacec63f5,3.53227162361145,3.9869439601898193,0.4546723365783691,outer_fold_2,99ea5a4e-5011-47ee-823c-56fdacec63f5__99ea5a4e-5011-47ee-823c-56fdacec63f5__vr103__eeg102__row375,1,3.532271559633027,-6.397842300387424e-08,6.397842300387424e-08
2,99ea5a4e-5011-47ee-823c-56fdacec63f5__vr104__eeg103__row376,99ea5a4e-5011-47ee-823c-56fdacec63f5,4.06365966796875,4.155776023864746,0.0921163558959961,outer_fold_2,99ea5a4e-5011-47ee-823c-56fdacec63f5__99ea5a4e-5011-47ee-823c-56fdacec63f5__vr104__eeg103__row376,1,4.063659574468085,-9.350066498825527e-08,9.350066498825527e-08
2,99ea5a4e-5011-47ee-823c-56fdacec63f5__vr105__eeg104__row377,99ea5a4e-5011-47ee-823c-56fdacec63f5,5.559404373168945,5.646876335144043,0.0874719619750976,outer_fold_2,99ea5a4e-5011-47ee-823c-56fdacec63f5__99ea5a4e-5011-47ee-823c-56fdacec63f5__vr105__eeg104__row377,1,5.5594044265593565,5.339041120322463e-08,5.339041120322463e-08
2,99ea5a4e-5011-47ee-823c-56fdacec63f5__vr106__eeg105__row378,99ea5a4e-5011-47ee-823c-56fdacec63f5,12.720236778259276,12.011862754821776,0.7083740234375,outer_fold_2,99ea5a4e-5011-47ee-823c-56fdacec63f5__99ea5a4e-5011-47ee-823c-56fdacec63f5__vr106__eeg105__row378,1,12.720237037037036,2.5877776010929665e-07,2.5877776010929665e-07
2,99ea5a4e-5011-47ee-823c-56fdacec63f5__vr108__eeg107__row380,99ea5a4e-5011-47ee-823c-56fdacec63f5,4.233798027038574,4.224172115325928,0.0096259117126464,outer_fold_2,99ea5a4e-5011-47ee-823c-56fdacec63f5__99ea5a4e-5011-47ee-823c-56fdacec63f5__vr108__eeg107__row380,1,4.23379793814433,-8.889424396585355e-08,8.889424396585355e-08
2,99ea5a4e-5011-47ee-823c-56fdacec63f5__vr109__eeg108__row381,99ea5a4e-5011-47ee-823c-56fdacec63f5,2.993086338043213,3.1435089111328125,0.1504225730895996,outer_fold_2,99ea5a4e-5011-47ee-823c-56fdacec63f5__99ea5a4e-5011-47ee-823c-56fdacec63f5__vr109__eeg108__row381,1,2.9930864197530864,8.170987353395276e-08,8.170987353395276e-08
2,99ea5a4e-5011-47ee-823c-56fdacec63f5__vr110__eeg109__row382,99ea5a4e-5011-47ee-823c-56fdacec63f5,11.146316528320312,8.34650707244873,2.799809455871582,outer_fold_2,99ea5a4e-5011-47ee-823c-56fdacec63f5__99ea5a4e-5011-47ee-823c-56fdacec63f5__vr110__eeg109__row382,1,11.146316417910448,-1.1040986436228195e-07,1.1040986436228195e-07
2,99ea5a4e-5011-47ee-823c-56fdacec63f5__vr111__eeg110__row383,99ea5a4e-5011-47ee-823c-56fdacec63f5,5.321707725524902,8.45370101928711,3.131993293762207,outer_fold_2,99ea5a4e-5011-47ee-823c-56fdacec63f5__99ea5a4e-5011-47ee-823c-56fdacec63f5__vr111__eeg110__row383,1,5.3217075630252095,-1.6249969281290078e-07,1.6249969281290078e-07
2,99ea5a4e-5011-47ee-823c-56fdacec63f5__vr112__eeg111__row384,99ea5a4e-5011-47ee-823c-56fdacec63f5,6.923368453979492,5.68330192565918,1.2400665283203125,outer_fold_2,99ea5a4e-5011-47ee-823c-56fdacec63f5__99ea5a4e-5011-47ee-823c-56fdacec63f5__vr112__eeg111__row384,1,6.923368421052632,-3.292686034939152e-08,3.292686034939152e-08
2,99ea5a4e-5011-47ee-823c-56fdacec63f5__vr113__eeg112__row385,99ea5a4e-5011-47ee-823c-56fdacec63f5,10.34000015258789,7.868208408355713,2.4717917442321777,outer_fold_2,99ea5a4e-5011-47ee-823c-56fdacec63f5__99ea5a4e-5011-47ee-823c-56fdacec63f5__vr113__eeg112__row385,1,10.34,-1.5258789076710855e-07,1.5258789076710855e-07
2,99ea5a4e-5011-47ee-823c-56fdacec63f5__vr114__eeg113__row386,99ea5a4e-5011-47ee-823c-56fdacec63f5,15.503154754638672,13.764501571655272,1.7386531829834002,outer_fold_2,99ea5a4e-5011-47ee-823c-56fdacec63f5__99ea5a4e-5011-47ee-823c-56fdacec63f5__vr114__eeg113__row386,1,15.503154598825832,-1.558128399636871e-07,1.558128399636871e-07
2,99ea5a4e-5011-47ee-823c-56fdacec63f5__vr95__eeg94__row367,99ea5a4e-5011-47ee-823c-56fdacec63f5,5.113263130187988,6.934110641479492,1.820847511291504,outer_fold_2,99ea5a4e-5011-47ee-823c-56fdacec63f5__99ea5a4e-5011-47ee-823c-56fdacec63f5__vr95__eeg94__row367,1,5.113263157894736,2.77067480070059e-08,2.77067480070059e-08
2,99ea5a4e-5011-47ee-823c-56fdacec63f5__vr96__eeg95__row368,99ea5a4e-5011-47ee-823c-56fdacec63f5,3.5150322914123535,4.1589741706848145,0.6439418792724609,outer_fold_2,99ea5a4e-5011-47ee-823c-56fdacec63f5__99ea5a4e-5011-47ee-823c-56fdacec63f5__vr96__eeg95__row368,1,3.5150322580645166,-3.3347836936314934e-08,3.3347836936314934e-08
2,99ea5a4e-5011-47ee-823c-56fdacec63f5__vr97__eeg96__row369,99ea5a4e-5011-47ee-823c-56fdacec63f5,5.200799942016602,3.9527552127838135,1.248044729232788,outer_fold_2,99ea5a4e-5011-47ee-823c-56fdacec63f5__99ea5a4e-5011-47ee-823c-56fdacec63f5__vr97__eeg96__row369,1,5.200799999999999,5.7983397638849965e-08,5.7983397638849965e-08
2,99ea5a4e-5011-47ee-823c-56fdacec63f5__vr98__eeg97__row370,99ea5a4e-5011-47ee-823c-56fdacec63f5,4.809179782867432,4.515065670013428,0.2941141128540039,outer_fold_2,99ea5a4e-5011-47ee-823c-56fdacec63f5__99ea5a4e-5011-47ee-823c-56fdacec63f5__vr98__eeg97__row370,1,4.809179723502305,-5.936512703641483e-08,5.936512703641483e-08
2,99ea5a4e-5011-47ee-823c-56fdacec63f5__vr99__eeg98__row371,99ea5a4e-5011-47ee-823c-56fdacec63f5,4.83612585067749,5.787293910980225,0.9511680603027344,outer_fold_2,99ea5a4e-5011-47ee-823c-56fdacec63f5__99ea5a4e-5011-47ee-823c-56fdacec63f5__vr99__eeg98__row371,1,4.836125786163522,-6.451396838969004e-08,6.451396838969004e-08
2,c488b456-7651-4424-8cc9-8f81ed92e0e2__vr2155__eeg1332__row527,c488b456-7651-4424-8cc9-8f81ed92e0e2,5.86204719543457,3.8742916584014897,1.9877555370330808,outer_fold_2,c488b456-7651-4424-8cc9-8f81ed92e0e2__c488b456-7651-4424-8cc9-8f81ed92e0e2__vr2155__eeg1332__row527,2,5.862047244094489,4.865991876101816e-08,4.865991876101816e-08
2,c488b456-7651-4424-8cc9-8f81ed92e0e2__vr2156__eeg1333__row528,c488b456-7651-4424-8cc9-8f81ed92e0e2,2.97721004486084,4.58143949508667,1.60422945022583,outer_fold_2,c488b456-7651-4424-8cc9-8f81ed92e0e2__c488b456-7651-4424-8cc9-8f81ed92e0e2__vr2156__eeg1333__row528,2,2.9772100840336133,3.917277346943138e-08,3.917277346943138e-08
2,c488b456-7651-4424-8cc9-8f81ed92e0e2__vr2157__eeg1334__row529,c488b456-7651-4424-8cc9-8f81ed92e0e2,4.18488883972168,3.87758207321167,0.3073067665100097,outer_fold_2,c488b456-7651-4424-8cc9-8f81ed92e0e2__c488b456-7651-4424-8cc9-8f81ed92e0e2__vr2157__eeg1334__row529,2,4.184888888888889,4.9167208970857246e-08,4.9167208970857246e-08
2,c488b456-7651-4424-8cc9-8f81ed92e0e2__vr2158__eeg1335__row530,c488b456-7651-4424-8cc9-8f81ed92e0e2,3.444946765899658,3.399834632873535,0.045112133026123,outer_fold_2,c488b456-7651-4424-8cc9-8f81ed92e0e2__c488b456-7651-4424-8cc9-8f81ed92e0e2__vr2158__eeg1335__row530,2,3.444946695095949,-7.08037091179392e-08,7.08037091179392e-08
2,c488b456-7651-4424-8cc9-8f81ed92e0e2__vr2159__eeg1336__row531,c488b456-7651-4424-8cc9-8f81ed92e0e2,2.8032562732696533,3.8477375507354736,1.0444812774658203,outer_fold_2,c488b456-7651-4424-8cc9-8f81ed92e0e2__c488b456-7651-4424-8cc9-8f81ed92e0e2__vr2159__eeg1336__row531,2,2.8032563600782776,8.680862428889213e-08,8.680862428889213e-08
2,c488b456-7651-4424-8cc9-8f81ed92e0e2__vr2161__eeg1337__row532,c488b456-7651-4424-8cc9-8f81ed92e0e2,4.686903953552246,5.013482570648193,0.3265786170959472,outer_fold_2,c488b456-7651-4424-8cc9-8f81ed92e0e2__c488b456-7651-4424-8cc9-8f81ed92e0e2__vr2161__eeg1337__row532,2,4.686904109589041,1.5603679504039292e-07,1.5603679504039292e-07
2,c488b456-7651-4424-8cc9-8f81ed92e0e2__vr2162__eeg1338__row533,c488b456-7651-4424-8cc9-8f81ed92e0e2,5.663280487060547,5.765295505523682,0.1020150184631347,outer_fold_2,c488b456-7651-4424-8cc9-8f81ed92e0e2__c488b456-7651-4424-8cc9-8f81ed92e0e2__vr2162__eeg1338__row533,2,5.663280513918631,2.6858083757019813e-08,2.6858083757019813e-08
2,c488b456-7651-4424-8cc9-8f81ed92e0e2__vr2163__eeg1339__row534,c488b456-7651-4424-8cc9-8f81ed92e0e2,11.62967014312744,7.607956409454346,4.021713733673094,outer_fold_2,c488b456-7651-4424-8cc9-8f81ed92e0e2__c488b456-7651-4424-8cc9-8f81ed92e0e2__vr2163__eeg1339__row534,2,11.629669902912624,-2.402148151503525e-07,2.402148151503525e-07
2,c488b456-7651-4424-8cc9-8f81ed92e0e2__vr2164__eeg1340__row535,c488b456-7651-4424-8cc9-8f81ed92e0e2,4.326290607452393,3.409266710281372,0.9170238971710204,outer_fold_2,c488b456-7651-4424-8cc9-8f81ed92e0e2__c488b456-7651-4424-8cc9-8f81ed92e0e2__vr2164__eeg1340__row535,2,4.326290598290598,-9.161794878309593e-09,9.161794878309593e-09
2,c488b456-7651-4424-8cc9-8f81ed92e0e2__vr2165__eeg1341__row536,c488b456-7651-4424-8cc9-8f81ed92e0e2,5.23052978515625,5.82889986038208,0.5983700752258301,outer_fold_2,c488b456-7651-4424-8cc9-8f81ed92e0e2__c488b456-7651-4424-8cc9-8f81ed92e0e2__vr2165__eeg1341__row536,2,5.23052972972973,-5.542652026235828e-08,5.542652026235828e-08
2,c488b456-7651-4424-8cc9-8f81ed92e0e2__vr2166__eeg1342__row537,c488b456-7651-4424-8cc9-8f81ed92e0e2,7.239734649658203,7.614475250244141,0.3747406005859375,outer_fold_2,c488b456-7651-4424-8cc9-8f81ed92e0e2__c488b456-7651-4424-8cc9-8f81ed92e0e2__vr2166__eeg1342__row537,2,7.2397344398340255,-2.0982417758830252e-07,2.0982417758830252e-07
2,c488b456-7651-4424-8cc9-8f81ed92e0e2__vr2167__eeg1343__row538,c488b456-7651-4424-8cc9-8f81ed92e0e2,6.869109630584717,4.562966823577881,2.306142807006836,outer_fold_2,c488b456-7651-4424-8cc9-8f81ed92e0e2__c488b456-7651-4424-8cc9-8f81ed92e0e2__vr2167__eeg1343__row538,2,6.869109677419355,4.683463838972557e-08,4.683463838972557e-08
2,c488b456-7651-4424-8cc9-8f81ed92e0e2__vr2168__eeg1344__row539,c488b456-7651-4424-8cc9-8f81ed92e0e2,4.2498087882995605,5.102878093719482,0.8530693054199219,outer_fold_2,c488b456-7651-4424-8cc9-8f81ed92e0e2__c488b456-7651-4424-8cc9-8f81ed92e0e2__vr2168__eeg1344__row539,2,4.249808553971486,-2.34328074277812e-07,2.34328074277812e-07
2,c488b456-7651-4424-8cc9-8f81ed92e0e2__vr2169__eeg1345__row540,c488b456-7651-4424-8cc9-8f81ed92e0e2,2.286222219467163,2.497760772705078,0.211538553237915,outer_fold_2,c488b456-7651-4424-8cc9-8f81ed92e0e2__c488b456-7651-4424-8cc9-8f81ed92e0e2__vr2169__eeg1345__row540,2,2.2862222222222224,2.755059291814632e-09,2.755059291814632e-09
2,c488b456-7651-4424-8cc9-8f81ed92e0e2__vr2170__eeg1346__row541,c488b456-7651-4424-8cc9-8f81ed92e0e2,6.216698169708252,6.142923831939697,0.0737743377685546,outer_fold_2,c488b456-7651-4424-8cc9-8f81ed92e0e2__c488b456-7651-4424-8cc9-8f81ed92e0e2__vr2170__eeg1346__row541,2,6.216697986577182,-1.8313107030820674e-07,1.8313107030820674e-07
2,c488b456-7651-4424-8cc9-8f81ed92e0e2__vr2171__eeg1347__row542,c488b456-7651-4424-8cc9-8f81ed92e0e2,5.491199970245361,5.755917072296143,0.2647171020507812,outer_fold_2,c488b456-7651-4424-8cc9-8f81ed92e0e2__c488b456-7651-4424-8cc9-8f81ed92e0e2__vr2171__eeg1347__row542,2,5.491200000000001,2.975463964105529e-08,2.975463964105529e-08
2,c488b456-7651-4424-8cc9-8f81ed92e0e2__vr2172__eeg1348__row543,c488b456-7651-4424-8cc9-8f81ed92e0e2,2.721608877182007,3.148937463760376,0.4273285865783691,outer_fold_2,c488b456-7651-4424-8cc9-8f81ed92e0e2__c488b456-7651-4424-8cc9-8f81ed92e0e2__vr2172__eeg1348__row543,2,2.7216089385474858,6.136547892054978e-08,6.136547892054978e-08
2,c488b456-7651-4424-8cc9-8f81ed92e0e2__vr2173__eeg1349__row544,c488b456-7651-4424-8cc9-8f81ed92e0e2,6.1495280265808105,7.65646505355835,1.506937026977539,outer_fold_2,c488b456-7651-4424-8cc9-8f81ed92e0e2__c488b456-7651-4424-8cc9-8f81ed92e0e2__vr2173__eeg1349__row544,2,6.149527831094049,-1.9548676188918535e-07,1.9548676188918535e-07
2,c488b456-7651-4424-8cc9-8f81ed92e0e2__vr2174__eeg1350__row545,c488b456-7651-4424-8cc9-8f81ed92e0e2,4.2147369384765625,5.3022780418396,1.087541103363037,outer_fold_2,c488b456-7651-4424-8cc9-8f81ed92e0e2__c488b456-7651-4424-8cc9-8f81ed92e0e2__vr2174__eeg1350__row545,2,4.214736842105263,-9.63712993851118e-08,9.63712993851118e-08
2,c488b456-7651-4424-8cc9-8f81ed92e0e2__vr2175__eeg1351__row546,c488b456-7651-4424-8cc9-8f81ed92e0e2,3.4786505699157715,4.480546951293945,1.0018963813781738,outer_fold_2,c488b456-7651-4424-8cc9-8f81ed92e0e2__c488b456-7651-4424-8cc9-8f81ed92e0e2__vr2175__eeg1351__row546,2,3.478650602409638,3.249386670844956e-08,3.249386670844956e-08
2,c488b456-7651-4424-8cc9-8f81ed92e0e2__vr2176__eeg1352__row547,c488b456-7651-4424-8cc9-8f81ed92e0e2,6.440225601196289,6.416075229644775,0.0241503715515136,outer_fold_2,c488b456-7651-4424-8cc9-8f81ed92e0e2__c488b456-7651-4424-8cc9-8f81ed92e0e2__vr2176__eeg1352__row547,2,6.4402255965292845,-4.667004560587884e-09,4.667004560587884e-09
2,c488b456-7651-4424-8cc9-8f81ed92e0e2__vr2177__eeg1353__row548,c488b456-7651-4424-8cc9-8f81ed92e0e2,3.0393190383911133,3.3173282146453857,0.2780091762542724,outer_fold_2,c488b456-7651-4424-8cc9-8f81ed92e0e2__c488b456-7651-4424-8cc9-8f81ed92e0e2__vr2177__eeg1353__row548,2,3.03931914893617,1.1054505666407977e-07,1.1054505666407977e-07
2,c488b456-7651-4424-8cc9-8f81ed92e0e2__vr2178__eeg1354__row549,c488b456-7651-4424-8cc9-8f81ed92e0e2,7.845249652862549,7.432866096496582,0.4123835563659668,outer_fold_2,c488b456-7651-4424-8cc9-8f81ed92e0e2__c488b456-7651-4424-8cc9-8f81ed92e0e2__vr2178__eeg1354__row549,2,7.845249438202248,-2.1466030108996392e-07,2.1466030108996392e-07
2,c488b456-7651-4424-8cc9-8f81ed92e0e2__vr2179__eeg1355__row550,c488b456-7651-4424-8cc9-8f81ed92e0e2,2.874454975128174,3.737348079681397,0.8628931045532231,outer_fold_2,c488b456-7651-4424-8cc9-8f81ed92e0e2__c488b456-7651-4424-8cc9-8f81ed92e0e2__vr2179__eeg1355__row550,2,2.874454873646209,-1.0148196460946224e-07,1.0148196460946224e-07
2,c488b456-7651-4424-8cc9-8f81ed92e0e2__vr2180__eeg1356__row551,c488b456-7651-4424-8cc9-8f81ed92e0e2,3.859968662261963,5.472235679626465,1.612267017364502,outer_fold_2,c488b456-7651-4424-8cc9-8f81ed92e0e2__c488b456-7651-4424-8cc9-8f81ed92e0e2__vr2180__eeg1356__row551,2,3.85996875,8.773803727990526e-08,8.773803727990526e-08
2,c488b456-7651-4424-8cc9-8f81ed92e0e2__vr2181__eeg1357__row552,c488b456-7651-4424-8cc9-8f81ed92e0e2,2.779232978820801,4.3102335929870605,1.5310006141662598,outer_fold_2,c488b456-7651-4424-8cc9-8f81ed92e0e2__c488b456-7651-4424-8cc9-8f81ed92e0e2__vr2181__eeg1357__row552,2,2.7792328767123284,-1.0210847234404241e-07,1.0210847234404241e-07
2,c488b456-7651-4424-8cc9-8f81ed92e0e2__vr2182__eeg1358__row553,c488b456-7651-4424-8cc9-8f81ed92e0e2,3.568981170654297,3.630443811416626,0.0614626407623291,outer_fold_2,c488b456-7651-4424-8cc9-8f81ed92e0e2__c488b456-7651-4424-8cc9-8f81ed92e0e2__vr2182__eeg1358__row553,2,3.5689811320754714,-3.857882546753899e-08,3.857882546753899e-08
2,c488b456-7651-4424-8cc9-8f81ed92e0e2__vr2183__eeg1359__row554,c488b456-7651-4424-8cc9-8f81ed92e0e2,5.328000068664551,5.377544403076172,0.049544334411621,outer_fold_2,c488b456-7651-4424-8cc9-8f81ed92e0e2__c488b456-7651-4424-8cc9-8f81ed92e0e2__vr2183__eeg1359__row554,2,5.328,-6.866455048992748e-08,6.866455048992748e-08
2,c488b456-7651-4424-8cc9-8f81ed92e0e2__vr2184__eeg1360__row555,c488b456-7651-4424-8cc9-8f81ed92e0e2,5.027906894683838,6.307539463043213,1.279632568359375,outer_fold_2,c488b456-7651-4424-8cc9-8f81ed92e0e2__c488b456-7651-4424-8cc9-8f81ed92e0e2__vr2184__eeg1360__row555,2,5.027906687402799,-2.0728103855560676e-07,2.0728103855560676e-07
2,c488b456-7651-4424-8cc9-8f81ed92e0e2__vr2185__eeg1361__row556,c488b456-7651-4424-8cc9-8f81ed92e0e2,4.646399974822998,5.094967842102051,0.4485678672790527,outer_fold_2,c488b456-7651-4424-8cc9-8f81ed92e0e2__c488b456-7651-4424-8cc9-8f81ed92e0e2__vr2185__eeg1361__row556,2,4.6464,2.5177001816700795e-08,2.5177001816700795e-08
2,c488b456-7651-4424-8cc9-8f81ed92e0e2__vr2186__eeg1362__row557,c488b456-7651-4424-8cc9-8f81ed92e0e2,3.439600706100464,4.227734088897705,0.7881333827972412,outer_fold_2,c488b456-7651-4424-8cc9-8f81ed92e0e2__c488b456-7651-4424-8cc9-8f81ed92e0e2__vr2186__eeg1362__row557,2,3.4396007677543183,6.165385446621485e-08,6.165385446621485e-08
2,c488b456-7651-4424-8cc9-8f81ed92e0e2__vr2187__eeg1363__row558,c488b456-7651-4424-8cc9-8f81ed92e0e2,3.6294960975646977,5.094051837921143,1.4645557403564449,outer_fold_2,c488b456-7651-4424-8cc9-8f81ed92e0e2__c488b456-7651-4424-8cc9-8f81ed92e0e2__vr2187__eeg1363__row558,2,3.629496183206107,8.564140907552087e-08,8.564140907552087e-08
2,c488b456-7651-4424-8cc9-8f81ed92e0e2__vr2188__eeg1364__row559,c488b456-7651-4424-8cc9-8f81ed92e0e2,3.239114284515381,4.104274272918701,0.8651599884033203,outer_fold_2,c488b456-7651-4424-8cc9-8f81ed92e0e2__c488b456-7651-4424-8cc9-8f81ed92e0e2__vr2188__eeg1364__row559,2,3.2391143911439113,1.0662853044962617e-07,1.0662853044962617e-07
2,c488b456-7651-4424-8cc9-8f81ed92e0e2__vr2189__eeg1365__row560,c488b456-7651-4424-8cc9-8f81ed92e0e2,3.713279962539673,4.333693027496338,0.620413064956665,outer_fold_2,c488b456-7651-4424-8cc9-8f81ed92e0e2__c488b456-7651-4424-8cc9-8f81ed92e0e2__vr2189__eeg1365__row560,2,3.71328,3.746032728457749e-08,3.746032728457749e-08
2,c488b456-7651-4424-8cc9-8f81ed92e0e2__vr2190__eeg1366__row561,c488b456-7651-4424-8cc9-8f81ed92e0e2,6.514808654785156,9.171987533569336,2.6571788787841797,outer_fold_2,c488b456-7651-4424-8cc9-8f81ed92e0e2__c488b456-7651-4424-8cc9-8f81ed92e0e2__vr2190__eeg1366__row561,2,6.5148085106382965,-1.4414685978181296e-07,1.4414685978181296e-07
2,c488b456-7651-4424-8cc9-8f81ed92e0e2__vr2191__eeg1367__row562,c488b456-7651-4424-8cc9-8f81ed92e0e2,5.400439739227295,5.196352481842041,0.2040872573852539,outer_fold_2,c488b456-7651-4424-8cc9-8f81ed92e0e2__c488b456-7651-4424-8cc9-8f81ed92e0e2__vr2191__eeg1367__row562,2,5.400439918533605,1.7930631024398735e-07,1.7930631024398735e-07
2,c488b456-7651-4424-8cc9-8f81ed92e0e2__vr2192__eeg1368__row563,c488b456-7651-4424-8cc9-8f81ed92e0e2,5.376158714294434,6.43169641494751,1.0555377006530762,outer_fold_2,c488b456-7651-4424-8cc9-8f81ed92e0e2__c488b456-7651-4424-8cc9-8f81ed92e0e2__vr2192__eeg1368__row563,2,5.376158940397352,2.261029186101382e-07,2.261029186101382e-07
2,c488b456-7651-4424-8cc9-8f81ed92e0e2__vr2193__eeg1369__row564,c488b456-7651-4424-8cc9-8f81ed92e0e2,3.657415390014648,4.538208484649658,0.8807930946350102,outer_fold_2,c488b456-7651-4424-8cc9-8f81ed92e0e2__c488b456-7651-4424-8cc9-8f81ed92e0e2__vr2193__eeg1369__row564,2,3.657415384615384,-5.399264146888072e-09,5.399264146888072e-09
2,c488b456-7651-4424-8cc9-8f81ed92e0e2__vr2194__eeg1370__row565,c488b456-7651-4424-8cc9-8f81ed92e0e2,3.103015422821045,4.037971496582031,0.9349560737609864,outer_fold_2,c488b456-7651-4424-8cc9-8f81ed92e0e2__c488b456-7651-4424-8cc9-8f81ed92e0e2__vr2194__eeg1370__row565,2,3.103015384615385,-3.820565996903724e-08,3.820565996903724e-08
2,c488b456-7651-4424-8cc9-8f81ed92e0e2__vr2195__eeg1371__row566,c488b456-7651-4424-8cc9-8f81ed92e0e2,6.865984916687012,7.752102375030518,0.8861174583435059,outer_fold_2,c488b456-7651-4424-8cc9-8f81ed92e0e2__c488b456-7651-4424-8cc9-8f81ed92e0e2__vr2195__eeg1371__row566,2,6.865984962406015,4.571900369398918e-08,4.571900369398918e-08
2,c488b456-7651-4424-8cc9-8f81ed92e0e2__vr2196__eeg1372__row567,c488b456-7651-4424-8cc9-8f81ed92e0e2,4.058643817901611,4.362595558166504,0.3039517402648926,outer_fold_2,c488b456-7651-4424-8cc9-8f81ed92e0e2__c488b456-7651-4424-8cc9-8f81ed92e0e2__vr2196__eeg1372__row567,2,4.058643628509719,-1.893918923911997e-07,1.893918923911997e-07
2,c488b456-7651-4424-8cc9-8f81ed92e0e2__vr2197__eeg1373__row568,c488b456-7651-4424-8cc9-8f81ed92e0e2,5.189633369445801,4.649672508239746,0.5399608612060547,outer_fold_2,c488b456-7651-4424-8cc9-8f81ed92e0e2__c488b456-7651-4424-8cc9-8f81ed92e0e2__vr2197__eeg1373__row568,2,5.18963325183374,-1.1761206053506612e-07,1.1761206053506612e-07
2,c488b456-7651-4424-8cc9-8f81ed92e0e2__vr2198__eeg1374__row569,c488b456-7651-4424-8cc9-8f81ed92e0e2,3.265746831893921,5.00370979309082,1.7379629611968994,outer_fold_2,c488b456-7651-4424-8cc9-8f81ed92e0e2__c488b456-7651-4424-8cc9-8f81ed92e0e2__vr2198__eeg1374__row569,2,3.265746835443038,3.5491170002899253e-09,3.5491170002899253e-09
2,c488b456-7651-4424-8cc9-8f81ed92e0e2__vr2199__eeg1375__row570,c488b456-7651-4424-8cc9-8f81ed92e0e2,5.101254463195801,6.585734844207764,1.484480381011963,outer_fold_2,c488b456-7651-4424-8cc9-8f81ed92e0e2__c488b456-7651-4424-8cc9-8f81ed92e0e2__vr2199__eeg1375__row570,2,5.101254290171606,-1.7302419497156052e-07,1.7302419497156052e-07
2,c488b456-7651-4424-8cc9-8f81ed92e0e2__vr2200__eeg1376__row571,c488b456-7651-4424-8cc9-8f81ed92e0e2,11.653491020202637,10.46438217163086,1.1891088485717771,outer_fold_2,c488b456-7651-4424-8cc9-8f81ed92e0e2__c488b456-7651-4424-8cc9-8f81ed92e0e2__vr2200__eeg1376__row571,2,11.653491124260356,1.0405771888599702e-07,1.0405771888599702e-07
2,c488b456-7651-4424-8cc9-8f81ed92e0e2__vr2201__eeg1377__row572,c488b456-7651-4424-8cc9-8f81ed92e0e2,3.324626922607422,4.233546257019043,0.9089193344116212,outer_fold_2,c488b456-7651-4424-8cc9-8f81ed92e0e2__c488b456-7651-4424-8cc9-8f81ed92e0e2__vr2201__eeg1377__row572,2,3.324626865671642,-5.693578009058342e-08,5.693578009058342e-08
2,c488b456-7651-4424-8cc9-8f81ed92e0e2__vr2202__eeg1378__row573,c488b456-7651-4424-8cc9-8f81ed92e0e2,4.1603217124938965,4.820044040679932,0.6597223281860352,outer_fold_2,c488b456-7651-4424-8cc9-8f81ed92e0e2__c488b456-7651-4424-8cc9-8f81ed92e0e2__vr2202__eeg1378__row573,2,4.160321608040201,-1.0445369547085193e-07,1.0445369547085193e-07
2,c488b456-7651-4424-8cc9-8f81ed92e0e2__vr2203__eeg1379__row574,c488b456-7651-4424-8cc9-8f81ed92e0e2,2.0633249282836914,2.633331298828125,0.5700063705444336,outer_fold_2,c488b456-7651-4424-8cc9-8f81ed92e0e2__c488b456-7651-4424-8cc9-8f81ed92e0e2__vr2203__eeg1379__row574,2,2.063325,7.17163084473782e-08,7.17163084473782e-08
2,c488b456-7651-4424-8cc9-8f81ed92e0e2__vr2204__eeg1380__row575,c488b456-7651-4424-8cc9-8f81ed92e0e2,3.5046563148498535,4.919010639190674,1.4143543243408203,outer_fold_2,c488b456-7651-4424-8cc9-8f81ed92e0e2__c488b456-7651-4424-8cc9-8f81ed92e0e2__vr2204__eeg1380__row575,2,3.5046564102564104,9.540655687700905e-08,9.540655687700905e-08
2,c488b456-7651-4424-8cc9-8f81ed92e0e2__vr2205__eeg1381__row576,c488b456-7651-4424-8cc9-8f81ed92e0e2,4.751999855041504,6.796910285949707,2.044910430908203,outer_fold_2,c488b456-7651-4424-8cc9-8f81ed92e0e2__c488b456-7651-4424-8cc9-8f81ed92e0e2__vr2205__eeg1381__row576,2,4.752,1.4495849587348175e-07,1.4495849587348175e-07
2,c488b456-7651-4424-8cc9-8f81ed92e0e2__vr2206__eeg1382__row577,c488b456-7651-4424-8cc9-8f81ed92e0e2,4.020195484161377,5.593339443206787,1.5731439590454102,outer_fold_2,c488b456-7651-4424-8cc9-8f81ed92e0e2__c488b456-7651-4424-8cc9-8f81ed92e0e2__vr2206__eeg1382__row577,2,4.020195439739414,-4.442196299692114e-08,4.442196299692114e-08
2,c488b456-7651-4424-8cc9-8f81ed92e0e2__vr2207__eeg1383__row578,c488b456-7651-4424-8cc9-8f81ed92e0e2,2.250744581222534,3.4643702507019043,1.21362566947937,outer_fold_2,c488b456-7651-4424-8cc9-8f81ed92e0e2__c488b456-7651-4424-8cc9-8f81ed92e0e2__vr2207__eeg1383__row578,2,2.250744525547445,-5.567508898352003e-08,5.567508898352003e-08
2,c488b456-7651-4424-8cc9-8f81ed92e0e2__vr2209__eeg1385__row580,c488b456-7651-4424-8cc9-8f81ed92e0e2,7.253113269805908,6.464640140533447,0.7884731292724609,outer_fold_2,c488b456-7651-4424-8cc9-8f81ed92e0e2__c488b456-7651-4424-8cc9-8f81ed92e0e2__vr2209__eeg1385__row580,2,7.253113043478261,-2.2632764729024757e-07,2.2632764729024757e-07
2,c488b456-7651-4424-8cc9-8f81ed92e0e2__vr2210__eeg1386__row581,c488b456-7651-4424-8cc9-8f81ed92e0e2,5.443182945251465,7.153995990753174,1.710813045501709,outer_fold_2,c488b456-7651-4424-8cc9-8f81ed92e0e2__c488b456-7651-4424-8cc9-8f81ed92e0e2__vr2210__eeg1386__row581,2,5.443182948490231,3.2387665882538386e-09,3.2387665882538386e-09
2,c488b456-7651-4424-8cc9-8f81ed92e0e2__vr2211__eeg1387__row582,c488b456-7651-4424-8cc9-8f81ed92e0e2,8.028103828430176,8.910823822021484,0.8827199935913086,outer_fold_2,c488b456-7651-4424-8cc9-8f81ed92e0e2__c488b456-7651-4424-8cc9-8f81ed92e0e2__vr2211__eeg1387__row582,2,8.02810344827586,-3.8015431513827025e-07,3.8015431513827025e-07
2,c488b456-7651-4424-8cc9-8f81ed92e0e2__vr2212__eeg1388__row583,c488b456-7651-4424-8cc9-8f81ed92e0e2,4.805678367614746,5.510713577270508,0.7050352096557617,outer_fold_2,c488b456-7651-4424-8cc9-8f81ed92e0e2__c488b456-7651-4424-8cc9-8f81ed92e0e2__vr2212__eeg1388__row583,2,4.805678373382625,5.767878619167277e-09,5.767878619167277e-09
2,c488b456-7651-4424-8cc9-8f81ed92e0e2__vr2213__eeg1389__row584,c488b456-7651-4424-8cc9-8f81ed92e0e2,1.9231276512145996,2.921461582183838,0.9983339309692384,outer_fold_2,c488b456-7651-4424-8cc9-8f81ed92e0e2__c488b456-7651-4424-8cc9-8f81ed92e0e2__vr2213__eeg1389__row584,2,1.923127659574468,8.359868353124966e-09,8.359868353124966e-09
2,c488b456-7651-4424-8cc9-8f81ed92e0e2__vr2214__eeg1390__row585,c488b456-7651-4424-8cc9-8f81ed92e0e2,5.657875061035156,8.321727752685547,2.66385269165039,outer_fold_2,c488b456-7651-4424-8cc9-8f81ed92e0e2__c488b456-7651-4424-8cc9-8f81ed92e0e2__vr2214__eeg1390__row585,2,5.657875173370319,1.1233516250541697e-07,1.1233516250541697e-07
2,c488b456-7651-4424-8cc9-8f81ed92e0e2__vr2215__eeg1391__row586,c488b456-7651-4424-8cc9-8f81ed92e0e2,6.467043399810791,7.334021091461182,0.8669776916503906,outer_fold_2,c488b456-7651-4424-8cc9-8f81ed92e0e2__c488b456-7651-4424-8cc9-8f81ed92e0e2__vr2215__eeg1391__row586,2,6.46704347826087,7.845007932161252e-08,7.845007932161252e-08
2,c488b456-7651-4424-8cc9-8f81ed92e0e2__vr2216__eeg1392__row587,c488b456-7651-4424-8cc9-8f81ed92e0e2,3.195652961730957,2.50447940826416,0.6911735534667969,outer_fold_2,c488b456-7651-4424-8cc9-8f81ed92e0e2__c488b456-7651-4424-8cc9-8f81ed92e0e2__vr2216__eeg1392__row587,2,3.1956530278232407,6.609228364595765e-08,6.609228364595765e-08
2,c488b456-7651-4424-8cc9-8f81ed92e0e2__vr2217__eeg1393__row588,c488b456-7651-4424-8cc9-8f81ed92e0e2,2.888028383255005,3.5469555854797363,0.6589272022247314,outer_fold_2,c488b456-7651-4424-8cc9-8f81ed92e0e2__c488b456-7651-4424-8cc9-8f81ed92e0e2__vr2217__eeg1393__row588,2,2.8880284697508896,8.649588467690705e-08,8.649588467690705e-08
2,c488b456-7651-4424-8cc9-8f81ed92e0e2__vr2218__eeg1394__row589,c488b456-7651-4424-8cc9-8f81ed92e0e2,5.528470516204834,6.163606643676758,0.6351361274719238,outer_fold_2,c488b456-7651-4424-8cc9-8f81ed92e0e2__c488b456-7651-4424-8cc9-8f81ed92e0e2__vr2218__eeg1394__row589,2,5.528470588235294,7.203045981896139e-08,7.203045981896139e-08
2,c488b456-7651-4424-8cc9-8f81ed92e0e2__vr2219__eeg1395__row590,c488b456-7651-4424-8cc9-8f81ed92e0e2,5.2145280838012695,5.003061294555664,0.2114667892456054,outer_fold_2,c488b456-7651-4424-8cc9-8f81ed92e0e2__c488b456-7651-4424-8cc9-8f81ed92e0e2__vr2219__eeg1395__row590,2,5.214528,-8.38012699233559e-08,8.38012699233559e-08
2,c488b456-7651-4424-8cc9-8f81ed92e0e2__vr2220__eeg1396__row591,c488b456-7651-4424-8cc9-8f81ed92e0e2,5.441945552825928,6.396426677703857,0.9544811248779296,outer_fold_2,c488b456-7651-4424-8cc9-8f81ed92e0e2__c488b456-7651-4424-8cc9-8f81ed92e0e2__vr2220__eeg1396__row591,2,5.4419455535390195,7.130918078246395e-10,7.130918078246395e-10
2,c488b456-7651-4424-8cc9-8f81ed92e0e2__vr2221__eeg1397__row592,c488b456-7651-4424-8cc9-8f81ed92e0e2,2.2930541038513184,3.0436034202575684,0.75054931640625,outer_fold_2,c488b456-7651-4424-8cc9-8f81ed92e0e2__c488b456-7651-4424-8cc9-8f81ed92e0e2__vr2221__eeg1397__row592,2,2.2930540540540534,-4.979726497822412e-08,4.979726497822412e-08
2,c488b456-7651-4424-8cc9-8f81ed92e0e2__vr2222__eeg1398__row593,c488b456-7651-4424-8cc9-8f81ed92e0e2,5.089687824249268,5.8974289894104,0.8077411651611328,outer_fold_2,c488b456-7651-4424-8cc9-8f81ed92e0e2__c488b456-7651-4424-8cc9-8f81ed92e0e2__vr2222__eeg1398__row593,2,5.0896879120879115,8.783864391403995e-08,8.783864391403995e-08
2,c488b456-7651-4424-8cc9-8f81ed92e0e2__vr2223__eeg1399__row594,c488b456-7651-4424-8cc9-8f81ed92e0e2,4.096925258636475,6.097012996673584,2.00008773803711,outer_fold_2,c488b456-7651-4424-8cc9-8f81ed92e0e2__c488b456-7651-4424-8cc9-8f81ed92e0e2__vr2223__eeg1399__row594,2,4.0969253731343285,1.1449785386474787e-07,1.1449785386474787e-07
2,c488b456-7651-4424-8cc9-8f81ed92e0e2__vr2224__eeg1400__row595,c488b456-7651-4424-8cc9-8f81ed92e0e2,5.777479648590088,7.871011257171631,2.093531608581543,outer_fold_2,c488b456-7651-4424-8cc9-8f81ed92e0e2__c488b456-7651-4424-8cc9-8f81ed92e0e2__vr2224__eeg1400__row595,2,5.777479768786128,1.2019603978785653e-07,1.2019603978785653e-07
2,c488b456-7651-4424-8cc9-8f81ed92e0e2__vr2225__eeg1401__row596,c488b456-7651-4424-8cc9-8f81ed92e0e2,5.680638790130615,8.447525024414062,2.7668862342834473,outer_fold_2,c488b456-7651-4424-8cc9-8f81ed92e0e2__c488b456-7651-4424-8cc9-8f81ed92e0e2__vr2225__eeg1401__row596,2,5.680638977635783,1.8750516783683224e-07,1.8750516783683224e-07
2,c488b456-7651-4424-8cc9-8f81ed92e0e2__vr2226__eeg1402__row597,c488b456-7651-4424-8cc9-8f81ed92e0e2,2.4415266513824463,4.357382297515869,1.9158556461334229,outer_fold_2,c488b456-7651-4424-8cc9-8f81ed92e0e2__c488b456-7651-4424-8cc9-8f81ed92e0e2__vr2226__eeg1402__row597,2,2.4415265423242465,-1.0905819980422393e-07,1.0905819980422393e-07
2,c488b456-7651-4424-8cc9-8f81ed92e0e2__vr2227__eeg1403__row598,c488b456-7651-4424-8cc9-8f81ed92e0e2,4.039374828338623,6.623806476593018,2.5844316482543945,outer_fold_2,c488b456-7651-4424-8cc9-8f81ed92e0e2__c488b456-7651-4424-8cc9-8f81ed92e0e2__vr2227__eeg1403__row598,2,4.039374834437086,6.098463067871762e-09,6.098463067871762e-09
2,c488b456-7651-4424-8cc9-8f81ed92e0e2__vr2228__eeg1404__row599,c488b456-7651-4424-8cc9-8f81ed92e0e2,3.4152185916900635,5.186583042144775,1.771364450454712,outer_fold_2,c488b456-7651-4424-8cc9-8f81ed92e0e2__c488b456-7651-4424-8cc9-8f81ed92e0e2__vr2228__eeg1404__row599,2,3.4152186046511623,1.2961098860841958e-08,1.2961098860841958e-08
2,c488b456-7651-4424-8cc9-8f81ed92e0e2__vr2229__eeg1405__row600,c488b456-7651-4424-8cc9-8f81ed92e0e2,3.335918426513672,4.322947978973389,0.9870295524597168,outer_fold_2,c488b456-7651-4424-8cc9-8f81ed92e0e2__c488b456-7651-4424-8cc9-8f81ed92e0e2__vr2229__eeg1405__row600,2,3.335918367346939,-5.916673284644958e-08,5.916673284644958e-08
2,c488b456-7651-4424-8cc9-8f81ed92e0e2__vr2230__eeg1406__row601,c488b456-7651-4424-8cc9-8f81ed92e0e2,5.209292411804199,6.691479682922363,1.482187271118164,outer_fold_2,c488b456-7651-4424-8cc9-8f81ed92e0e2__c488b456-7651-4424-8cc9-8f81ed92e0e2__vr2230__eeg1406__row601,2,5.209292576419214,1.646150149525738e-07,1.646150149525738e-07
2,c488b456-7651-4424-8cc9-8f81ed92e0e2__vr2231__eeg1407__row602,c488b456-7651-4424-8cc9-8f81ed92e0e2,3.058415174484253,4.888672351837158,1.8302571773529053,outer_fold_2,c488b456-7651-4424-8cc9-8f81ed92e0e2__c488b456-7651-4424-8cc9-8f81ed92e0e2__vr2231__eeg1407__row602,2,3.058415094339623,-8.014463004357708e-08,8.014463004357708e-08
2,c488b456-7651-4424-8cc9-8f81ed92e0e2__vr2232__eeg1408__row603,c488b456-7651-4424-8cc9-8f81ed92e0e2,3.746011018753052,4.278608798980713,0.5325977802276607,outer_fold_2,c488b456-7651-4424-8cc9-8f81ed92e0e2__c488b456-7651-4424-8cc9-8f81ed92e0e2__vr2232__eeg1408__row603,2,3.746010928961749,-8.979130328157225e-08,8.979130328157225e-08
2,c488b456-7651-4424-8cc9-8f81ed92e0e2__vr2233__eeg1409__row604,c488b456-7651-4424-8cc9-8f81ed92e0e2,3.3404250144958496,4.71736478805542,1.3769397735595703,outer_fold_2,c488b456-7651-4424-8cc9-8f81ed92e0e2__c488b456-7651-4424-8cc9-8f81ed92e0e2__vr2233__eeg1409__row604,2,3.3404250000000006,-1.4495848965623281e-08,1.4495848965623281e-08
2,c488b456-7651-4424-8cc9-8f81ed92e0e2__vr2234__eeg1410__row605,c488b456-7651-4424-8cc9-8f81ed92e0e2,3.9629757404327393,5.489400386810303,1.5264246463775637,outer_fold_2,c488b456-7651-4424-8cc9-8f81ed92e0e2__c488b456-7651-4424-8cc9-8f81ed92e0e2__vr2234__eeg1410__row605,2,3.9629758454106274,1.0497788816010711e-07,1.0497788816010711e-07
2,c488b456-7651-4424-8cc9-8f81ed92e0e2__vr2236__eeg1412__row607,c488b456-7651-4424-8cc9-8f81ed92e0e2,3.031766653060913,4.44735860824585,1.4155919551849363,outer_fold_2,c488b456-7651-4424-8cc9-8f81ed92e0e2__c488b456-7651-4424-8cc9-8f81ed92e0e2__vr2236__eeg1412__row607,2,3.0317667638483963,1.1078748318738008e-07,1.1078748318738008e-07
2,c488b456-7651-4424-8cc9-8f81ed92e0e2__vr2237__eeg1413__row608,c488b456-7651-4424-8cc9-8f81ed92e0e2,2.418658494949341,4.6649017333984375,2.2462432384490967,outer_fold_2,c488b456-7651-4424-8cc9-8f81ed92e0e2__c488b456-7651-4424-8cc9-8f81ed92e0e2__vr2237__eeg1413__row608,2,2.4186585365853657,4.1636024850078e-08,4.1636024850078e-08
2,c488b456-7651-4424-8cc9-8f81ed92e0e2__vr2238__eeg1414__row609,c488b456-7651-4424-8cc9-8f81ed92e0e2,5.998783111572266,8.046777725219727,2.047994613647461,outer_fold_2,c488b456-7651-4424-8cc9-8f81ed92e0e2__c488b456-7651-4424-8cc9-8f81ed92e0e2__vr2238__eeg1414__row609,2,5.998782884310618,-2.2726164772279844e-07,2.2726164772279844e-07
2,c488b456-7651-4424-8cc9-8f81ed92e0e2__vr2239__eeg1415__row610,c488b456-7651-4424-8cc9-8f81ed92e0e2,3.4554266929626465,5.082466125488281,1.6270394325256348,outer_fold_2,c488b456-7651-4424-8cc9-8f81ed92e0e2__c488b456-7651-4424-8cc9-8f81ed92e0e2__vr2239__eeg1415__row610,2,3.4554266211604094,-7.180223704494892e-08,7.180223704494892e-08
2,c488b456-7651-4424-8cc9-8f81ed92e0e2__vr2240__eeg1416__row611,c488b456-7651-4424-8cc9-8f81ed92e0e2,4.0056471824646,5.514181613922119,1.5085344314575195,outer_fold_2,c488b456-7651-4424-8cc9-8f81ed92e0e2__c488b456-7651-4424-8cc9-8f81ed92e0e2__vr2240__eeg1416__row611,2,4.00564705882353,-1.2364106982687417e-07,1.2364106982687417e-07
2,c488b456-7651-4424-8cc9-8f81ed92e0e2__vr2241__eeg1417__row612,c488b456-7651-4424-8cc9-8f81ed92e0e2,7.535679340362549,8.997310638427734,1.4616312980651855,outer_fold_2,c488b456-7651-4424-8cc9-8f81ed92e0e2__c488b456-7651-4424-8cc9-8f81ed92e0e2__vr2241__eeg1417__row612,2,7.535679465776293,1.2541374427854635e-07,1.2541374427854635e-07
2,c488b456-7651-4424-8cc9-8f81ed92e0e2__vr2242__eeg1418__row613,c488b456-7651-4424-8cc9-8f81ed92e0e2,2.4842092990875244,3.720714569091797,1.2365052700042725,outer_fold_2,c488b456-7651-4424-8cc9-8f81ed92e0e2__c488b456-7651-4424-8cc9-8f81ed92e0e2__vr2242__eeg1418__row613,2,2.4842093023255813,3.238056933696498e-09,3.238056933696498e-09
2,c488b456-7651-4424-8cc9-8f81ed92e0e2__vr2243__eeg1419__row614,c488b456-7651-4424-8cc9-8f81ed92e0e2,4.933703899383545,6.866665363311768,1.9329614639282229,outer_fold_2,c488b456-7651-4424-8cc9-8f81ed92e0e2__c488b456-7651-4424-8cc9-8f81ed92e0e2__vr2243__eeg1419__row614,2,4.933703703703704,-1.9567984121948712e-07,1.9567984121948712e-07
2,c488b456-7651-4424-8cc9-8f81ed92e0e2__vr2244__eeg1420__row615,c488b456-7651-4424-8cc9-8f81ed92e0e2,2.877469539642334,3.710728168487549,0.8332586288452148,outer_fold_2,c488b456-7651-4424-8cc9-8f81ed92e0e2__c488b456-7651-4424-8cc9-8f81ed92e0e2__vr2244__eeg1420__row615,2,2.877469522240527,-1.7401807106409706e-08,1.7401807106409706e-08
2,c488b456-7651-4424-8cc9-8f81ed92e0e2__vr2245__eeg1421__row616,c488b456-7651-4424-8cc9-8f81ed92e0e2,2.4802515506744385,2.7253499031066895,0.2450983524322509,outer_fold_2,c488b456-7651-4424-8cc9-8f81ed92e0e2__c488b456-7651-4424-8cc9-8f81ed92e0e2__vr2245__eeg1421__row616,2,2.4802514734774066,-7.719703187802907e-08,7.719703187802907e-08
2,c488b456-7651-4424-8cc9-8f81ed92e0e2__vr2246__eeg1422__row617,c488b456-7651-4424-8cc9-8f81ed92e0e2,2.2613019943237305,3.279600143432617,1.0182981491088867,outer_fold_2,c488b456-7651-4424-8cc9-8f81ed92e0e2__c488b456-7651-4424-8cc9-8f81ed92e0e2__vr2246__eeg1422__row617,2,2.2613019145802653,-7.97434651644835e-08,7.97434651644835e-08
2,c488b456-7651-4424-8cc9-8f81ed92e0e2__vr2247__eeg1423__row618,c488b456-7651-4424-8cc9-8f81ed92e0e2,5.791500091552734,6.567731857299805,0.7762317657470703,outer_fold_2,c488b456-7651-4424-8cc9-8f81ed92e0e2__c488b456-7651-4424-8cc9-8f81ed92e0e2__vr2247__eeg1423__row618,2,5.791500000000001,-9.155273339445102e-08,9.155273339445102e-08
2,c488b456-7651-4424-8cc9-8f81ed92e0e2__vr2248__eeg1424__row619,c488b456-7651-4424-8cc9-8f81ed92e0e2,4.180808067321777,5.375654697418213,1.1948466300964355,outer_fold_2,c488b456-7651-4424-8cc9-8f81ed92e0e2__c488b456-7651-4424-8cc9-8f81ed92e0e2__vr2248__eeg1424__row619,2,4.180808013355593,-5.396618441011469e-08,5.396618441011469e-08
2,c488b456-7651-4424-8cc9-8f81ed92e0e2__vr2249__eeg1425__row620,c488b456-7651-4424-8cc9-8f81ed92e0e2,7.396203994750977,9.12140655517578,1.725202560424803,outer_fold_2,c488b456-7651-4424-8cc9-8f81ed92e0e2__c488b456-7651-4424-8cc9-8f81ed92e0e2__vr2249__eeg1425__row620,2,7.3962038216560515,-1.7309492506001334e-07,1.7309492506001334e-07
2,c488b456-7651-4424-8cc9-8f81ed92e0e2__vr2250__eeg1426__row621,c488b456-7651-4424-8cc9-8f81ed92e0e2,3.499229907989502,5.044199466705322,1.5449695587158203,outer_fold_2,c488b456-7651-4424-8cc9-8f81ed92e0e2__c488b456-7651-4424-8cc9-8f81ed92e0e2__vr2250__eeg1426__row621,2,3.499229813664596,-9.432490610805644e-08,9.432490610805644e-08
2,c488b456-7651-4424-8cc9-8f81ed92e0e2__vr2251__eeg1427__row622,c488b456-7651-4424-8cc9-8f81ed92e0e2,2.427457571029663,3.7118349075317383,1.2843773365020752,outer_fold_2,c488b456-7651-4424-8cc9-8f81ed92e0e2__c488b456-7651-4424-8cc9-8f81ed92e0e2__vr2251__eeg1427__row622,2,2.427457627118644,5.6088981015278705e-08,5.6088981015278705e-08
2,c488b456-7651-4424-8cc9-8f81ed92e0e2__vr2252__eeg1428__row623,c488b456-7651-4424-8cc9-8f81ed92e0e2,2.6951255798339844,4.182942867279053,1.4878172874450684,outer_fold_2,c488b456-7651-4424-8cc9-8f81ed92e0e2__c488b456-7651-4424-8cc9-8f81ed92e0e2__vr2252__eeg1428__row623,2,2.6951256117455133,3.191152897485949e-08,3.191152897485949e-08
2,c488b456-7651-4424-8cc9-8f81ed92e0e2__vr2253__eeg1429__row624,c488b456-7651-4424-8cc9-8f81ed92e0e2,2.423966646194458,3.784548282623291,1.360581636428833,outer_fold_2,c488b456-7651-4424-8cc9-8f81ed92e0e2__c488b456-7651-4424-8cc9-8f81ed92e0e2__vr2253__eeg1429__row624,2,2.4239667128987517,6.670429364419306e-08,6.670429364419306e-08
2,c488b456-7651-4424-8cc9-8f81ed92e0e2__vr2254__eeg1430__row625,c488b456-7651-4424-8cc9-8f81ed92e0e2,2.3394088745117188,4.367247104644775,2.0278382301330566,outer_fold_2,c488b456-7651-4424-8cc9-8f81ed92e0e2__c488b456-7651-4424-8cc9-8f81ed92e0e2__vr2254__eeg1430__row625,2,2.3394089347079037,6.01961849255872e-08,6.01961849255872e-08
2,c488b456-7651-4424-8cc9-8f81ed92e0e2__vr2255__eeg1431__row626,c488b456-7651-4424-8cc9-8f81ed92e0e2,3.826413869857788,5.665149211883545,1.8387353420257568,outer_fold_2,c488b456-7651-4424-8cc9-8f81ed92e0e2__c488b456-7651-4424-8cc9-8f81ed92e0e2__vr2255__eeg1431__row626,2,3.8264138851802407,1.5322452640020856e-08,1.5322452640020856e-08
2,c488b456-7651-4424-8cc9-8f81ed92e0e2__vr2256__eeg1432__row627,c488b456-7651-4424-8cc9-8f81ed92e0e2,1.8894180059432983,4.387964248657227,2.498546242713928,outer_fold_2,c488b456-7651-4424-8cc9-8f81ed92e0e2__c488b456-7651-4424-8cc9-8f81ed92e0e2__vr2256__eeg1432__row627,2,1.889417964071856,-4.187144231337925e-08,4.187144231337925e-08
2,c488b456-7651-4424-8cc9-8f81ed92e0e2__vr2257__eeg1433__row628,c488b456-7651-4424-8cc9-8f81ed92e0e2,2.8531041145324707,4.858652591705322,2.0055484771728516,outer_fold_2,c488b456-7651-4424-8cc9-8f81ed92e0e2__c488b456-7651-4424-8cc9-8f81ed92e0e2__vr2257__eeg1433__row628,2,2.8531040221914004,-9.234107034572503e-08,9.234107034572503e-08
2,c488b456-7651-4424-8cc9-8f81ed92e0e2__vr2258__eeg1435__row629,c488b456-7651-4424-8cc9-8f81ed92e0e2,4.077486991882324,5.597690105438232,1.5202031135559082,outer_fold_2,c488b456-7651-4424-8cc9-8f81ed92e0e2__c488b456-7651-4424-8cc9-8f81ed92e0e2__vr2258__eeg1435__row629,2,4.0774869109947645,-8.088755976132234e-08,8.088755976132234e-08
2,c488b456-7651-4424-8cc9-8f81ed92e0e2__vr2260__eeg1437__row631,c488b456-7651-4424-8cc9-8f81ed92e0e2,3.1687116622924805,5.0566792488098145,1.887967586517334,outer_fold_2,c488b456-7651-4424-8cc9-8f81ed92e0e2__c488b456-7651-4424-8cc9-8f81ed92e0e2__vr2260__eeg1437__row631,2,3.168711590296496,-7.199598428542231e-08,7.199598428542231e-08
2,c488b456-7651-4424-8cc9-8f81ed92e0e2__vr2261__eeg1438__row632,c488b456-7651-4424-8cc9-8f81ed92e0e2,4.42902135848999,5.394009113311768,0.9649877548217772,outer_fold_2,c488b456-7651-4424-8cc9-8f81ed92e0e2__c488b456-7651-4424-8cc9-8f81ed92e0e2__vr2261__eeg1438__row632,2,4.429021276595745,-8.189424516302779e-08,8.189424516302779e-08
2,c488b456-7651-4424-8cc9-8f81ed92e0e2__vr2262__eeg1439__row633,c488b456-7651-4424-8cc9-8f81ed92e0e2,2.2815916538238525,4.26807165145874,1.9864799976348877,outer_fold_2,c488b456-7651-4424-8cc9-8f81ed92e0e2__c488b456-7651-4424-8cc9-8f81ed92e0e2__vr2262__eeg1439__row633,2,2.281591677503251,2.36793984420558e-08,2.36793984420558e-08
2,c488b456-7651-4424-8cc9-8f81ed92e0e2__vr2263__eeg1440__row634,c488b456-7651-4424-8cc9-8f81ed92e0e2,2.392793893814087,4.762555122375488,2.369761228561402,outer_fold_2,c488b456-7651-4424-8cc9-8f81ed92e0e2__c488b456-7651-4424-8cc9-8f81ed92e0e2__vr2263__eeg1440__row634,2,2.392793893129771,-6.843157152047752e-10,6.843157152047752e-10
2,c488b456-7651-4424-8cc9-8f81ed92e0e2__vr2264__eeg1441__row635,c488b456-7651-4424-8cc9-8f81ed92e0e2,6.335263729095459,9.06938934326172,2.7341256141662615,outer_fold_2,c488b456-7651-4424-8cc9-8f81ed92e0e2__c488b456-7651-4424-8cc9-8f81ed92e0e2__vr2264__eeg1441__row635,2,6.335263598326359,-1.307690995488997e-07,1.307690995488997e-07
2,c488b456-7651-4424-8cc9-8f81ed92e0e2__vr2265__eeg1442__row636,c488b456-7651-4424-8cc9-8f81ed92e0e2,2.082034111022949,4.205328464508057,2.1232943534851074,outer_fold_2,c488b456-7651-4424-8cc9-8f81ed92e0e2__c488b456-7651-4424-8cc9-8f81ed92e0e2__vr2265__eeg1442__row636,2,2.082034052213394,-5.880955500359164e-08,5.880955500359164e-08
2,c488b456-7651-4424-8cc9-8f81ed92e0e2__vr2266__eeg1443__row637,c488b456-7651-4424-8cc9-8f81ed92e0e2,4.130335807800293,6.270584583282471,2.1402487754821777,outer_fold_2,c488b456-7651-4424-8cc9-8f81ed92e0e2__c488b456-7651-4424-8cc9-8f81ed92e0e2__vr2266__eeg1443__row637,2,4.130335949764521,1.4196422792878138e-07,1.4196422792878138e-07
2,c488b456-7651-4424-8cc9-8f81ed92e0e2__vr2268__eeg1445__row639,c488b456-7651-4424-8cc9-8f81ed92e0e2,4.732645034790039,6.267980575561523,1.5353355407714844,outer_fold_2,c488b456-7651-4424-8cc9-8f81ed92e0e2__c488b456-7651-4424-8cc9-8f81ed92e0e2__vr2268__eeg1445__row639,2,4.732645161290323,1.265002840256102e-07,1.265002840256102e-07
2,c488b456-7651-4424-8cc9-8f81ed92e0e2__vr2269__eeg1446__row640,c488b456-7651-4424-8cc9-8f81ed92e0e2,3.7554757595062256,6.5321478843688965,2.776672124862671,outer_fold_2,c488b456-7651-4424-8cc9-8f81ed92e0e2__c488b456-7651-4424-8cc9-8f81ed92e0e2__vr2269__eeg1446__row640,2,3.755475862068965,1.0256273963449303e-07,1.0256273963449303e-07
2,c488b456-7651-4424-8cc9-8f81ed92e0e2__vr2270__eeg1447__row641,c488b456-7651-4424-8cc9-8f81ed92e0e2,3.7061538696289062,5.577306747436523,1.8711528778076172,outer_fold_2,c488b456-7651-4424-8cc9-8f81ed92e0e2__c488b456-7651-4424-8cc9-8f81ed92e0e2__vr2270__eeg1447__row641,2,3.706153846153846,-2.34750601180167e-08,2.34750601180167e-08
2,c488b456-7651-4424-8cc9-8f81ed92e0e2__vr2272__eeg1449__row643,c488b456-7651-4424-8cc9-8f81ed92e0e2,2.105160713195801,4.5114359855651855,2.4062752723693848,outer_fold_2,c488b456-7651-4424-8cc9-8f81ed92e0e2__c488b456-7651-4424-8cc9-8f81ed92e0e2__vr2272__eeg1449__row643,2,2.105160621761658,-9.143414292367424e-08,9.143414292367424e-08
2,c488b456-7651-4424-8cc9-8f81ed92e0e2__vr2274__eeg1451__row645,c488b456-7651-4424-8cc9-8f81ed92e0e2,3.9433512687683105,6.891602993011475,2.948251724243164,outer_fold_2,c488b456-7651-4424-8cc9-8f81ed92e0e2__c488b456-7651-4424-8cc9-8f81ed92e0e2__vr2274__eeg1451__row645,2,3.943351351351351,8.258304040609232e-08,8.258304040609232e-08
2,c488b456-7651-4424-8cc9-8f81ed92e0e2__vr2275__eeg1452__row646,c488b456-7651-4424-8cc9-8f81ed92e0e2,3.546595573425293,5.739410877227783,2.1928153038024902,outer_fold_2,c488b456-7651-4424-8cc9-8f81ed92e0e2__c488b456-7651-4424-8cc9-8f81ed92e0e2__vr2275__eeg1452__row646,2,3.5465955555555557,-1.786973724549057e-08,1.786973724549057e-08
2,c488b456-7651-4424-8cc9-8f81ed92e0e2__vr2276__eeg1453__row647,c488b456-7651-4424-8cc9-8f81ed92e0e2,2.428800106048584,3.67973256111145,1.2509324550628662,outer_fold_2,c488b456-7651-4424-8cc9-8f81ed92e0e2__c488b456-7651-4424-8cc9-8f81ed92e0e2__vr2276__eeg1453__row647,2,2.4288000000000003,-1.0604858369234194e-07,1.0604858369234194e-07
2,c488b456-7651-4424-8cc9-8f81ed92e0e2__vr2277__eeg1454__row648,c488b456-7651-4424-8cc9-8f81ed92e0e2,2.1985442638397217,3.5679078102111816,1.36936354637146,outer_fold_2,c488b456-7651-4424-8cc9-8f81ed92e0e2__c488b456-7651-4424-8cc9-8f81ed92e0e2__vr2277__eeg1454__row648,2,2.198544360902256,9.706253445429525e-08,9.706253445429525e-08
2,c488b456-7651-4424-8cc9-8f81ed92e0e2__vr2278__eeg1455__row649,c488b456-7651-4424-8cc9-8f81ed92e0e2,4.606123924255371,7.228405952453613,2.622282028198242,outer_fold_2,c488b456-7651-4424-8cc9-8f81ed92e0e2__c488b456-7651-4424-8cc9-8f81ed92e0e2__vr2278__eeg1455__row649,2,4.606123989218329,6.496295767988158e-08,6.496295767988158e-08
2,c488b456-7651-4424-8cc9-8f81ed92e0e2__vr2279__eeg1456__row650,c488b456-7651-4424-8cc9-8f81ed92e0e2,1.9434434175491333,3.7206461429595943,1.777202725410461,outer_fold_2,c488b456-7651-4424-8cc9-8f81ed92e0e2__c488b456-7651-4424-8cc9-8f81ed92e0e2__vr2279__eeg1456__row650,2,1.943443383356071,-3.4193062381504546e-08,3.4193062381504546e-08
2,c488b456-7651-4424-8cc9-8f81ed92e0e2__vr2280__eeg1457__row651,c488b456-7651-4424-8cc9-8f81ed92e0e2,2.6776089668273926,4.671320915222168,1.9937119483947752,outer_fold_2,c488b456-7651-4424-8cc9-8f81ed92e0e2__c488b456-7651-4424-8cc9-8f81ed92e0e2__vr2280__eeg1457__row651,2,2.6776089385474866,-2.8279905972539154e-08,2.8279905972539154e-08
2,c488b456-7651-4424-8cc9-8f81ed92e0e2__vr2281__eeg1458__row652,c488b456-7651-4424-8cc9-8f81ed92e0e2,4.598576068878174,6.637598037719727,2.0390219688415527,outer_fold_2,c488b456-7651-4424-8cc9-8f81ed92e0e2__c488b456-7651-4424-8cc9-8f81ed92e0e2__vr2281__eeg1458__row652,2,4.598575916230367,-1.526478063951231e-07,1.526478063951231e-07
2,c488b456-7651-4424-8cc9-8f81ed92e0e2__vr2282__eeg1459__row653,c488b456-7651-4424-8cc9-8f81ed92e0e2,2.965627670288086,4.309858798980713,1.344231128692627,outer_fold_2,c488b456-7651-4424-8cc9-8f81ed92e0e2__c488b456-7651-4424-8cc9-8f81ed92e0e2__vr2282__eeg1459__row653,2,2.965627760252366,8.996428002561174e-08,8.996428002561174e-08
2,c488b456-7651-4424-8cc9-8f81ed92e0e2__vr2283__eeg1460__row654,c488b456-7651-4424-8cc9-8f81ed92e0e2,1.973299503326416,3.58447003364563,1.611170530319214,outer_fold_2,c488b456-7651-4424-8cc9-8f81ed92e0e2__c488b456-7651-4424-8cc9-8f81ed92e0e2__vr2283__eeg1460__row654,2,1.9732994923857867,-1.0940629291411597e-08,1.0940629291411597e-08
2,c488b456-7651-4424-8cc9-8f81ed92e0e2__vr2284__eeg1461__row655,c488b456-7651-4424-8cc9-8f81ed92e0e2,4.473665237426758,7.715023517608643,3.2413582801818848,outer_fold_2,c488b456-7651-4424-8cc9-8f81ed92e0e2__c488b456-7651-4424-8cc9-8f81ed92e0e2__vr2284__eeg1461__row655,2,4.47366515837104,-7.9055717527865e-08,7.9055717527865e-08
2,c488b456-7651-4424-8cc9-8f81ed92e0e2__vr2285__eeg1462__row656,c488b456-7651-4424-8cc9-8f81ed92e0e2,2.345381498336792,3.849102735519409,1.5037212371826172,outer_fold_2,c488b456-7651-4424-8cc9-8f81ed92e0e2__c488b456-7651-4424-8cc9-8f81ed92e0e2__vr2285__eeg1462__row656,2,2.3453814432989692,-5.5037822743742026e-08,5.5037822743742026e-08
2,c488b456-7651-4424-8cc9-8f81ed92e0e2__vr2286__eeg1463__row657,c488b456-7651-4424-8cc9-8f81ed92e0e2,2.809534788131714,5.630822658538818,2.8212878704071045,outer_fold_2,c488b456-7651-4424-8cc9-8f81ed92e0e2__c488b456-7651-4424-8cc9-8f81ed92e0e2__vr2286__eeg1463__row657,2,2.809534693877551,-9.425416269692732e-08,9.425416269692732e-08
2,c488b456-7651-4424-8cc9-8f81ed92e0e2__vr2287__eeg1464__row658,c488b456-7651-4424-8cc9-8f81ed92e0e2,2.006932020187378,3.7875025272369385,1.7805705070495603,outer_fold_2,c488b456-7651-4424-8cc9-8f81ed92e0e2__c488b456-7651-4424-8cc9-8f81ed92e0e2__vr2287__eeg1464__row658,2,2.006931989924433,-3.026294503882809e-08,3.026294503882809e-08
2,c488b456-7651-4424-8cc9-8f81ed92e0e2__vr2288__eeg1465__row659,c488b456-7651-4424-8cc9-8f81ed92e0e2,2.2996363639831543,4.83871603012085,2.5390796661376953,outer_fold_2,c488b456-7651-4424-8cc9-8f81ed92e0e2__c488b456-7651-4424-8cc9-8f81ed92e0e2__vr2288__eeg1465__row659,2,2.2996363636363637,-3.4679059623954345e-10,3.4679059623954345e-10
2,c488b456-7651-4424-8cc9-8f81ed92e0e2__vr2290__eeg1467__row661,c488b456-7651-4424-8cc9-8f81ed92e0e2,2.7901387214660645,4.771315097808838,1.9811763763427737,outer_fold_2,c488b456-7651-4424-8cc9-8f81ed92e0e2__c488b456-7651-4424-8cc9-8f81ed92e0e2__vr2290__eeg1467__row661,2,2.790138775510204,5.404413938592256e-08,5.404413938592256e-08
2,c488b456-7651-4424-8cc9-8f81ed92e0e2__vr2292__eeg1469__row663,c488b456-7651-4424-8cc9-8f81ed92e0e2,6.645347595214844,8.543581008911133,1.898233413696289,outer_fold_2,c488b456-7651-4424-8cc9-8f81ed92e0e2__c488b456-7651-4424-8cc9-8f81ed92e0e2__vr2292__eeg1469__row663,2,6.645347536617843,-5.8597001029170315e-08,5.8597001029170315e-08
2,dfb19734-6102-44df-8e11-9947e134eeb2__vr460__eeg461__row732,dfb19734-6102-44df-8e11-9947e134eeb2,2.410388708114624,3.0427052974700928,0.6323165893554688,outer_fold_2,dfb19734-6102-44df-8e11-9947e134eeb2__dfb19734-6102-44df-8e11-9947e134eeb2__vr460__eeg461__row732,2,2.4103887775551103,6.944048625001642e-08,6.944048625001642e-08
2,dfb19734-6102-44df-8e11-9947e134eeb2__vr462__eeg462__row733,dfb19734-6102-44df-8e11-9947e134eeb2,5.72760009765625,4.747857570648193,0.9797425270080566,outer_fold_2,dfb19734-6102-44df-8e11-9947e134eeb2__dfb19734-6102-44df-8e11-9947e134eeb2__vr462__eeg462__row733,2,5.7276,-9.765625019753088e-08,9.765625019753088e-08
2,dfb19734-6102-44df-8e11-9947e134eeb2__vr463__eeg463__row734,dfb19734-6102-44df-8e11-9947e134eeb2,4.583040237426758,2.5024731159210205,2.0805671215057373,outer_fold_2,dfb19734-6102-44df-8e11-9947e134eeb2__dfb19734-6102-44df-8e11-9947e134eeb2__vr463__eeg463__row734,2,4.58304,-2.3742675825388915e-07,2.3742675825388915e-07
2,dfb19734-6102-44df-8e11-9947e134eeb2__vr464__eeg464__row735,dfb19734-6102-44df-8e11-9947e134eeb2,10.625415802001951,6.327845573425293,4.297570228576658,outer_fold_2,dfb19734-6102-44df-8e11-9947e134eeb2__dfb19734-6102-44df-8e11-9947e134eeb2__vr464__eeg464__row735,2,10.62541592920354,1.2720158792944858e-07,1.2720158792944858e-07
2,dfb19734-6102-44df-8e11-9947e134eeb2__vr465__eeg465__row736,dfb19734-6102-44df-8e11-9947e134eeb2,2.7311267852783203,2.8747963905334473,0.1436696052551269,outer_fold_2,dfb19734-6102-44df-8e11-9947e134eeb2__dfb19734-6102-44df-8e11-9947e134eeb2__vr465__eeg465__row736,2,2.7311269035532995,1.182749791439619e-07,1.182749791439619e-07
2,dfb19734-6102-44df-8e11-9947e134eeb2__vr466__eeg466__row737,dfb19734-6102-44df-8e11-9947e134eeb2,4.962064743041992,4.7919535636901855,0.1701111793518066,outer_fold_2,dfb19734-6102-44df-8e11-9947e134eeb2__dfb19734-6102-44df-8e11-9947e134eeb2__vr466__eeg466__row737,2,4.962064516129033,-2.269129595333652e-07,2.269129595333652e-07
2,dfb19734-6102-44df-8e11-9947e134eeb2__vr467__eeg467__row738,dfb19734-6102-44df-8e11-9947e134eeb2,3.4242353439331055,3.2538795471191406,0.1703557968139648,outer_fold_2,dfb19734-6102-44df-8e11-9947e134eeb2__dfb19734-6102-44df-8e11-9947e134eeb2__vr467__eeg467__row738,2,3.424235294117647,-4.981545842497326e-08,4.981545842497326e-08
2,dfb19734-6102-44df-8e11-9947e134eeb2__vr468__eeg468__row739,dfb19734-6102-44df-8e11-9947e134eeb2,4.540363788604736,4.446755886077881,0.0936079025268554,outer_fold_2,dfb19734-6102-44df-8e11-9947e134eeb2__dfb19734-6102-44df-8e11-9947e134eeb2__vr468__eeg468__row739,2,4.540363636363637,-1.522410997267798e-07,1.522410997267798e-07
2,dfb19734-6102-44df-8e11-9947e134eeb2__vr469__eeg469__row740,dfb19734-6102-44df-8e11-9947e134eeb2,4.855199813842773,4.650735855102539,0.2044639587402343,outer_fold_2,dfb19734-6102-44df-8e11-9947e134eeb2__dfb19734-6102-44df-8e11-9947e134eeb2__vr469__eeg469__row740,2,4.855200000000001,1.8615722741088803e-07,1.8615722741088803e-07
2,dfb19734-6102-44df-8e11-9947e134eeb2__vr470__eeg470__row741,dfb19734-6102-44df-8e11-9947e134eeb2,3.7447962760925297,2.723066568374634,1.021729707717896,outer_fold_2,dfb19734-6102-44df-8e11-9947e134eeb2__dfb19734-6102-44df-8e11-9947e134eeb2__vr470__eeg470__row741,2,3.7447962085308055,-6.756172421518158e-08,6.756172421518158e-08
2,dfb19734-6102-44df-8e11-9947e134eeb2__vr471__eeg471__row742,dfb19734-6102-44df-8e11-9947e134eeb2,4.55384635925293,3.9505534172058105,0.6032929420471191,outer_fold_2,dfb19734-6102-44df-8e11-9947e134eeb2__dfb19734-6102-44df-8e11-9947e134eeb2__vr471__eeg471__row742,2,4.553846153846154,-2.0540677603264612e-07,2.0540677603264612e-07
2,dfb19734-6102-44df-8e11-9947e134eeb2__vr472__eeg472__row743,dfb19734-6102-44df-8e11-9947e134eeb2,6.3877387046813965,5.0792131423950195,1.308525562286377,outer_fold_2,dfb19734-6102-44df-8e11-9947e134eeb2__dfb19734-6102-44df-8e11-9947e134eeb2__vr472__eeg472__row743,2,6.387738693467336,-1.1214060791076008e-08,1.1214060791076008e-08
2,dfb19734-6102-44df-8e11-9947e134eeb2__vr473__eeg473__row744,dfb19734-6102-44df-8e11-9947e134eeb2,6.620388031005859,6.595481872558594,0.0249061584472656,outer_fold_2,dfb19734-6102-44df-8e11-9947e134eeb2__dfb19734-6102-44df-8e11-9947e134eeb2__vr473__eeg473__row744,2,6.620388118811882,8.78060228970412e-08,8.78060228970412e-08
2,dfb19734-6102-44df-8e11-9947e134eeb2__vr474__eeg474__row745,dfb19734-6102-44df-8e11-9947e134eeb2,3.6617143154144287,3.1046061515808105,0.5571081638336182,outer_fold_2,dfb19734-6102-44df-8e11-9947e134eeb2__dfb19734-6102-44df-8e11-9947e134eeb2__vr474__eeg474__row745,2,3.661714285714286,-2.970014278957933e-08,2.970014278957933e-08
2,dfb19734-6102-44df-8e11-9947e134eeb2__vr475__eeg475__row746,dfb19734-6102-44df-8e11-9947e134eeb2,5.032281875610352,5.064905166625977,0.032623291015625,outer_fold_2,dfb19734-6102-44df-8e11-9947e134eeb2__dfb19734-6102-44df-8e11-9947e134eeb2__vr475__eeg475__row746,2,5.032281938325991,6.271563979254324e-08,6.271563979254324e-08
2,dfb19734-6102-44df-8e11-9947e134eeb2__vr476__eeg476__row747,dfb19734-6102-44df-8e11-9947e134eeb2,5.958504676818848,5.545100688934326,0.4134039878845215,outer_fold_2,dfb19734-6102-44df-8e11-9947e134eeb2__dfb19734-6102-44df-8e11-9947e134eeb2__vr476__eeg476__row747,2,5.958504672897197,-3.921650559846057e-09,3.921650559846057e-09
2,dfb19734-6102-44df-8e11-9947e134eeb2__vr477__eeg477__row748,dfb19734-6102-44df-8e11-9947e134eeb2,7.132735252380371,7.092433452606201,0.0403017997741699,outer_fold_2,dfb19734-6102-44df-8e11-9947e134eeb2__dfb19734-6102-44df-8e11-9947e134eeb2__vr477__eeg477__row748,2,7.132735426008969,1.736285977216312e-07,1.736285977216312e-07
2,dfb19734-6102-44df-8e11-9947e134eeb2__vr478__eeg478__row749,dfb19734-6102-44df-8e11-9947e134eeb2,5.251636505126953,4.818093776702881,0.4335427284240722,outer_fold_2,dfb19734-6102-44df-8e11-9947e134eeb2__dfb19734-6102-44df-8e11-9947e134eeb2__vr478__eeg478__row749,2,5.251636363636363,-1.4149058991108632e-07,1.4149058991108632e-07
2,dfb19734-6102-44df-8e11-9947e134eeb2__vr479__eeg479__row750,dfb19734-6102-44df-8e11-9947e134eeb2,3.6504316329956055,3.820089340209961,0.1696577072143554,outer_fold_2,dfb19734-6102-44df-8e11-9947e134eeb2__dfb19734-6102-44df-8e11-9947e134eeb2__vr479__eeg479__row750,2,3.650431519699812,-1.1329579363561493e-07,1.1329579363561493e-07
2,dfb19734-6102-44df-8e11-9947e134eeb2__vr480__eeg480__row751,dfb19734-6102-44df-8e11-9947e134eeb2,2.6742024421691895,2.3499319553375244,0.324270486831665,outer_fold_2,dfb19734-6102-44df-8e11-9947e134eeb2__dfb19734-6102-44df-8e11-9947e134eeb2__vr480__eeg480__row751,2,2.6742024291497977,-1.3019391786883716e-08,1.3019391786883716e-08
2,dfb19734-6102-44df-8e11-9947e134eeb2__vr481__eeg481__row752,dfb19734-6102-44df-8e11-9947e134eeb2,7.618285655975342,5.944273471832275,1.6740121841430664,outer_fold_2,dfb19734-6102-44df-8e11-9947e134eeb2__dfb19734-6102-44df-8e11-9947e134eeb2__vr481__eeg481__row752,2,7.618285714285714,5.831037253045679e-08,5.831037253045679e-08
2,dfb19734-6102-44df-8e11-9947e134eeb2__vr482__eeg482__row753,dfb19734-6102-44df-8e11-9947e134eeb2,3.78010630607605,4.116004467010498,0.3358981609344482,outer_fold_2,dfb19734-6102-44df-8e11-9947e134eeb2__dfb19734-6102-44df-8e11-9947e134eeb2__vr482__eeg482__row753,2,3.7801061946902657,-1.1138578415170741e-07,1.1138578415170741e-07
2,dfb19734-6102-44df-8e11-9947e134eeb2__vr483__eeg483__row754,dfb19734-6102-44df-8e11-9947e134eeb2,10.629046440124512,7.297633171081543,3.3314132690429688,outer_fold_2,dfb19734-6102-44df-8e11-9947e134eeb2__dfb19734-6102-44df-8e11-9947e134eeb2__vr483__eeg483__row754,2,10.629046153846154,-2.8627835746419805e-07,2.8627835746419805e-07
2,dfb19734-6102-44df-8e11-9947e134eeb2__vr484__eeg484__row755,dfb19734-6102-44df-8e11-9947e134eeb2,5.826953887939453,6.963850021362305,1.1368961334228516,outer_fold_2,dfb19734-6102-44df-8e11-9947e134eeb2__dfb19734-6102-44df-8e11-9947e134eeb2__vr484__eeg484__row755,2,5.826953846153847,-4.178560608636417e-08,4.178560608636417e-08
2,dfb19734-6102-44df-8e11-9947e134eeb2__vr485__eeg485__row756,dfb19734-6102-44df-8e11-9947e134eeb2,3.992665290832519,3.536566734313965,0.4560985565185542,outer_fold_2,dfb19734-6102-44df-8e11-9947e134eeb2__dfb19734-6102-44df-8e11-9947e134eeb2__vr485__eeg485__row756,2,3.992665314401622,2.3569103113629808e-08,2.3569103113629808e-08
2,dfb19734-6102-44df-8e11-9947e134eeb2__vr486__eeg486__row757,dfb19734-6102-44df-8e11-9947e134eeb2,6.945911884307861,6.148367404937744,0.7975444793701172,outer_fold_2,dfb19734-6102-44df-8e11-9947e134eeb2__dfb19734-6102-44df-8e11-9947e134eeb2__vr486__eeg486__row757,2,6.945911949685535,6.537767394121374e-08,6.537767394121374e-08
2,dfb19734-6102-44df-8e11-9947e134eeb2__vr487__eeg487__row758,dfb19734-6102-44df-8e11-9947e134eeb2,3.845851421356201,3.936553478240967,0.0907020568847656,outer_fold_2,dfb19734-6102-44df-8e11-9947e134eeb2__dfb19734-6102-44df-8e11-9947e134eeb2__vr487__eeg487__row758,2,3.845851428571428,7.2152266383795904e-09,7.2152266383795904e-09
2,dfb19734-6102-44df-8e11-9947e134eeb2__vr488__eeg488__row759,dfb19734-6102-44df-8e11-9947e134eeb2,3.5083484649658203,3.7841598987579346,0.2758114337921142,outer_fold_2,dfb19734-6102-44df-8e11-9947e134eeb2__dfb19734-6102-44df-8e11-9947e134eeb2__vr488__eeg488__row759,2,3.508348432055749,-3.2910071112723926e-08,3.2910071112723926e-08
2,dfb19734-6102-44df-8e11-9947e134eeb2__vr489__eeg489__row760,dfb19734-6102-44df-8e11-9947e134eeb2,3.1167495250701904,2.1714072227478027,0.9453423023223876,outer_fold_2,dfb19734-6102-44df-8e11-9947e134eeb2__dfb19734-6102-44df-8e11-9947e134eeb2__vr489__eeg489__row760,2,3.1167494356659144,-8.940427598247425e-08,8.940427598247425e-08
2,dfb19734-6102-44df-8e11-9947e134eeb2__vr490__eeg490__row761,dfb19734-6102-44df-8e11-9947e134eeb2,6.949900150299072,6.168058395385742,0.7818417549133301,outer_fold_2,dfb19734-6102-44df-8e11-9947e134eeb2__dfb19734-6102-44df-8e11-9947e134eeb2__vr490__eeg490__row761,2,6.9499002169197395,6.662066720508619e-08,6.662066720508619e-08
2,dfb19734-6102-44df-8e11-9947e134eeb2__vr491__eeg491__row762,dfb19734-6102-44df-8e11-9947e134eeb2,3.641587734222412,3.3638861179351807,0.2777016162872314,outer_fold_2,dfb19734-6102-44df-8e11-9947e134eeb2__dfb19734-6102-44df-8e11-9947e134eeb2__vr491__eeg491__row762,2,3.641587786259542,5.203712971635355e-08,5.203712971635355e-08
2,dfb19734-6102-44df-8e11-9947e134eeb2__vr492__eeg492__row763,dfb19734-6102-44df-8e11-9947e134eeb2,6.864893436431885,7.866546154022217,1.001652717590332,outer_fold_2,dfb19734-6102-44df-8e11-9947e134eeb2__dfb19734-6102-44df-8e11-9947e134eeb2__vr492__eeg492__row763,2,6.864893401015229,-3.541665538620009e-08,3.541665538620009e-08
2,dfb19734-6102-44df-8e11-9947e134eeb2__vr493__eeg493__row764,dfb19734-6102-44df-8e11-9947e134eeb2,5.972803115844727,5.590975761413574,0.3818273544311523,outer_fold_2,dfb19734-6102-44df-8e11-9947e134eeb2__dfb19734-6102-44df-8e11-9947e134eeb2__vr493__eeg493__row764,2,5.972803180914513,6.506978600384627e-08,6.506978600384627e-08
2,dfb19734-6102-44df-8e11-9947e134eeb2__vr494__eeg494__row765,dfb19734-6102-44df-8e11-9947e134eeb2,5.389714241027832,4.141551971435547,1.2481622695922852,outer_fold_2,dfb19734-6102-44df-8e11-9947e134eeb2__dfb19734-6102-44df-8e11-9947e134eeb2__vr494__eeg494__row765,2,5.389714285714286,4.468645364852364e-08,4.468645364852364e-08
2,dfb19734-6102-44df-8e11-9947e134eeb2__vr495__eeg495__row766,dfb19734-6102-44df-8e11-9947e134eeb2,9.840415000915527,9.300867080688477,0.5395479202270508,outer_fold_2,dfb19734-6102-44df-8e11-9947e134eeb2__dfb19734-6102-44df-8e11-9947e134eeb2__vr495__eeg495__row766,2,9.840414686825053,-3.140904745180251e-07,3.140904745180251e-07
2,dfb19734-6102-44df-8e11-9947e134eeb2__vr496__eeg496__row767,dfb19734-6102-44df-8e11-9947e134eeb2,5.943272590637207,3.547041893005371,2.396230697631836,outer_fold_2,dfb19734-6102-44df-8e11-9947e134eeb2__dfb19734-6102-44df-8e11-9947e134eeb2__vr496__eeg496__row767,2,5.943272727272728,1.366355206755543e-07,1.366355206755543e-07
2,dfb19734-6102-44df-8e11-9947e134eeb2__vr497__eeg497__row768,dfb19734-6102-44df-8e11-9947e134eeb2,5.181797027587891,4.0304856300354,1.1513113975524902,outer_fold_2,dfb19734-6102-44df-8e11-9947e134eeb2__dfb19734-6102-44df-8e11-9947e134eeb2__vr497__eeg497__row768,2,5.181797101449274,7.386138367593276e-08,7.386138367593276e-08
2,dfb19734-6102-44df-8e11-9947e134eeb2__vr498__eeg498__row769,dfb19734-6102-44df-8e11-9947e134eeb2,3.798162698745727,4.270406246185303,0.4722435474395756,outer_fold_2,dfb19734-6102-44df-8e11-9947e134eeb2__dfb19734-6102-44df-8e11-9947e134eeb2__vr498__eeg498__row769,2,3.7981627486437617,4.989803459309883e-08,4.989803459309883e-08
2,dfb19734-6102-44df-8e11-9947e134eeb2__vr499__eeg499__row770,dfb19734-6102-44df-8e11-9947e134eeb2,5.958466529846191,3.99753475189209,1.9609317779541016,outer_fold_2,dfb19734-6102-44df-8e11-9947e134eeb2__dfb19734-6102-44df-8e11-9947e134eeb2__vr499__eeg499__row770,2,5.958466321243524,-2.0860266758404578e-07,2.0860266758404578e-07
2,dfb19734-6102-44df-8e11-9947e134eeb2__vr500__eeg500__row771,dfb19734-6102-44df-8e11-9947e134eeb2,4.007710933685303,4.036037921905518,0.0283269882202148,outer_fold_2,dfb19734-6102-44df-8e11-9947e134eeb2__dfb19734-6102-44df-8e11-9947e134eeb2__vr500__eeg500__row771,2,4.007710843373494,-9.031180869811806e-08,9.031180869811806e-08
2,dfb19734-6102-44df-8e11-9947e134eeb2__vr501__eeg501__row772,dfb19734-6102-44df-8e11-9947e134eeb2,3.2605576515197754,3.868696451187134,0.6081387996673584,outer_fold_2,dfb19734-6102-44df-8e11-9947e134eeb2__dfb19734-6102-44df-8e11-9947e134eeb2__vr501__eeg501__row772,2,3.260557768924303,1.1740452743325136e-07,1.1740452743325136e-07
2,dfb19734-6102-44df-8e11-9947e134eeb2__vr502__eeg502__row773,dfb19734-6102-44df-8e11-9947e134eeb2,4.8493804931640625,5.108592510223389,0.2592120170593261,outer_fold_2,dfb19734-6102-44df-8e11-9947e134eeb2__dfb19734-6102-44df-8e11-9947e134eeb2__vr502__eeg502__row773,2,4.849380710659898,2.1749583556385232e-07,2.1749583556385232e-07
2,dfb19734-6102-44df-8e11-9947e134eeb2__vr503__eeg503__row774,dfb19734-6102-44df-8e11-9947e134eeb2,4.550020694732666,4.516765594482422,0.0332551002502441,outer_fold_2,dfb19734-6102-44df-8e11-9947e134eeb2__dfb19734-6102-44df-8e11-9947e134eeb2__vr503__eeg503__row774,2,4.55002079002079,9.528812405790177e-08,9.528812405790177e-08
2,dfb19734-6102-44df-8e11-9947e134eeb2__vr504__eeg504__row775,dfb19734-6102-44df-8e11-9947e134eeb2,3.550415515899658,3.629127264022827,0.0787117481231689,outer_fold_2,dfb19734-6102-44df-8e11-9947e134eeb2__dfb19734-6102-44df-8e11-9947e134eeb2__vr504__eeg504__row775,2,3.5504155339805825,1.8080924313323976e-08,1.8080924313323976e-08
2,dfb19734-6102-44df-8e11-9947e134eeb2__vr505__eeg505__row776,dfb19734-6102-44df-8e11-9947e134eeb2,13.304085731506348,10.906633377075195,2.3974523544311523,outer_fold_2,dfb19734-6102-44df-8e11-9947e134eeb2__dfb19734-6102-44df-8e11-9947e134eeb2__vr505__eeg505__row776,2,13.30408602150538,2.899990327875912e-07,2.899990327875912e-07
3,359314b3-5a7c-4dd0-b813-6d8344c62062__vr274__eeg275__row47,359314b3-5a7c-4dd0-b813-6d8344c62062,3.3654634952545166,2.621441125869751,0.7440223693847656,outer_fold_3,359314b3-5a7c-4dd0-b813-6d8344c62062__359314b3-5a7c-4dd0-b813-6d8344c62062__vr274__eeg275__row47,2,3.3654634146341467,-8.062036993550237e-08,8.062036993550237e-08
3,359314b3-5a7c-4dd0-b813-6d8344c62062__vr275__eeg276__row48,359314b3-5a7c-4dd0-b813-6d8344c62062,5.380078315734863,5.722081661224365,0.3420033454895019,outer_fold_3,359314b3-5a7c-4dd0-b813-6d8344c62062__359314b3-5a7c-4dd0-b813-6d8344c62062__vr275__eeg276__row48,2,5.3800784313725485,1.1563768520517215e-07,1.1563768520517215e-07
3,359314b3-5a7c-4dd0-b813-6d8344c62062__vr276__eeg277__row49,359314b3-5a7c-4dd0-b813-6d8344c62062,8.703359603881836,4.367818355560303,4.335541248321533,outer_fold_3,359314b3-5a7c-4dd0-b813-6d8344c62062__359314b3-5a7c-4dd0-b813-6d8344c62062__vr276__eeg277__row49,2,8.703360000000002,3.9611816582407755e-07,3.9611816582407755e-07
3,359314b3-5a7c-4dd0-b813-6d8344c62062__vr277__eeg278__row50,359314b3-5a7c-4dd0-b813-6d8344c62062,5.713313102722168,3.9464051723480225,1.7669079303741455,outer_fold_3,359314b3-5a7c-4dd0-b813-6d8344c62062__359314b3-5a7c-4dd0-b813-6d8344c62062__vr277__eeg278__row50,2,5.713313069908815,-3.281335292371068e-08,3.281335292371068e-08
3,359314b3-5a7c-4dd0-b813-6d8344c62062__vr278__eeg279__row51,359314b3-5a7c-4dd0-b813-6d8344c62062,7.445284366607666,7.633532047271728,0.1882476806640616,outer_fold_3,359314b3-5a7c-4dd0-b813-6d8344c62062__359314b3-5a7c-4dd0-b813-6d8344c62062__vr278__eeg279__row51,2,7.445284403669724,3.7062058311221335e-08,3.7062058311221335e-08
3,359314b3-5a7c-4dd0-b813-6d8344c62062__vr279__eeg280__row52,359314b3-5a7c-4dd0-b813-6d8344c62062,3.1978867053985596,3.044766902923584,0.1531198024749755,outer_fold_3,359314b3-5a7c-4dd0-b813-6d8344c62062__359314b3-5a7c-4dd0-b813-6d8344c62062__vr279__eeg280__row52,2,3.1978867924528305,8.705427090305307e-08,8.705427090305307e-08
3,359314b3-5a7c-4dd0-b813-6d8344c62062__vr280__eeg281__row53,359314b3-5a7c-4dd0-b813-6d8344c62062,3.861259937286377,5.345211982727051,1.4839520454406738,outer_fold_3,359314b3-5a7c-4dd0-b813-6d8344c62062__359314b3-5a7c-4dd0-b813-6d8344c62062__vr280__eeg281__row53,2,3.8612598425196847,-9.476669227126422e-08,9.476669227126422e-08
3,359314b3-5a7c-4dd0-b813-6d8344c62062__vr281__eeg282__row54,359314b3-5a7c-4dd0-b813-6d8344c62062,7.76864767074585,9.52593231201172,1.757284641265871,outer_fold_3,359314b3-5a7c-4dd0-b813-6d8344c62062__359314b3-5a7c-4dd0-b813-6d8344c62062__vr281__eeg282__row54,2,7.768647702407002,3.166115281061366e-08,3.166115281061366e-08
3,359314b3-5a7c-4dd0-b813-6d8344c62062__vr282__eeg283__row55,359314b3-5a7c-4dd0-b813-6d8344c62062,6.165719985961914,3.942953824996948,2.2227661609649663,outer_fold_3,359314b3-5a7c-4dd0-b813-6d8344c62062__359314b3-5a7c-4dd0-b813-6d8344c62062__vr282__eeg283__row55,2,6.16572,1.4038086249001935e-08,1.4038086249001935e-08
3,359314b3-5a7c-4dd0-b813-6d8344c62062__vr283__eeg284__row56,359314b3-5a7c-4dd0-b813-6d8344c62062,2.7823047637939453,2.020087718963623,0.7622170448303223,outer_fold_3,359314b3-5a7c-4dd0-b813-6d8344c62062__359314b3-5a7c-4dd0-b813-6d8344c62062__vr283__eeg284__row56,2,2.7823048327137543,6.89198089709464e-08,6.89198089709464e-08
3,359314b3-5a7c-4dd0-b813-6d8344c62062__vr284__eeg285__row57,359314b3-5a7c-4dd0-b813-6d8344c62062,3.1679999828338623,3.192840099334717,0.0248401165008544,outer_fold_3,359314b3-5a7c-4dd0-b813-6d8344c62062__359314b3-5a7c-4dd0-b813-6d8344c62062__vr284__eeg285__row57,2,3.168,1.7166137844526475e-08,1.7166137844526475e-08
3,359314b3-5a7c-4dd0-b813-6d8344c62062__vr285__eeg286__row58,359314b3-5a7c-4dd0-b813-6d8344c62062,5.5162739753723145,5.086266040802002,0.4300079345703125,outer_fold_3,359314b3-5a7c-4dd0-b813-6d8344c62062__359314b3-5a7c-4dd0-b813-6d8344c62062__vr285__eeg286__row58,2,5.516273972602739,-2.769575679906211e-09,2.769575679906211e-09
3,359314b3-5a7c-4dd0-b813-6d8344c62062__vr286__eeg287__row59,359314b3-5a7c-4dd0-b813-6d8344c62062,8.929161071777344,9.41472339630127,0.4855623245239258,outer_fold_3,359314b3-5a7c-4dd0-b813-6d8344c62062__359314b3-5a7c-4dd0-b813-6d8344c62062__vr286__eeg287__row59,2,8.92916129032258,2.1854523701847484e-07,2.1854523701847484e-07
3,359314b3-5a7c-4dd0-b813-6d8344c62062__vr287__eeg288__row60,359314b3-5a7c-4dd0-b813-6d8344c62062,6.489773273468018,5.797932147979736,0.6918411254882812,outer_fold_3,359314b3-5a7c-4dd0-b813-6d8344c62062__359314b3-5a7c-4dd0-b813-6d8344c62062__vr287__eeg288__row60,2,6.489773195876289,-7.759172859778118e-08,7.759172859778118e-08
3,359314b3-5a7c-4dd0-b813-6d8344c62062__vr288__eeg289__row61,359314b3-5a7c-4dd0-b813-6d8344c62062,7.180581092834473,7.0248870849609375,0.1556940078735351,outer_fold_3,359314b3-5a7c-4dd0-b813-6d8344c62062__359314b3-5a7c-4dd0-b813-6d8344c62062__vr288__eeg289__row61,2,7.18058091286307,-1.7997140222547614e-07,1.7997140222547614e-07
3,359314b3-5a7c-4dd0-b813-6d8344c62062__vr289__eeg290__row62,359314b3-5a7c-4dd0-b813-6d8344c62062,6.479207515716553,5.982296466827393,0.4969110488891601,outer_fold_3,359314b3-5a7c-4dd0-b813-6d8344c62062__359314b3-5a7c-4dd0-b813-6d8344c62062__vr289__eeg290__row62,2,6.479207547169811,3.145325866427129e-08,3.145325866427129e-08
3,359314b3-5a7c-4dd0-b813-6d8344c62062__vr290__eeg291__row63,359314b3-5a7c-4dd0-b813-6d8344c62062,2.056918144226074,1.734047532081604,0.3228706121444702,outer_fold_3,359314b3-5a7c-4dd0-b813-6d8344c62062__359314b3-5a7c-4dd0-b813-6d8344c62062__vr290__eeg291__row63,2,2.0569180327868852,-1.1143918898781635e-07,1.1143918898781635e-07
3,359314b3-5a7c-4dd0-b813-6d8344c62062__vr291__eeg292__row64,359314b3-5a7c-4dd0-b813-6d8344c62062,5.870828151702881,5.456698894500732,0.4141292572021484,outer_fold_3,359314b3-5a7c-4dd0-b813-6d8344c62062__359314b3-5a7c-4dd0-b813-6d8344c62062__vr291__eeg292__row64,2,5.870828375286041,2.2358315998616263e-07,2.2358315998616263e-07
3,359314b3-5a7c-4dd0-b813-6d8344c62062__vr292__eeg293__row65,359314b3-5a7c-4dd0-b813-6d8344c62062,4.076807975769043,2.6674466133117676,1.4093613624572754,outer_fold_3,359314b3-5a7c-4dd0-b813-6d8344c62062__359314b3-5a7c-4dd0-b813-6d8344c62062__vr292__eeg293__row65,2,4.076808184143223,2.0837418013286424e-07,2.0837418013286424e-07
3,359314b3-5a7c-4dd0-b813-6d8344c62062__vr293__eeg294__row66,359314b3-5a7c-4dd0-b813-6d8344c62062,5.290307998657227,5.403862476348877,0.1135544776916503,outer_fold_3,359314b3-5a7c-4dd0-b813-6d8344c62062__359314b3-5a7c-4dd0-b813-6d8344c62062__vr293__eeg294__row66,2,5.2903080260303685,2.7373141975317594e-08,2.7373141975317594e-08
3,359314b3-5a7c-4dd0-b813-6d8344c62062__vr294__eeg295__row67,359314b3-5a7c-4dd0-b813-6d8344c62062,4.855573654174805,4.9782538414001465,0.1226801872253418,outer_fold_3,359314b3-5a7c-4dd0-b813-6d8344c62062__359314b3-5a7c-4dd0-b813-6d8344c62062__vr294__eeg295__row67,2,4.85557356076759,-9.34072144076481e-08,9.34072144076481e-08
3,359314b3-5a7c-4dd0-b813-6d8344c62062__vr295__eeg296__row68,359314b3-5a7c-4dd0-b813-6d8344c62062,6.563223838806152,5.130477428436279,1.432746410369873,outer_fold_3,359314b3-5a7c-4dd0-b813-6d8344c62062__359314b3-5a7c-4dd0-b813-6d8344c62062__vr295__eeg296__row68,2,6.563223880597015,4.1790862326251954e-08,4.1790862326251954e-08
3,359314b3-5a7c-4dd0-b813-6d8344c62062__vr296__eeg297__row69,359314b3-5a7c-4dd0-b813-6d8344c62062,5.560500144958496,3.8997011184692383,1.6607990264892578,outer_fold_3,359314b3-5a7c-4dd0-b813-6d8344c62062__359314b3-5a7c-4dd0-b813-6d8344c62062__vr296__eeg297__row69,2,5.5605,-1.4495849587348175e-07,1.4495849587348175e-07
3,359314b3-5a7c-4dd0-b813-6d8344c62062__vr297__eeg298__row70,359314b3-5a7c-4dd0-b813-6d8344c62062,6.913238048553467,6.910425662994385,0.002812385559082,outer_fold_3,359314b3-5a7c-4dd0-b813-6d8344c62062__359314b3-5a7c-4dd0-b813-6d8344c62062__vr297__eeg298__row70,2,6.913238095238095,4.66846286073519e-08,4.66846286073519e-08
3,359314b3-5a7c-4dd0-b813-6d8344c62062__vr298__eeg299__row71,359314b3-5a7c-4dd0-b813-6d8344c62062,7.144723892211914,5.2113728523254395,1.9333510398864744,outer_fold_3,359314b3-5a7c-4dd0-b813-6d8344c62062__359314b3-5a7c-4dd0-b813-6d8344c62062__vr298__eeg299__row71,2,7.144723981900452,8.968853837387769e-08,8.968853837387769e-08
3,359314b3-5a7c-4dd0-b813-6d8344c62062__vr299__eeg300__row72,359314b3-5a7c-4dd0-b813-6d8344c62062,8.021062850952148,6.926692485809326,1.0943703651428225,outer_fold_3,359314b3-5a7c-4dd0-b813-6d8344c62062__359314b3-5a7c-4dd0-b813-6d8344c62062__vr299__eeg300__row72,2,8.021062500000001,-3.509521473432642e-07,3.509521473432642e-07
3,359314b3-5a7c-4dd0-b813-6d8344c62062__vr300__eeg301__row73,359314b3-5a7c-4dd0-b813-6d8344c62062,3.696000099182129,4.306488990783691,0.6104888916015625,outer_fold_3,359314b3-5a7c-4dd0-b813-6d8344c62062__359314b3-5a7c-4dd0-b813-6d8344c62062__vr300__eeg301__row73,2,3.696,-9.918212873216703e-08,9.918212873216703e-08
3,359314b3-5a7c-4dd0-b813-6d8344c62062__vr301__eeg302__row74,359314b3-5a7c-4dd0-b813-6d8344c62062,5.7050018310546875,4.6204729080200195,1.084528923034668,outer_fold_3,359314b3-5a7c-4dd0-b813-6d8344c62062__359314b3-5a7c-4dd0-b813-6d8344c62062__vr301__eeg302__row74,2,5.705002053388091,2.2233340324362416e-07,2.2233340324362416e-07
3,359314b3-5a7c-4dd0-b813-6d8344c62062__vr302__eeg303__row75,359314b3-5a7c-4dd0-b813-6d8344c62062,3.720639944076538,4.284004211425781,0.5633642673492432,outer_fold_3,359314b3-5a7c-4dd0-b813-6d8344c62062__359314b3-5a7c-4dd0-b813-6d8344c62062__vr302__eeg303__row75,2,3.720639999999999,5.592346097316181e-08,5.592346097316181e-08
3,359314b3-5a7c-4dd0-b813-6d8344c62062__vr303__eeg304__row76,359314b3-5a7c-4dd0-b813-6d8344c62062,5.226531505584717,4.735074043273926,0.491457462310791,outer_fold_3,359314b3-5a7c-4dd0-b813-6d8344c62062__359314b3-5a7c-4dd0-b813-6d8344c62062__vr303__eeg304__row76,2,5.2265316455696205,1.3998490366873284e-07,1.3998490366873284e-07
3,359314b3-5a7c-4dd0-b813-6d8344c62062__vr304__eeg305__row77,359314b3-5a7c-4dd0-b813-6d8344c62062,5.071805000305176,4.6181745529174805,0.4536304473876953,outer_fold_3,359314b3-5a7c-4dd0-b813-6d8344c62062__359314b3-5a7c-4dd0-b813-6d8344c62062__vr304__eeg305__row77,2,5.0718048780487806,-1.2225639522966958e-07,1.2225639522966958e-07
3,359314b3-5a7c-4dd0-b813-6d8344c62062__vr305__eeg306__row78,359314b3-5a7c-4dd0-b813-6d8344c62062,3.048170328140259,4.194730281829834,1.1465599536895752,outer_fold_3,359314b3-5a7c-4dd0-b813-6d8344c62062__359314b3-5a7c-4dd0-b813-6d8344c62062__vr305__eeg306__row78,2,3.048170212765958,-1.1537430077979138e-07,1.1537430077979138e-07
3,359314b3-5a7c-4dd0-b813-6d8344c62062__vr306__eeg307__row79,359314b3-5a7c-4dd0-b813-6d8344c62062,4.050192356109619,4.21550178527832,0.1653094291687011,outer_fold_3,359314b3-5a7c-4dd0-b813-6d8344c62062__359314b3-5a7c-4dd0-b813-6d8344c62062__vr306__eeg307__row79,2,4.050192170818505,-1.852911140076685e-07,1.852911140076685e-07
3,359314b3-5a7c-4dd0-b813-6d8344c62062__vr307__eeg308__row80,359314b3-5a7c-4dd0-b813-6d8344c62062,4.085609436035156,3.810137271881103,0.2754721641540532,outer_fold_3,359314b3-5a7c-4dd0-b813-6d8344c62062__359314b3-5a7c-4dd0-b813-6d8344c62062__vr307__eeg308__row80,2,4.085609348914858,-8.712029853086278e-08,8.712029853086278e-08
3,359314b3-5a7c-4dd0-b813-6d8344c62062__vr308__eeg309__row81,359314b3-5a7c-4dd0-b813-6d8344c62062,4.8918046951293945,4.8388237953186035,0.052980899810791,outer_fold_3,359314b3-5a7c-4dd0-b813-6d8344c62062__359314b3-5a7c-4dd0-b813-6d8344c62062__vr308__eeg309__row81,2,4.891804627249357,-6.788003759083949e-08,6.788003759083949e-08
3,359314b3-5a7c-4dd0-b813-6d8344c62062__vr309__eeg310__row82,359314b3-5a7c-4dd0-b813-6d8344c62062,4.846183776855469,6.390151023864746,1.5439672470092771,outer_fold_3,359314b3-5a7c-4dd0-b813-6d8344c62062__359314b3-5a7c-4dd0-b813-6d8344c62062__vr309__eeg310__row82,2,4.846183783783784,6.92831481075018e-09,6.92831481075018e-09
3,359314b3-5a7c-4dd0-b813-6d8344c62062__vr310__eeg311__row83,359314b3-5a7c-4dd0-b813-6d8344c62062,9.787882804870604,10.58516788482666,0.7972850799560565,outer_fold_3,359314b3-5a7c-4dd0-b813-6d8344c62062__359314b3-5a7c-4dd0-b813-6d8344c62062__vr310__eeg311__row83,2,9.787882845188284,4.031767986134582e-08,4.031767986134582e-08
3,359314b3-5a7c-4dd0-b813-6d8344c62062__vr311__eeg312__row84,359314b3-5a7c-4dd0-b813-6d8344c62062,5.285134315490723,7.121306419372559,1.836172103881836,outer_fold_3,359314b3-5a7c-4dd0-b813-6d8344c62062__359314b3-5a7c-4dd0-b813-6d8344c62062__vr311__eeg312__row84,2,5.285134521880066,2.0638934294936462e-07,2.0638934294936462e-07
3,359314b3-5a7c-4dd0-b813-6d8344c62062__vr312__eeg313__row85,359314b3-5a7c-4dd0-b813-6d8344c62062,5.344025135040283,8.12500286102295,2.780977725982666,outer_fold_3,359314b3-5a7c-4dd0-b813-6d8344c62062__359314b3-5a7c-4dd0-b813-6d8344c62062__vr312__eeg313__row85,2,5.344025196850393,6.181010991923586e-08,6.181010991923586e-08
3,359314b3-5a7c-4dd0-b813-6d8344c62062__vr313__eeg314__row86,359314b3-5a7c-4dd0-b813-6d8344c62062,1.944543719291687,2.2754483222961426,0.3309046030044555,outer_fold_3,359314b3-5a7c-4dd0-b813-6d8344c62062__359314b3-5a7c-4dd0-b813-6d8344c62062__vr313__eeg314__row86,2,1.944543689320388,-2.9971298998177076e-08,2.9971298998177076e-08
3,359314b3-5a7c-4dd0-b813-6d8344c62062__vr315__eeg316__row88,359314b3-5a7c-4dd0-b813-6d8344c62062,4.168272018432617,6.357890605926514,2.1896185874938965,outer_fold_3,359314b3-5a7c-4dd0-b813-6d8344c62062__359314b3-5a7c-4dd0-b813-6d8344c62062__vr315__eeg316__row88,2,4.168271914132379,-1.0430023777985298e-07,1.0430023777985298e-07
3,359314b3-5a7c-4dd0-b813-6d8344c62062__vr316__eeg317__row89,359314b3-5a7c-4dd0-b813-6d8344c62062,2.783186435699463,4.220940589904785,1.4377541542053225,outer_fold_3,359314b3-5a7c-4dd0-b813-6d8344c62062__359314b3-5a7c-4dd0-b813-6d8344c62062__vr316__eeg317__row89,2,2.7831864406779663,4.978503387320643e-09,4.978503387320643e-09
3,359314b3-5a7c-4dd0-b813-6d8344c62062__vr317__eeg318__row90,359314b3-5a7c-4dd0-b813-6d8344c62062,5.598761558532715,6.38931131362915,0.7905497550964355,outer_fold_3,359314b3-5a7c-4dd0-b813-6d8344c62062__359314b3-5a7c-4dd0-b813-6d8344c62062__vr317__eeg318__row90,2,5.59876160990712,5.137440517444247e-08,5.137440517444247e-08
3,359314b3-5a7c-4dd0-b813-6d8344c62062__vr318__eeg319__row91,359314b3-5a7c-4dd0-b813-6d8344c62062,5.53422212600708,7.29460334777832,1.7603812217712402,outer_fold_3,359314b3-5a7c-4dd0-b813-6d8344c62062__359314b3-5a7c-4dd0-b813-6d8344c62062__vr318__eeg319__row91,2,5.534222222222223,9.621514251989538e-08,9.621514251989538e-08
3,359314b3-5a7c-4dd0-b813-6d8344c62062__vr319__eeg320__row92,359314b3-5a7c-4dd0-b813-6d8344c62062,4.6970953941345215,6.465147018432617,1.7680516242980957,outer_fold_3,359314b3-5a7c-4dd0-b813-6d8344c62062__359314b3-5a7c-4dd0-b813-6d8344c62062__vr319__eeg320__row92,2,4.697095320623917,-7.351060471449955e-08,7.351060471449955e-08
3,359314b3-5a7c-4dd0-b813-6d8344c62062__vr320__eeg321__row93,359314b3-5a7c-4dd0-b813-6d8344c62062,7.082598686218262,8.132320404052734,1.0497217178344729,outer_fold_3,359314b3-5a7c-4dd0-b813-6d8344c62062__359314b3-5a7c-4dd0-b813-6d8344c62062__vr320__eeg321__row93,2,7.082598726114649,3.9896387526994204e-08,3.9896387526994204e-08
3,359314b3-5a7c-4dd0-b813-6d8344c62062__vr321__eeg322__row94,359314b3-5a7c-4dd0-b813-6d8344c62062,5.408990383148193,7.21190071105957,1.802910327911377,outer_fold_3,359314b3-5a7c-4dd0-b813-6d8344c62062__359314b3-5a7c-4dd0-b813-6d8344c62062__vr321__eeg322__row94,2,5.408990228013029,-1.5513516427034801e-07,1.5513516427034801e-07
3,359314b3-5a7c-4dd0-b813-6d8344c62062__vr322__eeg323__row95,359314b3-5a7c-4dd0-b813-6d8344c62062,13.75159740447998,10.940260887145996,2.8113365173339844,outer_fold_3,359314b3-5a7c-4dd0-b813-6d8344c62062__359314b3-5a7c-4dd0-b813-6d8344c62062__vr322__eeg323__row95,2,13.751597765363128,3.6088314736559823e-07,3.6088314736559823e-07
3,3e4a23a8-c0e7-4ce7-ae53-eeaf9f4c0fd5__vr1786__eeg1090__row161,3e4a23a8-c0e7-4ce7-ae53-eeaf9f4c0fd5,8.741957664489746,6.811164855957031,1.9307928085327148,outer_fold_3,3e4a23a8-c0e7-4ce7-ae53-eeaf9f4c0fd5__3e4a23a8-c0e7-4ce7-ae53-eeaf9f4c0fd5__vr1786__eeg1090__row161,1,8.74195744680851,-2.176812365917158e-07,2.176812365917158e-07
3,3e4a23a8-c0e7-4ce7-ae53-eeaf9f4c0fd5__vr1787__eeg1091__row162,3e4a23a8-c0e7-4ce7-ae53-eeaf9f4c0fd5,5.037811756134033,2.401393413543701,2.636418342590332,outer_fold_3,3e4a23a8-c0e7-4ce7-ae53-eeaf9f4c0fd5__3e4a23a8-c0e7-4ce7-ae53-eeaf9f4c0fd5__vr1787__eeg1091__row162,1,5.037811965811966,2.0967793279424995e-07,2.0967793279424995e-07
3,3e4a23a8-c0e7-4ce7-ae53-eeaf9f4c0fd5__vr1788__eeg1092__row163,3e4a23a8-c0e7-4ce7-ae53-eeaf9f4c0fd5,6.408648490905762,4.422018051147461,1.9866304397583008,outer_fold_3,3e4a23a8-c0e7-4ce7-ae53-eeaf9f4c0fd5__3e4a23a8-c0e7-4ce7-ae53-eeaf9f4c0fd5__vr1788__eeg1092__row163,1,6.408648648648649,1.5774288719683227e-07,1.5774288719683227e-07
3,3e4a23a8-c0e7-4ce7-ae53-eeaf9f4c0fd5__vr1789__eeg1093__row164,3e4a23a8-c0e7-4ce7-ae53-eeaf9f4c0fd5,15.296344757080078,12.094390869140623,3.201953887939455,outer_fold_3,3e4a23a8-c0e7-4ce7-ae53-eeaf9f4c0fd5__3e4a23a8-c0e7-4ce7-ae53-eeaf9f4c0fd5__vr1789__eeg1093__row164,1,15.296345013477088,2.5639701028978834e-07,2.5639701028978834e-07
3,3e4a23a8-c0e7-4ce7-ae53-eeaf9f4c0fd5__vr1790__eeg1094__row165,3e4a23a8-c0e7-4ce7-ae53-eeaf9f4c0fd5,3.157224416732788,1.35662043094635,1.800603985786438,outer_fold_3,3e4a23a8-c0e7-4ce7-ae53-eeaf9f4c0fd5__3e4a23a8-c0e7-4ce7-ae53-eeaf9f4c0fd5__vr1790__eeg1094__row165,1,3.1572244897959183,7.30631302126028e-08,7.30631302126028e-08
3,3e4a23a8-c0e7-4ce7-ae53-eeaf9f4c0fd5__vr1791__eeg1095__row166,3e4a23a8-c0e7-4ce7-ae53-eeaf9f4c0fd5,6.346421241760254,6.510851860046387,0.1644306182861328,outer_fold_3,3e4a23a8-c0e7-4ce7-ae53-eeaf9f4c0fd5__3e4a23a8-c0e7-4ce7-ae53-eeaf9f4c0fd5__vr1791__eeg1095__row166,1,6.3464210526315785,-1.8912867538745104e-07,1.8912867538745104e-07
3,3e4a23a8-c0e7-4ce7-ae53-eeaf9f4c0fd5__vr1792__eeg1096__row167,3e4a23a8-c0e7-4ce7-ae53-eeaf9f4c0fd5,3.105046272277832,2.556666851043701,0.5483794212341309,outer_fold_3,3e4a23a8-c0e7-4ce7-ae53-eeaf9f4c0fd5__3e4a23a8-c0e7-4ce7-ae53-eeaf9f4c0fd5__vr1792__eeg1096__row167,1,3.105046153846154,-1.1843167824210354e-07,1.1843167824210354e-07
3,3e4a23a8-c0e7-4ce7-ae53-eeaf9f4c0fd5__vr1793__eeg1097__row168,3e4a23a8-c0e7-4ce7-ae53-eeaf9f4c0fd5,4.879672050476074,2.5388870239257812,2.340785026550293,outer_fold_3,3e4a23a8-c0e7-4ce7-ae53-eeaf9f4c0fd5__3e4a23a8-c0e7-4ce7-ae53-eeaf9f4c0fd5__vr1793__eeg1097__row168,1,4.879672131147541,8.067146683998772e-08,8.067146683998772e-08
3,3e4a23a8-c0e7-4ce7-ae53-eeaf9f4c0fd5__vr1794__eeg1098__row169,3e4a23a8-c0e7-4ce7-ae53-eeaf9f4c0fd5,6.51863431930542,3.8752732276916504,2.6433610916137695,outer_fold_3,3e4a23a8-c0e7-4ce7-ae53-eeaf9f4c0fd5__3e4a23a8-c0e7-4ce7-ae53-eeaf9f4c0fd5__vr1794__eeg1098__row169,1,6.518634146341462,-1.7296395782295804e-07,1.7296395782295804e-07
3,3e4a23a8-c0e7-4ce7-ae53-eeaf9f4c0fd5__vr1795__eeg1099__row170,3e4a23a8-c0e7-4ce7-ae53-eeaf9f4c0fd5,1.891477108001709,1.299432396888733,0.5920447111129761,outer_fold_3,3e4a23a8-c0e7-4ce7-ae53-eeaf9f4c0fd5__3e4a23a8-c0e7-4ce7-ae53-eeaf9f4c0fd5__vr1795__eeg1099__row170,1,1.8914770797962648,-2.8205444202455965e-08,2.8205444202455965e-08
3,3e4a23a8-c0e7-4ce7-ae53-eeaf9f4c0fd5__vr1796__eeg1100__row171,3e4a23a8-c0e7-4ce7-ae53-eeaf9f4c0fd5,4.4849371910095215,4.383680820465088,0.1012563705444336,outer_fold_3,3e4a23a8-c0e7-4ce7-ae53-eeaf9f4c0fd5__3e4a23a8-c0e7-4ce7-ae53-eeaf9f4c0fd5__vr1796__eeg1100__row171,1,4.484937354988399,1.6397887758756724e-07,1.6397887758756724e-07
3,3e4a23a8-c0e7-4ce7-ae53-eeaf9f4c0fd5__vr1797__eeg1101__row172,3e4a23a8-c0e7-4ce7-ae53-eeaf9f4c0fd5,4.56233024597168,1.9429341554641724,2.6193960905075073,outer_fold_3,3e4a23a8-c0e7-4ce7-ae53-eeaf9f4c0fd5__3e4a23a8-c0e7-4ce7-ae53-eeaf9f4c0fd5__vr1797__eeg1101__row172,1,4.562330097087378,-1.4888430133197517e-07,1.4888430133197517e-07
3,3e4a23a8-c0e7-4ce7-ae53-eeaf9f4c0fd5__vr1798__eeg1102__row173,3e4a23a8-c0e7-4ce7-ae53-eeaf9f4c0fd5,2.7301690578460693,1.606701135635376,1.1234679222106934,outer_fold_3,3e4a23a8-c0e7-4ce7-ae53-eeaf9f4c0fd5__3e4a23a8-c0e7-4ce7-ae53-eeaf9f4c0fd5__vr1798__eeg1102__row173,1,2.7301690140845074,-4.3761561929756e-08,4.3761561929756e-08
3,3e4a23a8-c0e7-4ce7-ae53-eeaf9f4c0fd5__vr1799__eeg1103__row174,3e4a23a8-c0e7-4ce7-ae53-eeaf9f4c0fd5,5.554215908050537,3.841041803359986,1.713174104690551,outer_fold_3,3e4a23a8-c0e7-4ce7-ae53-eeaf9f4c0fd5__3e4a23a8-c0e7-4ce7-ae53-eeaf9f4c0fd5__vr1799__eeg1103__row174,1,5.5542158859470465,-2.210349059339478e-08,2.210349059339478e-08
3,3e4a23a8-c0e7-4ce7-ae53-eeaf9f4c0fd5__vr1800__eeg1104__row175,3e4a23a8-c0e7-4ce7-ae53-eeaf9f4c0fd5,11.66103172302246,0.3609197437763214,11.300111979246138,outer_fold_3,3e4a23a8-c0e7-4ce7-ae53-eeaf9f4c0fd5__3e4a23a8-c0e7-4ce7-ae53-eeaf9f4c0fd5__vr1800__eeg1104__row175,1,11.661031982942433,2.5991997354424257e-07,2.5991997354424257e-07
3,3e4a23a8-c0e7-4ce7-ae53-eeaf9f4c0fd5__vr1801__eeg1105__row176,3e4a23a8-c0e7-4ce7-ae53-eeaf9f4c0fd5,5.837039947509766,3.7725069522857666,2.064532995223999,outer_fold_3,3e4a23a8-c0e7-4ce7-ae53-eeaf9f4c0fd5__3e4a23a8-c0e7-4ce7-ae53-eeaf9f4c0fd5__vr1801__eeg1105__row176,1,5.83704,5.2490234381252776e-08,5.2490234381252776e-08
3,3e4a23a8-c0e7-4ce7-ae53-eeaf9f4c0fd5__vr1802__eeg1106__row177,3e4a23a8-c0e7-4ce7-ae53-eeaf9f4c0fd5,15.58051300048828,14.72091579437256,0.8595972061157191,outer_fold_3,3e4a23a8-c0e7-4ce7-ae53-eeaf9f4c0fd5__3e4a23a8-c0e7-4ce7-ae53-eeaf9f4c0fd5__vr1802__eeg1106__row177,1,15.58051282051282,-1.7997546031267575e-07,1.7997546031267575e-07
3,3e4a23a8-c0e7-4ce7-ae53-eeaf9f4c0fd5__vr1803__eeg1108__row178,3e4a23a8-c0e7-4ce7-ae53-eeaf9f4c0fd5,5.827173233032227,2.71256685256958,3.1146063804626465,outer_fold_3,3e4a23a8-c0e7-4ce7-ae53-eeaf9f4c0fd5__3e4a23a8-c0e7-4ce7-ae53-eeaf9f4c0fd5__vr1803__eeg1108__row178,1,5.827173184357543,-4.8674683839067256e-08,4.8674683839067256e-08
3,3e4a23a8-c0e7-4ce7-ae53-eeaf9f4c0fd5__vr1804__eeg1110__row179,3e4a23a8-c0e7-4ce7-ae53-eeaf9f4c0fd5,2.0107290744781494,1.8941848278045657,0.1165442466735837,outer_fold_3,3e4a23a8-c0e7-4ce7-ae53-eeaf9f4c0fd5__3e4a23a8-c0e7-4ce7-ae53-eeaf9f4c0fd5__vr1804__eeg1110__row179,1,2.0107291361639827,6.168583333021616e-08,6.168583333021616e-08
3,3e4a23a8-c0e7-4ce7-ae53-eeaf9f4c0fd5__vr1805__eeg1111__row180,3e4a23a8-c0e7-4ce7-ae53-eeaf9f4c0fd5,5.078292369842529,1.799224853515625,3.2790675163269043,outer_fold_3,3e4a23a8-c0e7-4ce7-ae53-eeaf9f4c0fd5__3e4a23a8-c0e7-4ce7-ae53-eeaf9f4c0fd5__vr1805__eeg1111__row180,1,5.078292134831461,-2.3501106838352825e-07,2.3501106838352825e-07
3,3e4a23a8-c0e7-4ce7-ae53-eeaf9f4c0fd5__vr1806__eeg1112__row181,3e4a23a8-c0e7-4ce7-ae53-eeaf9f4c0fd5,6.310244083404541,2.7036921977996826,3.6065518856048584,outer_fold_3,3e4a23a8-c0e7-4ce7-ae53-eeaf9f4c0fd5__3e4a23a8-c0e7-4ce7-ae53-eeaf9f4c0fd5__vr1806__eeg1112__row181,1,6.310243902439025,-1.8096551634982916e-07,1.8096551634982916e-07
3,3e4a23a8-c0e7-4ce7-ae53-eeaf9f4c0fd5__vr1807__eeg1113__row182,3e4a23a8-c0e7-4ce7-ae53-eeaf9f4c0fd5,4.099221229553223,2.280198812484741,1.8190224170684817,outer_fold_3,3e4a23a8-c0e7-4ce7-ae53-eeaf9f4c0fd5__3e4a23a8-c0e7-4ce7-ae53-eeaf9f4c0fd5__vr1807__eeg1113__row182,1,4.099221006564552,-2.2298867108361264e-07,2.2298867108361264e-07
3,3e4a23a8-c0e7-4ce7-ae53-eeaf9f4c0fd5__vr1808__eeg1114__row183,3e4a23a8-c0e7-4ce7-ae53-eeaf9f4c0fd5,3.8535969257354736,2.7912676334381104,1.0623292922973633,outer_fold_3,3e4a23a8-c0e7-4ce7-ae53-eeaf9f4c0fd5__3e4a23a8-c0e7-4ce7-ae53-eeaf9f4c0fd5__vr1808__eeg1114__row183,1,3.853596958174904,3.243943025310614e-08,3.243943025310614e-08
3,3e4a23a8-c0e7-4ce7-ae53-eeaf9f4c0fd5__vr1809__eeg1115__row184,3e4a23a8-c0e7-4ce7-ae53-eeaf9f4c0fd5,6.622217655181885,3.982413291931152,2.639804363250733,outer_fold_3,3e4a23a8-c0e7-4ce7-ae53-eeaf9f4c0fd5__3e4a23a8-c0e7-4ce7-ae53-eeaf9f4c0fd5__vr1809__eeg1115__row184,1,6.622217821782178,1.6660029356074801e-07,1.6660029356074801e-07
3,3e4a23a8-c0e7-4ce7-ae53-eeaf9f4c0fd5__vr1810__eeg1116__row185,3e4a23a8-c0e7-4ce7-ae53-eeaf9f4c0fd5,2.7731821537017822,0.9629877209663392,1.8101944327354431,outer_fold_3,3e4a23a8-c0e7-4ce7-ae53-eeaf9f4c0fd5__3e4a23a8-c0e7-4ce7-ae53-eeaf9f4c0fd5__vr1810__eeg1116__row185,1,2.7731820895522388,-6.414954345501656e-08,6.414954345501656e-08
3,3e4a23a8-c0e7-4ce7-ae53-eeaf9f4c0fd5__vr1811__eeg1117__row186,3e4a23a8-c0e7-4ce7-ae53-eeaf9f4c0fd5,3.075530529022217,2.610367774963379,0.4651627540588379,outer_fold_3,3e4a23a8-c0e7-4ce7-ae53-eeaf9f4c0fd5__3e4a23a8-c0e7-4ce7-ae53-eeaf9f4c0fd5__vr1811__eeg1117__row186,1,3.07553064798599,1.189637730547588e-07,1.189637730547588e-07
3,3e4a23a8-c0e7-4ce7-ae53-eeaf9f4c0fd5__vr1812__eeg1118__row187,3e4a23a8-c0e7-4ce7-ae53-eeaf9f4c0fd5,7.909990310668945,3.615377426147461,4.294612884521484,outer_fold_3,3e4a23a8-c0e7-4ce7-ae53-eeaf9f4c0fd5__3e4a23a8-c0e7-4ce7-ae53-eeaf9f4c0fd5__vr1812__eeg1118__row187,1,7.909990521327013,2.106580678784553e-07,2.106580678784553e-07
3,3e4a23a8-c0e7-4ce7-ae53-eeaf9f4c0fd5__vr1813__eeg1119__row188,3e4a23a8-c0e7-4ce7-ae53-eeaf9f4c0fd5,4.798961639404297,1.8574291467666624,2.9415324926376343,outer_fold_3,3e4a23a8-c0e7-4ce7-ae53-eeaf9f4c0fd5__3e4a23a8-c0e7-4ce7-ae53-eeaf9f4c0fd5__vr1813__eeg1119__row188,1,4.798961538461539,-1.0094275815220044e-07,1.0094275815220044e-07
3,3e4a23a8-c0e7-4ce7-ae53-eeaf9f4c0fd5__vr1814__eeg1120__row189,3e4a23a8-c0e7-4ce7-ae53-eeaf9f4c0fd5,3.184349775314331,2.858241558074951,0.3261082172393799,outer_fold_3,3e4a23a8-c0e7-4ce7-ae53-eeaf9f4c0fd5__3e4a23a8-c0e7-4ce7-ae53-eeaf9f4c0fd5__vr1814__eeg1120__row189,1,3.184349726775956,-4.853837509699588e-08,4.853837509699588e-08
3,3e4a23a8-c0e7-4ce7-ae53-eeaf9f4c0fd5__vr1815__eeg1121__row190,3e4a23a8-c0e7-4ce7-ae53-eeaf9f4c0fd5,4.174017429351807,3.957827091217041,0.2161903381347656,outer_fold_3,3e4a23a8-c0e7-4ce7-ae53-eeaf9f4c0fd5__3e4a23a8-c0e7-4ce7-ae53-eeaf9f4c0fd5__vr1815__eeg1121__row190,1,4.1740172117039585,-2.1764784818856242e-07,2.1764784818856242e-07
3,3e4a23a8-c0e7-4ce7-ae53-eeaf9f4c0fd5__vr1816__eeg1122__row191,3e4a23a8-c0e7-4ce7-ae53-eeaf9f4c0fd5,3.880186080932617,2.6403534412384033,1.239832639694214,outer_fold_3,3e4a23a8-c0e7-4ce7-ae53-eeaf9f4c0fd5__3e4a23a8-c0e7-4ce7-ae53-eeaf9f4c0fd5__vr1816__eeg1122__row191,1,3.880186046511628,-3.442098917005865e-08,3.442098917005865e-08
3,3e4a23a8-c0e7-4ce7-ae53-eeaf9f4c0fd5__vr1817__eeg1123__row192,3e4a23a8-c0e7-4ce7-ae53-eeaf9f4c0fd5,6.238927841186523,5.547410488128662,0.6915173530578613,outer_fold_3,3e4a23a8-c0e7-4ce7-ae53-eeaf9f4c0fd5__3e4a23a8-c0e7-4ce7-ae53-eeaf9f4c0fd5__vr1817__eeg1123__row192,1,6.2389278350515465,-6.134976970884054e-09,6.134976970884054e-09
3,3e4a23a8-c0e7-4ce7-ae53-eeaf9f4c0fd5__vr1818__eeg1124__row193,3e4a23a8-c0e7-4ce7-ae53-eeaf9f4c0fd5,4.334051609039307,2.7857964038848877,1.548255205154419,outer_fold_3,3e4a23a8-c0e7-4ce7-ae53-eeaf9f4c0fd5__3e4a23a8-c0e7-4ce7-ae53-eeaf9f4c0fd5__vr1818__eeg1124__row193,1,4.334051522248243,-8.679106322517782e-08,8.679106322517782e-08
3,3e4a23a8-c0e7-4ce7-ae53-eeaf9f4c0fd5__vr1819__eeg1125__row194,3e4a23a8-c0e7-4ce7-ae53-eeaf9f4c0fd5,2.8664307594299316,1.2664200067520142,1.6000107526779177,outer_fold_3,3e4a23a8-c0e7-4ce7-ae53-eeaf9f4c0fd5__3e4a23a8-c0e7-4ce7-ae53-eeaf9f4c0fd5__vr1819__eeg1125__row194,1,2.866430769230769,9.800837474926993e-09,9.800837474926993e-09
3,3e4a23a8-c0e7-4ce7-ae53-eeaf9f4c0fd5__vr1820__eeg1126__row195,3e4a23a8-c0e7-4ce7-ae53-eeaf9f4c0fd5,5.544000148773193,3.928280830383301,1.6157193183898926,outer_fold_3,3e4a23a8-c0e7-4ce7-ae53-eeaf9f4c0fd5__3e4a23a8-c0e7-4ce7-ae53-eeaf9f4c0fd5__vr1820__eeg1126__row195,1,5.5440000000000005,-1.4877319287620594e-07,1.4877319287620594e-07
3,3e4a23a8-c0e7-4ce7-ae53-eeaf9f4c0fd5__vr1821__eeg1127__row196,3e4a23a8-c0e7-4ce7-ae53-eeaf9f4c0fd5,6.101482391357422,3.067474842071533,3.0340075492858887,outer_fold_3,3e4a23a8-c0e7-4ce7-ae53-eeaf9f4c0fd5__3e4a23a8-c0e7-4ce7-ae53-eeaf9f4c0fd5__vr1821__eeg1127__row196,1,6.101482233502538,-1.578548838310212e-07,1.578548838310212e-07
3,3e4a23a8-c0e7-4ce7-ae53-eeaf9f4c0fd5__vr1822__eeg1128__row197,3e4a23a8-c0e7-4ce7-ae53-eeaf9f4c0fd5,2.53439998626709,1.62591290473938,0.9084870815277096,outer_fold_3,3e4a23a8-c0e7-4ce7-ae53-eeaf9f4c0fd5__3e4a23a8-c0e7-4ce7-ae53-eeaf9f4c0fd5__vr1822__eeg1128__row197,1,2.5344,1.3732910364439022e-08,1.3732910364439022e-08
3,3e4a23a8-c0e7-4ce7-ae53-eeaf9f4c0fd5__vr1823__eeg1129__row198,3e4a23a8-c0e7-4ce7-ae53-eeaf9f4c0fd5,10.437182426452637,7.4894561767578125,2.947726249694824,outer_fold_3,3e4a23a8-c0e7-4ce7-ae53-eeaf9f4c0fd5__3e4a23a8-c0e7-4ce7-ae53-eeaf9f4c0fd5__vr1823__eeg1129__row198,1,10.437182608695652,1.8224301534530696e-07,1.8224301534530696e-07
3,3e4a23a8-c0e7-4ce7-ae53-eeaf9f4c0fd5__vr1824__eeg1130__row199,3e4a23a8-c0e7-4ce7-ae53-eeaf9f4c0fd5,13.213167190551758,7.881724834442139,5.331442356109619,outer_fold_3,3e4a23a8-c0e7-4ce7-ae53-eeaf9f4c0fd5__3e4a23a8-c0e7-4ce7-ae53-eeaf9f4c0fd5__vr1824__eeg1130__row199,1,13.213167082294264,-1.0825749363618797e-07,1.0825749363618797e-07
3,3e4a23a8-c0e7-4ce7-ae53-eeaf9f4c0fd5__vr1825__eeg1131__row200,3e4a23a8-c0e7-4ce7-ae53-eeaf9f4c0fd5,5.665617942810059,5.226390361785889,0.4392275810241699,outer_fold_3,3e4a23a8-c0e7-4ce7-ae53-eeaf9f4c0fd5__3e4a23a8-c0e7-4ce7-ae53-eeaf9f4c0fd5__vr1825__eeg1131__row200,1,5.665617977528091,3.4718032004832367e-08,3.4718032004832367e-08
3,3e4a23a8-c0e7-4ce7-ae53-eeaf9f4c0fd5__vr1826__eeg1132__row201,3e4a23a8-c0e7-4ce7-ae53-eeaf9f4c0fd5,5.126554012298584,2.7248334884643555,2.4017205238342285,outer_fold_3,3e4a23a8-c0e7-4ce7-ae53-eeaf9f4c0fd5__3e4a23a8-c0e7-4ce7-ae53-eeaf9f4c0fd5__vr1826__eeg1132__row201,1,5.126553775743708,-2.3655487613183368e-07,2.3655487613183368e-07
3,3e4a23a8-c0e7-4ce7-ae53-eeaf9f4c0fd5__vr1827__eeg1133__row202,3e4a23a8-c0e7-4ce7-ae53-eeaf9f4c0fd5,5.20173454284668,3.969260215759278,1.232474327087402,outer_fold_3,3e4a23a8-c0e7-4ce7-ae53-eeaf9f4c0fd5__3e4a23a8-c0e7-4ce7-ae53-eeaf9f4c0fd5__vr1827__eeg1133__row202,1,5.201734513274337,-2.957234279676868e-08,2.957234279676868e-08
3,3e4a23a8-c0e7-4ce7-ae53-eeaf9f4c0fd5__vr1828__eeg1134__row203,3e4a23a8-c0e7-4ce7-ae53-eeaf9f4c0fd5,5.942706108093262,4.113426685333252,1.8292794227600095,outer_fold_3,3e4a23a8-c0e7-4ce7-ae53-eeaf9f4c0fd5__3e4a23a8-c0e7-4ce7-ae53-eeaf9f4c0fd5__vr1828__eeg1134__row203,1,5.942706150341685,4.224842342637203e-08,4.224842342637203e-08
3,3e4a23a8-c0e7-4ce7-ae53-eeaf9f4c0fd5__vr1829__eeg1135__row204,3e4a23a8-c0e7-4ce7-ae53-eeaf9f4c0fd5,5.282232761383057,3.933922290802002,1.348310470581055,outer_fold_3,3e4a23a8-c0e7-4ce7-ae53-eeaf9f4c0fd5__3e4a23a8-c0e7-4ce7-ae53-eeaf9f4c0fd5__vr1829__eeg1135__row204,1,5.282232558139536,-2.0324352068001872e-07,2.0324352068001872e-07
3,3e4a23a8-c0e7-4ce7-ae53-eeaf9f4c0fd5__vr1830__eeg1136__row205,3e4a23a8-c0e7-4ce7-ae53-eeaf9f4c0fd5,4.459373474121094,2.904283046722412,1.5550904273986816,outer_fold_3,3e4a23a8-c0e7-4ce7-ae53-eeaf9f4c0fd5__3e4a23a8-c0e7-4ce7-ae53-eeaf9f4c0fd5__vr1830__eeg1136__row205,1,4.459373493975904,1.985481024036062e-08,1.985481024036062e-08
3,3e4a23a8-c0e7-4ce7-ae53-eeaf9f4c0fd5__vr1831__eeg1137__row206,3e4a23a8-c0e7-4ce7-ae53-eeaf9f4c0fd5,3.1390798091888428,3.480236053466797,0.3411562442779541,outer_fold_3,3e4a23a8-c0e7-4ce7-ae53-eeaf9f4c0fd5__3e4a23a8-c0e7-4ce7-ae53-eeaf9f4c0fd5__vr1831__eeg1137__row206,1,3.139079812206573,3.017730065835167e-09,3.017730065835167e-09
3,3e4a23a8-c0e7-4ce7-ae53-eeaf9f4c0fd5__vr1832__eeg1138__row207,3e4a23a8-c0e7-4ce7-ae53-eeaf9f4c0fd5,4.577986240386963,3.9513614177703857,0.6266248226165771,outer_fold_3,3e4a23a8-c0e7-4ce7-ae53-eeaf9f4c0fd5__3e4a23a8-c0e7-4ce7-ae53-eeaf9f4c0fd5__vr1832__eeg1138__row207,1,4.577986455981941,2.155949783144706e-07,2.155949783144706e-07
3,3e4a23a8-c0e7-4ce7-ae53-eeaf9f4c0fd5__vr1833__eeg1139__row208,3e4a23a8-c0e7-4ce7-ae53-eeaf9f4c0fd5,2.640000104904175,2.189948081970215,0.4500520229339599,outer_fold_3,3e4a23a8-c0e7-4ce7-ae53-eeaf9f4c0fd5__3e4a23a8-c0e7-4ce7-ae53-eeaf9f4c0fd5__vr1833__eeg1139__row208,1,2.6399999999999997,-1.0490417512443173e-07,1.0490417512443173e-07
3,3e4a23a8-c0e7-4ce7-ae53-eeaf9f4c0fd5__vr1834__eeg1140__row209,3e4a23a8-c0e7-4ce7-ae53-eeaf9f4c0fd5,3.83032751083374,2.002713680267334,1.8276138305664056,outer_fold_3,3e4a23a8-c0e7-4ce7-ae53-eeaf9f4c0fd5__3e4a23a8-c0e7-4ce7-ae53-eeaf9f4c0fd5__vr1834__eeg1140__row209,1,3.830327455919395,-5.4914344627121636e-08,5.4914344627121636e-08
3,3e4a23a8-c0e7-4ce7-ae53-eeaf9f4c0fd5__vr1835__eeg1141__row210,3e4a23a8-c0e7-4ce7-ae53-eeaf9f4c0fd5,9.47395133972168,10.695518493652344,1.221567153930664,outer_fold_3,3e4a23a8-c0e7-4ce7-ae53-eeaf9f4c0fd5__3e4a23a8-c0e7-4ce7-ae53-eeaf9f4c0fd5__vr1835__eeg1141__row210,1,9.473951219512196,-1.2020948325641712e-07,1.2020948325641712e-07
3,3e4a23a8-c0e7-4ce7-ae53-eeaf9f4c0fd5__vr1836__eeg1142__row211,3e4a23a8-c0e7-4ce7-ae53-eeaf9f4c0fd5,6.259314060211182,2.661569356918335,3.5977447032928467,outer_fold_3,3e4a23a8-c0e7-4ce7-ae53-eeaf9f4c0fd5__3e4a23a8-c0e7-4ce7-ae53-eeaf9f4c0fd5__vr1836__eeg1142__row211,1,6.259314285714286,2.255031041897837e-07,2.255031041897837e-07
3,3e4a23a8-c0e7-4ce7-ae53-eeaf9f4c0fd5__vr1837__eeg1143__row212,3e4a23a8-c0e7-4ce7-ae53-eeaf9f4c0fd5,7.013647079467773,3.9439151287078857,3.0697319507598877,outer_fold_3,3e4a23a8-c0e7-4ce7-ae53-eeaf9f4c0fd5__3e4a23a8-c0e7-4ce7-ae53-eeaf9f4c0fd5__vr1837__eeg1143__row212,1,7.013647058823529,-2.0644244536072165e-08,2.0644244536072165e-08
3,3e4a23a8-c0e7-4ce7-ae53-eeaf9f4c0fd5__vr1838__eeg1144__row213,3e4a23a8-c0e7-4ce7-ae53-eeaf9f4c0fd5,6.739706039428711,5.247674465179443,1.4920315742492676,outer_fold_3,3e4a23a8-c0e7-4ce7-ae53-eeaf9f4c0fd5__3e4a23a8-c0e7-4ce7-ae53-eeaf9f4c0fd5__vr1838__eeg1144__row213,1,6.739706214689266,1.7526055540173502e-07,1.7526055540173502e-07
3,3e4a23a8-c0e7-4ce7-ae53-eeaf9f4c0fd5__vr1839__eeg1145__row214,3e4a23a8-c0e7-4ce7-ae53-eeaf9f4c0fd5,3.8789472579956055,3.295126438140869,0.5838208198547363,outer_fold_3,3e4a23a8-c0e7-4ce7-ae53-eeaf9f4c0fd5__3e4a23a8-c0e7-4ce7-ae53-eeaf9f4c0fd5__vr1839__eeg1145__row214,1,3.878947368421053,1.1042544745265559e-07,1.1042544745265559e-07
3,3e4a23a8-c0e7-4ce7-ae53-eeaf9f4c0fd5__vr1840__eeg1146__row215,3e4a23a8-c0e7-4ce7-ae53-eeaf9f4c0fd5,2.996680736541748,1.1886578798294067,1.8080228567123413,outer_fold_3,3e4a23a8-c0e7-4ce7-ae53-eeaf9f4c0fd5__3e4a23a8-c0e7-4ce7-ae53-eeaf9f4c0fd5__vr1840__eeg1146__row215,1,2.99668085106383,1.1452208203976966e-07,1.1452208203976966e-07
3,3e4a23a8-c0e7-4ce7-ae53-eeaf9f4c0fd5__vr1841__eeg1147__row216,3e4a23a8-c0e7-4ce7-ae53-eeaf9f4c0fd5,2.4990158081054688,1.2459183931350708,1.253097414970398,outer_fold_3,3e4a23a8-c0e7-4ce7-ae53-eeaf9f4c0fd5__3e4a23a8-c0e7-4ce7-ae53-eeaf9f4c0fd5__vr1841__eeg1147__row216,1,2.4990157068062824,-1.0129918637247215e-07,1.0129918637247215e-07
3,3e4a23a8-c0e7-4ce7-ae53-eeaf9f4c0fd5__vr1842__eeg1148__row217,3e4a23a8-c0e7-4ce7-ae53-eeaf9f4c0fd5,7.617553234100342,6.776012897491455,0.8415403366088867,outer_fold_3,3e4a23a8-c0e7-4ce7-ae53-eeaf9f4c0fd5__3e4a23a8-c0e7-4ce7-ae53-eeaf9f4c0fd5__vr1842__eeg1148__row217,1,7.617553398058253,1.639579112477918e-07,1.639579112477918e-07
3,3e4a23a8-c0e7-4ce7-ae53-eeaf9f4c0fd5__vr1843__eeg1149__row218,3e4a23a8-c0e7-4ce7-ae53-eeaf9f4c0fd5,2.5606632232666016,2.5491714477539062,0.0114917755126953,outer_fold_3,3e4a23a8-c0e7-4ce7-ae53-eeaf9f4c0fd5__3e4a23a8-c0e7-4ce7-ae53-eeaf9f4c0fd5__vr1843__eeg1149__row218,1,2.560663212435233,-1.0831368690844556e-08,1.0831368690844556e-08
3,3e4a23a8-c0e7-4ce7-ae53-eeaf9f4c0fd5__vr1844__eeg1150__row219,3e4a23a8-c0e7-4ce7-ae53-eeaf9f4c0fd5,3.044800043106079,3.9240026473999023,0.8792026042938232,outer_fold_3,3e4a23a8-c0e7-4ce7-ae53-eeaf9f4c0fd5__3e4a23a8-c0e7-4ce7-ae53-eeaf9f4c0fd5__vr1844__eeg1150__row219,1,3.0448,-4.310607915058995e-08,4.310607915058995e-08
3,3e4a23a8-c0e7-4ce7-ae53-eeaf9f4c0fd5__vr1845__eeg1151__row220,3e4a23a8-c0e7-4ce7-ae53-eeaf9f4c0fd5,4.4991865158081055,2.8114328384399414,1.687753677368164,outer_fold_3,3e4a23a8-c0e7-4ce7-ae53-eeaf9f4c0fd5__3e4a23a8-c0e7-4ce7-ae53-eeaf9f4c0fd5__vr1845__eeg1151__row220,1,4.499186440677966,-7.513013944304703e-08,7.513013944304703e-08
3,3e4a23a8-c0e7-4ce7-ae53-eeaf9f4c0fd5__vr1846__eeg1152__row221,3e4a23a8-c0e7-4ce7-ae53-eeaf9f4c0fd5,12.061427116394045,9.967987060546877,2.093440055847168,outer_fold_3,3e4a23a8-c0e7-4ce7-ae53-eeaf9f4c0fd5__3e4a23a8-c0e7-4ce7-ae53-eeaf9f4c0fd5__vr1846__eeg1152__row221,1,12.061427312775333,1.9638128812005107e-07,1.9638128812005107e-07
3,3e4a23a8-c0e7-4ce7-ae53-eeaf9f4c0fd5__vr1847__eeg1153__row222,3e4a23a8-c0e7-4ce7-ae53-eeaf9f4c0fd5,7.118048667907715,5.48732852935791,1.630720138549805,outer_fold_3,3e4a23a8-c0e7-4ce7-ae53-eeaf9f4c0fd5__3e4a23a8-c0e7-4ce7-ae53-eeaf9f4c0fd5__vr1847__eeg1153__row222,1,7.118048780487805,1.1258009013914716e-07,1.1258009013914716e-07
3,3e4a23a8-c0e7-4ce7-ae53-eeaf9f4c0fd5__vr1848__eeg1154__row223,3e4a23a8-c0e7-4ce7-ae53-eeaf9f4c0fd5,4.080175399780273,2.9402685165405273,1.139906883239746,outer_fold_3,3e4a23a8-c0e7-4ce7-ae53-eeaf9f4c0fd5__3e4a23a8-c0e7-4ce7-ae53-eeaf9f4c0fd5__vr1848__eeg1154__row223,1,4.080175502742231,1.0296195718240142e-07,1.0296195718240142e-07
3,3e4a23a8-c0e7-4ce7-ae53-eeaf9f4c0fd5__vr1849__eeg1155__row224,3e4a23a8-c0e7-4ce7-ae53-eeaf9f4c0fd5,10.492193222045898,7.053788661956787,3.4384045600891113,outer_fold_3,3e4a23a8-c0e7-4ce7-ae53-eeaf9f4c0fd5__3e4a23a8-c0e7-4ce7-ae53-eeaf9f4c0fd5__vr1849__eeg1155__row224,1,10.492193684210529,4.621646301217197e-07,4.621646301217197e-07
3,3e4a23a8-c0e7-4ce7-ae53-eeaf9f4c0fd5__vr1850__eeg1156__row225,3e4a23a8-c0e7-4ce7-ae53-eeaf9f4c0fd5,10.27590560913086,3.890319585800171,6.3855860233306885,outer_fold_3,3e4a23a8-c0e7-4ce7-ae53-eeaf9f4c0fd5__3e4a23a8-c0e7-4ce7-ae53-eeaf9f4c0fd5__vr1850__eeg1156__row225,1,10.275905511811024,-9.731983574567948e-08,9.731983574567948e-08
3,3e4a23a8-c0e7-4ce7-ae53-eeaf9f4c0fd5__vr1851__eeg1157__row226,3e4a23a8-c0e7-4ce7-ae53-eeaf9f4c0fd5,6.524374961853027,2.551413059234619,3.972961902618408,outer_fold_3,3e4a23a8-c0e7-4ce7-ae53-eeaf9f4c0fd5__3e4a23a8-c0e7-4ce7-ae53-eeaf9f4c0fd5__vr1851__eeg1157__row226,1,6.524375,3.814697269177714e-08,3.814697269177714e-08
3,3e4a23a8-c0e7-4ce7-ae53-eeaf9f4c0fd5__vr1852__eeg1158__row227,3e4a23a8-c0e7-4ce7-ae53-eeaf9f4c0fd5,9.88234043121338,4.446139335632324,5.4362010955810565,outer_fold_3,3e4a23a8-c0e7-4ce7-ae53-eeaf9f4c0fd5__3e4a23a8-c0e7-4ce7-ae53-eeaf9f4c0fd5__vr1852__eeg1158__row227,1,9.882340136054422,-2.9515895860754426e-07,2.9515895860754426e-07
3,3e4a23a8-c0e7-4ce7-ae53-eeaf9f4c0fd5__vr1853__eeg1159__row228,3e4a23a8-c0e7-4ce7-ae53-eeaf9f4c0fd5,6.132561206817627,4.9263691902160645,1.2061920166015625,outer_fold_3,3e4a23a8-c0e7-4ce7-ae53-eeaf9f4c0fd5__3e4a23a8-c0e7-4ce7-ae53-eeaf9f4c0fd5__vr1853__eeg1159__row228,1,6.132561247216036,4.0398409062447627e-08,4.0398409062447627e-08
3,3e4a23a8-c0e7-4ce7-ae53-eeaf9f4c0fd5__vr1854__eeg1160__row229,3e4a23a8-c0e7-4ce7-ae53-eeaf9f4c0fd5,6.493249416351318,3.312678813934326,3.180570602416992,outer_fold_3,3e4a23a8-c0e7-4ce7-ae53-eeaf9f4c0fd5__3e4a23a8-c0e7-4ce7-ae53-eeaf9f4c0fd5__vr1854__eeg1160__row229,1,6.493249394673123,-2.1678195238905573e-08,2.1678195238905573e-08
3,3e4a23a8-c0e7-4ce7-ae53-eeaf9f4c0fd5__vr1855__eeg1161__row230,3e4a23a8-c0e7-4ce7-ae53-eeaf9f4c0fd5,5.5957207679748535,3.923593282699585,1.6721274852752686,outer_fold_3,3e4a23a8-c0e7-4ce7-ae53-eeaf9f4c0fd5__3e4a23a8-c0e7-4ce7-ae53-eeaf9f4c0fd5__vr1855__eeg1161__row230,1,5.595720613287904,-1.5468694947173844e-07,1.5468694947173844e-07
3,3e4a23a8-c0e7-4ce7-ae53-eeaf9f4c0fd5__vr1856__eeg1162__row231,3e4a23a8-c0e7-4ce7-ae53-eeaf9f4c0fd5,2.5477774143218994,1.2407983541488647,1.306979060173035,outer_fold_3,3e4a23a8-c0e7-4ce7-ae53-eeaf9f4c0fd5__3e4a23a8-c0e7-4ce7-ae53-eeaf9f4c0fd5__vr1856__eeg1162__row231,1,2.547777351247601,-6.307429822882682e-08,6.307429822882682e-08
3,3e4a23a8-c0e7-4ce7-ae53-eeaf9f4c0fd5__vr1857__eeg1163__row232,3e4a23a8-c0e7-4ce7-ae53-eeaf9f4c0fd5,7.674029350280762,6.100118637084961,1.5739107131958008,outer_fold_3,3e4a23a8-c0e7-4ce7-ae53-eeaf9f4c0fd5__3e4a23a8-c0e7-4ce7-ae53-eeaf9f4c0fd5__vr1857__eeg1163__row232,1,7.674029268292682,-8.198807943671227e-08,8.198807943671227e-08
3,3e4a23a8-c0e7-4ce7-ae53-eeaf9f4c0fd5__vr1858__eeg1164__row233,3e4a23a8-c0e7-4ce7-ae53-eeaf9f4c0fd5,8.847686767578125,3.774481058120727,5.0732057094573975,outer_fold_3,3e4a23a8-c0e7-4ce7-ae53-eeaf9f4c0fd5__3e4a23a8-c0e7-4ce7-ae53-eeaf9f4c0fd5__vr1858__eeg1164__row233,1,8.84768715083799,3.832598647335317e-07,3.832598647335317e-07
3,3e4a23a8-c0e7-4ce7-ae53-eeaf9f4c0fd5__vr1859__eeg1165__row234,3e4a23a8-c0e7-4ce7-ae53-eeaf9f4c0fd5,6.369472503662109,6.176502704620361,0.192969799041748,outer_fold_3,3e4a23a8-c0e7-4ce7-ae53-eeaf9f4c0fd5__3e4a23a8-c0e7-4ce7-ae53-eeaf9f4c0fd5__vr1859__eeg1165__row234,1,6.369472392638037,-1.1102407260210612e-07,1.1102407260210612e-07
3,3e4a23a8-c0e7-4ce7-ae53-eeaf9f4c0fd5__vr1860__eeg1166__row235,3e4a23a8-c0e7-4ce7-ae53-eeaf9f4c0fd5,8.469624519348145,4.983068466186523,3.486556053161621,outer_fold_3,3e4a23a8-c0e7-4ce7-ae53-eeaf9f4c0fd5__3e4a23a8-c0e7-4ce7-ae53-eeaf9f4c0fd5__vr1860__eeg1166__row235,1,8.46962457337884,5.403069458509435e-08,5.403069458509435e-08
3,3e4a23a8-c0e7-4ce7-ae53-eeaf9f4c0fd5__vr1861__eeg1167__row236,3e4a23a8-c0e7-4ce7-ae53-eeaf9f4c0fd5,6.436661720275879,5.82356595993042,0.613095760345459,outer_fold_3,3e4a23a8-c0e7-4ce7-ae53-eeaf9f4c0fd5__3e4a23a8-c0e7-4ce7-ae53-eeaf9f4c0fd5__vr1861__eeg1167__row236,1,6.436661870503598,1.5022771915340627e-07,1.5022771915340627e-07
3,3e4a23a8-c0e7-4ce7-ae53-eeaf9f4c0fd5__vr1862__eeg1168__row237,3e4a23a8-c0e7-4ce7-ae53-eeaf9f4c0fd5,6.342558860778809,6.974982738494873,0.6324238777160645,outer_fold_3,3e4a23a8-c0e7-4ce7-ae53-eeaf9f4c0fd5__3e4a23a8-c0e7-4ce7-ae53-eeaf9f4c0fd5__vr1862__eeg1168__row237,1,6.34255900621118,1.4543237103481488e-07,1.4543237103481488e-07
3,3e4a23a8-c0e7-4ce7-ae53-eeaf9f4c0fd5__vr1863__eeg1169__row238,3e4a23a8-c0e7-4ce7-ae53-eeaf9f4c0fd5,2.5488193035125732,1.7415934801101685,0.8072258234024048,outer_fold_3,3e4a23a8-c0e7-4ce7-ae53-eeaf9f4c0fd5__3e4a23a8-c0e7-4ce7-ae53-eeaf9f4c0fd5__vr1863__eeg1169__row238,1,2.5488192771084335,-2.6404139763513967e-08,2.6404139763513967e-08
3,3e4a23a8-c0e7-4ce7-ae53-eeaf9f4c0fd5__vr1864__eeg1170__row239,3e4a23a8-c0e7-4ce7-ae53-eeaf9f4c0fd5,5.130220413208008,4.929924964904785,0.2002954483032226,outer_fold_3,3e4a23a8-c0e7-4ce7-ae53-eeaf9f4c0fd5__3e4a23a8-c0e7-4ce7-ae53-eeaf9f4c0fd5__vr1864__eeg1170__row239,1,5.130220408163265,-5.044742401594249e-09,5.044742401594249e-09
3,3e4a23a8-c0e7-4ce7-ae53-eeaf9f4c0fd5__vr1865__eeg1171__row240,3e4a23a8-c0e7-4ce7-ae53-eeaf9f4c0fd5,4.25059700012207,2.887758255004883,1.3628387451171875,outer_fold_3,3e4a23a8-c0e7-4ce7-ae53-eeaf9f4c0fd5__3e4a23a8-c0e7-4ce7-ae53-eeaf9f4c0fd5__vr1865__eeg1171__row240,1,4.250597014925374,1.4803303471921936e-08,1.4803303471921936e-08
3,3e4a23a8-c0e7-4ce7-ae53-eeaf9f4c0fd5__vr1866__eeg1172__row241,3e4a23a8-c0e7-4ce7-ae53-eeaf9f4c0fd5,4.551211357116699,3.452878713607788,1.0983326435089111,outer_fold_3,3e4a23a8-c0e7-4ce7-ae53-eeaf9f4c0fd5__3e4a23a8-c0e7-4ce7-ae53-eeaf9f4c0fd5__vr1866__eeg1172__row241,1,4.551211267605634,-8.951106522658847e-08,8.951106522658847e-08
3,3e4a23a8-c0e7-4ce7-ae53-eeaf9f4c0fd5__vr1867__eeg1173__row242,3e4a23a8-c0e7-4ce7-ae53-eeaf9f4c0fd5,6.858666896820068,5.276218414306641,1.5824484825134275,outer_fold_3,3e4a23a8-c0e7-4ce7-ae53-eeaf9f4c0fd5__3e4a23a8-c0e7-4ce7-ae53-eeaf9f4c0fd5__vr1867__eeg1173__row242,1,6.858666666666666,-2.3015340211429702e-07,2.3015340211429702e-07
3,3e4a23a8-c0e7-4ce7-ae53-eeaf9f4c0fd5__vr1868__eeg1174__row243,3e4a23a8-c0e7-4ce7-ae53-eeaf9f4c0fd5,3.9823174476623535,4.721123218536377,0.7388057708740234,outer_fold_3,3e4a23a8-c0e7-4ce7-ae53-eeaf9f4c0fd5__3e4a23a8-c0e7-4ce7-ae53-eeaf9f4c0fd5__vr1868__eeg1174__row243,1,3.982317525773196,7.811084268283253e-08,7.811084268283253e-08
3,3e4a23a8-c0e7-4ce7-ae53-eeaf9f4c0fd5__vr1869__eeg1175__row244,3e4a23a8-c0e7-4ce7-ae53-eeaf9f4c0fd5,3.1212923526763916,1.7846471071243286,1.336645245552063,outer_fold_3,3e4a23a8-c0e7-4ce7-ae53-eeaf9f4c0fd5__3e4a23a8-c0e7-4ce7-ae53-eeaf9f4c0fd5__vr1869__eeg1175__row244,1,3.1212923076923076,-4.498408401332199e-08,4.498408401332199e-08
3,3e4a23a8-c0e7-4ce7-ae53-eeaf9f4c0fd5__vr1870__eeg1176__row245,3e4a23a8-c0e7-4ce7-ae53-eeaf9f4c0fd5,9.23629665374756,8.765012741088867,0.4712839126586932,outer_fold_3,3e4a23a8-c0e7-4ce7-ae53-eeaf9f4c0fd5__3e4a23a8-c0e7-4ce7-ae53-eeaf9f4c0fd5__vr1870__eeg1176__row245,1,9.236296593186372,-6.056118806441191e-08,6.056118806441191e-08
3,52c3627d-635c-44b0-8eca-f1a6c372019d__vr52__eeg50__row247,52c3627d-635c-44b0-8eca-f1a6c372019d,3.76116156578064,4.204004287719727,0.4428427219390864,outer_fold_3,52c3627d-635c-44b0-8eca-f1a6c372019d__52c3627d-635c-44b0-8eca-f1a6c372019d__vr52__eeg50__row247,2,3.761161524500907,-4.1279732965193716e-08,4.1279732965193716e-08
3,52c3627d-635c-44b0-8eca-f1a6c372019d__vr54__eeg52__row249,52c3627d-635c-44b0-8eca-f1a6c372019d,3.911678552627563,4.875096797943115,0.9634182453155522,outer_fold_3,52c3627d-635c-44b0-8eca-f1a6c372019d__52c3627d-635c-44b0-8eca-f1a6c372019d__vr54__eeg52__row249,2,3.9116785714285713,1.8801008305757705e-08,1.8801008305757705e-08
3,52c3627d-635c-44b0-8eca-f1a6c372019d__vr55__eeg53__row250,52c3627d-635c-44b0-8eca-f1a6c372019d,5.851516246795654,3.9552741050720215,1.8962421417236328,outer_fold_3,52c3627d-635c-44b0-8eca-f1a6c372019d__52c3627d-635c-44b0-8eca-f1a6c372019d__vr55__eeg53__row250,2,5.851516483516484,2.367208296050194e-07,2.367208296050194e-07
3,52c3627d-635c-44b0-8eca-f1a6c372019d__vr56__eeg54__row251,52c3627d-635c-44b0-8eca-f1a6c372019d,5.309010982513428,4.1768975257873535,1.1321134567260742,outer_fold_3,52c3627d-635c-44b0-8eca-f1a6c372019d__52c3627d-635c-44b0-8eca-f1a6c372019d__vr56__eeg54__row251,2,5.3090109890109884,6.497560711693495e-09,6.497560711693495e-09
3,52c3627d-635c-44b0-8eca-f1a6c372019d__vr57__eeg55__row252,52c3627d-635c-44b0-8eca-f1a6c372019d,7.583644390106201,7.791396141052246,0.2077517509460449,outer_fold_3,52c3627d-635c-44b0-8eca-f1a6c372019d__52c3627d-635c-44b0-8eca-f1a6c372019d__vr57__eeg55__row252,2,7.583644444444444,5.4338243238305495e-08,5.4338243238305495e-08
3,52c3627d-635c-44b0-8eca-f1a6c372019d__vr58__eeg56__row253,52c3627d-635c-44b0-8eca-f1a6c372019d,13.678750991821287,12.140634536743164,1.5381164550781232,outer_fold_3,52c3627d-635c-44b0-8eca-f1a6c372019d__52c3627d-635c-44b0-8eca-f1a6c372019d__vr58__eeg56__row253,2,13.678750542299348,-4.4952193967162657e-07,4.4952193967162657e-07
3,52c3627d-635c-44b0-8eca-f1a6c372019d__vr59__eeg57__row254,52c3627d-635c-44b0-8eca-f1a6c372019d,14.948195457458496,13.484800338745115,1.463395118713381,outer_fold_3,52c3627d-635c-44b0-8eca-f1a6c372019d__52c3627d-635c-44b0-8eca-f1a6c372019d__vr59__eeg57__row254,2,14.94819512195122,-3.355072752952992e-07,3.355072752952992e-07
3,52c3627d-635c-44b0-8eca-f1a6c372019d__vr60__eeg58__row255,52c3627d-635c-44b0-8eca-f1a6c372019d,14.84723949432373,12.582927703857422,2.2643117904663086,outer_fold_3,52c3627d-635c-44b0-8eca-f1a6c372019d__52c3627d-635c-44b0-8eca-f1a6c372019d__vr60__eeg58__row255,2,14.847239543726236,4.94025051978042e-08,4.94025051978042e-08
3,52c3627d-635c-44b0-8eca-f1a6c372019d__vr61__eeg59__row256,52c3627d-635c-44b0-8eca-f1a6c372019d,15.623098373413086,14.12855339050293,1.4945449829101562,outer_fold_3,52c3627d-635c-44b0-8eca-f1a6c372019d__52c3627d-635c-44b0-8eca-f1a6c372019d__vr61__eeg59__row256,2,15.623098591549295,2.1813620953992086e-07,2.1813620953992086e-07
3,52c3627d-635c-44b0-8eca-f1a6c372019d__vr62__eeg60__row257,52c3627d-635c-44b0-8eca-f1a6c372019d,6.895119667053223,9.778167724609377,2.883048057556154,outer_fold_3,52c3627d-635c-44b0-8eca-f1a6c372019d__52c3627d-635c-44b0-8eca-f1a6c372019d__vr62__eeg60__row257,2,6.895119842829077,1.7577585431638454e-07,1.7577585431638454e-07
3,52c3627d-635c-44b0-8eca-f1a6c372019d__vr63__eeg62__row258,52c3627d-635c-44b0-8eca-f1a6c372019d,9.9015531539917,11.81947135925293,1.9179182052612305,outer_fold_3,52c3627d-635c-44b0-8eca-f1a6c372019d__52c3627d-635c-44b0-8eca-f1a6c372019d__vr63__eeg62__row258,2,9.90155294117647,-2.1281522855076673e-07,2.1281522855076673e-07
3,52c3627d-635c-44b0-8eca-f1a6c372019d__vr65__eeg64__row260,52c3627d-635c-44b0-8eca-f1a6c372019d,6.0122551918029785,7.449304580688477,1.437049388885498,outer_fold_3,52c3627d-635c-44b0-8eca-f1a6c372019d__52c3627d-635c-44b0-8eca-f1a6c372019d__vr65__eeg64__row260,2,6.012255319148937,1.2734595866703557e-07,1.2734595866703557e-07
3,52c3627d-635c-44b0-8eca-f1a6c372019d__vr66__eeg65__row261,52c3627d-635c-44b0-8eca-f1a6c372019d,4.675793647766113,4.668966770172119,0.0068268775939941,outer_fold_3,52c3627d-635c-44b0-8eca-f1a6c372019d__52c3627d-635c-44b0-8eca-f1a6c372019d__vr66__eeg65__row261,2,4.675793814432989,1.6666687585598083e-07,1.6666687585598083e-07
3,52c3627d-635c-44b0-8eca-f1a6c372019d__vr67__eeg66__row262,52c3627d-635c-44b0-8eca-f1a6c372019d,6.162478923797607,5.943909645080566,0.218569278717041,outer_fold_3,52c3627d-635c-44b0-8eca-f1a6c372019d__52c3627d-635c-44b0-8eca-f1a6c372019d__vr67__eeg66__row262,2,6.1624788732394356,-5.0558171871273316e-08,5.0558171871273316e-08
3,52c3627d-635c-44b0-8eca-f1a6c372019d__vr68__eeg67__row263,52c3627d-635c-44b0-8eca-f1a6c372019d,2.5114920139312744,3.155832290649414,0.6443402767181396,outer_fold_3,52c3627d-635c-44b0-8eca-f1a6c372019d__52c3627d-635c-44b0-8eca-f1a6c372019d__vr68__eeg67__row263,2,2.5114920634920637,4.95607892503358e-08,4.95607892503358e-08
3,52c3627d-635c-44b0-8eca-f1a6c372019d__vr69__eeg68__row264,52c3627d-635c-44b0-8eca-f1a6c372019d,9.82421588897705,8.255365371704102,1.5688505172729492,outer_fold_3,52c3627d-635c-44b0-8eca-f1a6c372019d__52c3627d-635c-44b0-8eca-f1a6c372019d__vr69__eeg68__row264,2,9.82421563342318,-2.555538713977512e-07,2.555538713977512e-07
3,52c3627d-635c-44b0-8eca-f1a6c372019d__vr70__eeg69__row265,52c3627d-635c-44b0-8eca-f1a6c372019d,6.500377178192139,8.116462707519531,1.6160855293273926,outer_fold_3,52c3627d-635c-44b0-8eca-f1a6c372019d__52c3627d-635c-44b0-8eca-f1a6c372019d__vr70__eeg69__row265,2,6.500377358490567,1.802984286314313e-07,1.802984286314313e-07
3,52c3627d-635c-44b0-8eca-f1a6c372019d__vr71__eeg70__row266,52c3627d-635c-44b0-8eca-f1a6c372019d,14.853503227233888,14.89247226715088,0.0389690399169921,outer_fold_3,52c3627d-635c-44b0-8eca-f1a6c372019d__52c3627d-635c-44b0-8eca-f1a6c372019d__vr71__eeg70__row266,2,14.853503184713375,-4.252051333253348e-08,4.252051333253348e-08
3,52c3627d-635c-44b0-8eca-f1a6c372019d__vr72__eeg71__row267,52c3627d-635c-44b0-8eca-f1a6c372019d,2.427711248397827,3.0284512042999268,0.6007399559020996,outer_fold_3,52c3627d-635c-44b0-8eca-f1a6c372019d__52c3627d-635c-44b0-8eca-f1a6c372019d__vr72__eeg71__row267,2,2.427711340206186,9.180835869315729e-08,9.180835869315729e-08
3,52c3627d-635c-44b0-8eca-f1a6c372019d__vr73__eeg72__row268,52c3627d-635c-44b0-8eca-f1a6c372019d,6.833391189575195,8.275731086730957,1.4423398971557615,outer_fold_3,52c3627d-635c-44b0-8eca-f1a6c372019d__52c3627d-635c-44b0-8eca-f1a6c372019d__vr73__eeg72__row268,2,6.833391304347827,1.1477263139880733e-07,1.1477263139880733e-07
3,52c3627d-635c-44b0-8eca-f1a6c372019d__vr74__eeg73__row269,52c3627d-635c-44b0-8eca-f1a6c372019d,9.002654075622559,9.011579513549805,0.008925437927246,outer_fold_3,52c3627d-635c-44b0-8eca-f1a6c372019d__52c3627d-635c-44b0-8eca-f1a6c372019d__vr74__eeg73__row269,2,9.002653846153846,-2.2946871247597755e-07,2.2946871247597755e-07
3,52c3627d-635c-44b0-8eca-f1a6c372019d__vr75__eeg74__row270,52c3627d-635c-44b0-8eca-f1a6c372019d,10.88266658782959,13.971052169799805,3.088385581970215,outer_fold_3,52c3627d-635c-44b0-8eca-f1a6c372019d__52c3627d-635c-44b0-8eca-f1a6c372019d__vr75__eeg74__row270,2,10.882666666666664,7.8837073758109e-08,7.8837073758109e-08
3,52c3627d-635c-44b0-8eca-f1a6c372019d__vr76__eeg75__row271,52c3627d-635c-44b0-8eca-f1a6c372019d,7.055686950683594,8.64981460571289,1.5941276550292969,outer_fold_3,52c3627d-635c-44b0-8eca-f1a6c372019d__52c3627d-635c-44b0-8eca-f1a6c372019d__vr76__eeg75__row271,2,7.05568695652174,5.838145966663433e-09,5.838145966663433e-09
3,52c3627d-635c-44b0-8eca-f1a6c372019d__vr77__eeg76__row272,52c3627d-635c-44b0-8eca-f1a6c372019d,8.079719543457031,7.40880012512207,0.6709194183349609,outer_fold_3,52c3627d-635c-44b0-8eca-f1a6c372019d__52c3627d-635c-44b0-8eca-f1a6c372019d__vr77__eeg76__row272,2,8.07972,4.56542968763074e-07,4.56542968763074e-07
3,52c3627d-635c-44b0-8eca-f1a6c372019d__vr78__eeg77__row273,52c3627d-635c-44b0-8eca-f1a6c372019d,7.129210948944092,7.720763206481934,0.5915522575378418,outer_fold_3,52c3627d-635c-44b0-8eca-f1a6c372019d__52c3627d-635c-44b0-8eca-f1a6c372019d__vr78__eeg77__row273,2,7.1292110091743135,6.023022169898695e-08,6.023022169898695e-08
3,52c3627d-635c-44b0-8eca-f1a6c372019d__vr79__eeg78__row274,52c3627d-635c-44b0-8eca-f1a6c372019d,4.0894856452941895,2.9919347763061523,1.097550868988037,outer_fold_3,52c3627d-635c-44b0-8eca-f1a6c372019d__52c3627d-635c-44b0-8eca-f1a6c372019d__vr79__eeg78__row274,2,4.089485714285715,6.89915253815343e-08,6.89915253815343e-08
3,52c3627d-635c-44b0-8eca-f1a6c372019d__vr80__eeg79__row275,52c3627d-635c-44b0-8eca-f1a6c372019d,10.695356369018556,8.643057823181152,2.052298545837404,outer_fold_3,52c3627d-635c-44b0-8eca-f1a6c372019d__52c3627d-635c-44b0-8eca-f1a6c372019d__vr80__eeg79__row275,2,10.69535593220339,-4.3681516714855206e-07,4.3681516714855206e-07
3,52c3627d-635c-44b0-8eca-f1a6c372019d__vr81__eeg80__row276,52c3627d-635c-44b0-8eca-f1a6c372019d,3.0535144805908203,4.518826961517334,1.4653124809265137,outer_fold_3,52c3627d-635c-44b0-8eca-f1a6c372019d__52c3627d-635c-44b0-8eca-f1a6c372019d__vr81__eeg80__row276,2,3.053514563106796,8.25159758299776e-08,8.25159758299776e-08
3,52c3627d-635c-44b0-8eca-f1a6c372019d__vr82__eeg81__row277,52c3627d-635c-44b0-8eca-f1a6c372019d,4.797224998474121,4.4329023361206055,0.3643226623535156,outer_fold_3,52c3627d-635c-44b0-8eca-f1a6c372019d__52c3627d-635c-44b0-8eca-f1a6c372019d__vr82__eeg81__row277,2,4.797224839400428,-1.5907369288470363e-07,1.5907369288470363e-07
3,52c3627d-635c-44b0-8eca-f1a6c372019d__vr83__eeg82__row278,52c3627d-635c-44b0-8eca-f1a6c372019d,4.84374475479126,11.238525390625,6.39478063583374,outer_fold_3,52c3627d-635c-44b0-8eca-f1a6c372019d__52c3627d-635c-44b0-8eca-f1a6c372019d__vr83__eeg82__row278,2,4.8437446808510645,-7.394019529982643e-08,7.394019529982643e-08
3,52c3627d-635c-44b0-8eca-f1a6c372019d__vr84__eeg83__row279,52c3627d-635c-44b0-8eca-f1a6c372019d,2.964622259140014,5.881784915924072,2.917162656784058,outer_fold_3,52c3627d-635c-44b0-8eca-f1a6c372019d__52c3627d-635c-44b0-8eca-f1a6c372019d__vr84__eeg83__row279,2,2.9646222222222223,-3.6917791934598654e-08,3.6917791934598654e-08
3,52c3627d-635c-44b0-8eca-f1a6c372019d__vr85__eeg84__row280,52c3627d-635c-44b0-8eca-f1a6c372019d,2.4338200092315674,2.973520278930664,0.5397002696990967,outer_fold_3,52c3627d-635c-44b0-8eca-f1a6c372019d__52c3627d-635c-44b0-8eca-f1a6c372019d__vr85__eeg84__row280,2,2.4338200339558576,2.4724290170752283e-08,2.4724290170752283e-08
3,52c3627d-635c-44b0-8eca-f1a6c372019d__vr86__eeg85__row281,52c3627d-635c-44b0-8eca-f1a6c372019d,7.95559549331665,11.564061164855955,3.608465671539305,outer_fold_3,52c3627d-635c-44b0-8eca-f1a6c372019d__52c3627d-635c-44b0-8eca-f1a6c372019d__vr86__eeg85__row281,2,7.9555955056179775,1.2301327068087176e-08,1.2301327068087176e-08
3,52c3627d-635c-44b0-8eca-f1a6c372019d__vr87__eeg86__row282,52c3627d-635c-44b0-8eca-f1a6c372019d,5.352081775665283,7.141000270843506,1.7889184951782229,outer_fold_3,52c3627d-635c-44b0-8eca-f1a6c372019d__52c3627d-635c-44b0-8eca-f1a6c372019d__vr87__eeg86__row282,2,5.352081911262798,1.3559751455005653e-07,1.3559751455005653e-07
3,52c3627d-635c-44b0-8eca-f1a6c372019d__vr88__eeg87__row283,52c3627d-635c-44b0-8eca-f1a6c372019d,3.6423749923706055,3.804951906204224,0.1625769138336186,outer_fold_3,52c3627d-635c-44b0-8eca-f1a6c372019d__52c3627d-635c-44b0-8eca-f1a6c372019d__vr88__eeg87__row283,2,3.642375,7.629394449537585e-09,7.629394449537585e-09
3,52c3627d-635c-44b0-8eca-f1a6c372019d__vr89__eeg88__row284,52c3627d-635c-44b0-8eca-f1a6c372019d,5.774937152862549,3.709446907043457,2.065490245819092,outer_fold_3,52c3627d-635c-44b0-8eca-f1a6c372019d__52c3627d-635c-44b0-8eca-f1a6c372019d__vr89__eeg88__row284,2,5.774937381404175,2.2854162651242405e-07,2.2854162651242405e-07
3,52c3627d-635c-44b0-8eca-f1a6c372019d__vr90__eeg89__row285,52c3627d-635c-44b0-8eca-f1a6c372019d,2.442486047744751,3.9497437477111816,1.5072576999664309,outer_fold_3,52c3627d-635c-44b0-8eca-f1a6c372019d__52c3627d-635c-44b0-8eca-f1a6c372019d__vr90__eeg89__row285,2,2.442486008836525,-3.8908225974410016e-08,3.8908225974410016e-08
3,52c3627d-635c-44b0-8eca-f1a6c372019d__vr91__eeg90__row286,52c3627d-635c-44b0-8eca-f1a6c372019d,3.7854270935058594,5.144654750823975,1.3592276573181152,outer_fold_3,52c3627d-635c-44b0-8eca-f1a6c372019d__52c3627d-635c-44b0-8eca-f1a6c372019d__vr91__eeg90__row286,2,3.785427027027027,-6.647883221688744e-08,6.647883221688744e-08
3,52c3627d-635c-44b0-8eca-f1a6c372019d__vr92__eeg91__row287,52c3627d-635c-44b0-8eca-f1a6c372019d,6.966992378234863,5.262643337249756,1.7043490409851074,outer_fold_3,52c3627d-635c-44b0-8eca-f1a6c372019d__52c3627d-635c-44b0-8eca-f1a6c372019d__vr92__eeg91__row287,2,6.966992592592592,2.1435772890043836e-07,2.1435772890043836e-07
3,52c3627d-635c-44b0-8eca-f1a6c372019d__vr93__eeg92__row288,52c3627d-635c-44b0-8eca-f1a6c372019d,11.880000114440918,13.232488632202148,1.3524885177612305,outer_fold_3,52c3627d-635c-44b0-8eca-f1a6c372019d__52c3627d-635c-44b0-8eca-f1a6c372019d__vr93__eeg92__row288,2,11.880000000000004,-1.1444091363443931e-07,1.1444091363443931e-07
3,52c3627d-635c-44b0-8eca-f1a6c372019d__vr94__eeg93__row289,52c3627d-635c-44b0-8eca-f1a6c372019d,12.285785675048828,8.907159805297852,3.378625869750977,outer_fold_3,52c3627d-635c-44b0-8eca-f1a6c372019d__52c3627d-635c-44b0-8eca-f1a6c372019d__vr94__eeg93__row289,2,12.285785831960462,1.5691163390840757e-07,1.5691163390840757e-07
3,84a32360-b241-415e-9626-55dddd442162__vr10__eeg10__row314,84a32360-b241-415e-9626-55dddd442162,8.38607406616211,2.6021323204040527,5.783941745758057,outer_fold_3,84a32360-b241-415e-9626-55dddd442162__84a32360-b241-415e-9626-55dddd442162__vr10__eeg10__row314,1,8.386074074074074,7.911964416962292e-09,7.911964416962292e-09
3,84a32360-b241-415e-9626-55dddd442162__vr11__eeg11__row315,84a32360-b241-415e-9626-55dddd442162,3.6289522647857666,3.277331829071045,0.3516204357147217,outer_fold_3,84a32360-b241-415e-9626-55dddd442162__84a32360-b241-415e-9626-55dddd442162__vr11__eeg11__row315,1,3.628952380952381,1.161666145499396e-07,1.161666145499396e-07
3,84a32360-b241-415e-9626-55dddd442162__vr12__eeg12__row316,84a32360-b241-415e-9626-55dddd442162,4.225959300994873,5.245611667633057,1.0196523666381836,outer_fold_3,84a32360-b241-415e-9626-55dddd442162__84a32360-b241-415e-9626-55dddd442162__vr12__eeg12__row316,1,4.225959183673469,-1.1732140414721925e-07,1.1732140414721925e-07
3,84a32360-b241-415e-9626-55dddd442162__vr13__eeg13__row317,84a32360-b241-415e-9626-55dddd442162,6.748180866241455,3.953052759170532,2.7951281070709233,outer_fold_3,84a32360-b241-415e-9626-55dddd442162__84a32360-b241-415e-9626-55dddd442162__vr13__eeg13__row317,1,6.74818064516129,-2.2108016484168047e-07,2.2108016484168047e-07
3,84a32360-b241-415e-9626-55dddd442162__vr15__eeg14__row318,84a32360-b241-415e-9626-55dddd442162,3.288757085800171,3.186530590057373,0.1022264957427978,outer_fold_3,84a32360-b241-415e-9626-55dddd442162__84a32360-b241-415e-9626-55dddd442162__vr15__eeg14__row318,1,3.288757097791798,1.199162724674352e-08,1.199162724674352e-08
3,84a32360-b241-415e-9626-55dddd442162__vr16__eeg15__row319,84a32360-b241-415e-9626-55dddd442162,4.274791717529297,3.765524387359619,0.5092673301696777,outer_fold_3,84a32360-b241-415e-9626-55dddd442162__84a32360-b241-415e-9626-55dddd442162__vr16__eeg15__row319,1,4.274791946308724,2.2877942740251456e-07,2.2877942740251456e-07
3,84a32360-b241-415e-9626-55dddd442162__vr17__eeg16__row320,84a32360-b241-415e-9626-55dddd442162,12.220778465270996,10.75216007232666,1.468618392944336,outer_fold_3,84a32360-b241-415e-9626-55dddd442162__84a32360-b241-415e-9626-55dddd442162__vr17__eeg16__row320,1,12.220778523489932,5.821893545032708e-08,5.821893545032708e-08
3,84a32360-b241-415e-9626-55dddd442162__vr18__eeg17__row321,84a32360-b241-415e-9626-55dddd442162,4.379759788513184,3.524286985397339,0.8554728031158447,outer_fold_3,84a32360-b241-415e-9626-55dddd442162__84a32360-b241-415e-9626-55dddd442162__vr18__eeg17__row321,1,4.37976,2.1148681650373646e-07,2.1148681650373646e-07
3,84a32360-b241-415e-9626-55dddd442162__vr19__eeg18__row322,84a32360-b241-415e-9626-55dddd442162,4.0839409828186035,4.076971530914307,0.0069694519042968,outer_fold_3,84a32360-b241-415e-9626-55dddd442162__84a32360-b241-415e-9626-55dddd442162__vr19__eeg18__row322,1,4.083941052631579,6.981297584474078e-08,6.981297584474078e-08
3,84a32360-b241-415e-9626-55dddd442162__vr1__eeg1__row305,84a32360-b241-415e-9626-55dddd442162,10.996214866638184,11.183009147644045,0.1867942810058611,outer_fold_3,84a32360-b241-415e-9626-55dddd442162__84a32360-b241-415e-9626-55dddd442162__vr1__eeg1__row305,1,10.99621505376344,1.8712525573505445e-07,1.8712525573505445e-07
3,84a32360-b241-415e-9626-55dddd442162__vr21__eeg20__row324,84a32360-b241-415e-9626-55dddd442162,3.611884832382202,2.9555256366729736,0.6563591957092285,outer_fold_3,84a32360-b241-415e-9626-55dddd442162__84a32360-b241-415e-9626-55dddd442162__vr21__eeg20__row324,1,3.6118848368522074,4.470005254830767e-09,4.470005254830767e-09
3,84a32360-b241-415e-9626-55dddd442162__vr22__eeg21__row325,84a32360-b241-415e-9626-55dddd442162,7.817599773406982,6.710348606109619,1.1072511672973633,outer_fold_3,84a32360-b241-415e-9626-55dddd442162__84a32360-b241-415e-9626-55dddd442162__vr22__eeg21__row325,1,7.8176,2.2659301723848557e-07,2.2659301723848557e-07
3,84a32360-b241-415e-9626-55dddd442162__vr23__eeg22__row326,84a32360-b241-415e-9626-55dddd442162,13.683182716369627,10.823604583740234,2.8595781326293928,outer_fold_3,84a32360-b241-415e-9626-55dddd442162__84a32360-b241-415e-9626-55dddd442162__vr23__eeg22__row326,1,13.68318302387268,3.075030523547184e-07,3.075030523547184e-07
3,84a32360-b241-415e-9626-55dddd442162__vr24__eeg23__row327,84a32360-b241-415e-9626-55dddd442162,6.78373384475708,5.976304531097412,0.807429313659668,outer_fold_3,84a32360-b241-415e-9626-55dddd442162__84a32360-b241-415e-9626-55dddd442162__vr24__eeg23__row327,1,6.783733966745843,1.219887630909966e-07,1.219887630909966e-07
3,84a32360-b241-415e-9626-55dddd442162__vr25__eeg24__row328,84a32360-b241-415e-9626-55dddd442162,2.0029735565185547,2.7354702949523926,0.7324967384338379,outer_fold_3,84a32360-b241-415e-9626-55dddd442162__84a32360-b241-415e-9626-55dddd442162__vr25__eeg24__row328,1,2.0029734513274335,-1.051911211469303e-07,1.051911211469303e-07
3,84a32360-b241-415e-9626-55dddd442162__vr26__eeg25__row329,84a32360-b241-415e-9626-55dddd442162,6.916301727294922,5.930612087249756,0.985689640045166,outer_fold_3,84a32360-b241-415e-9626-55dddd442162__84a32360-b241-415e-9626-55dddd442162__vr26__eeg25__row329,1,6.9163018867924535,1.5949753162658453e-07,1.5949753162658453e-07
3,84a32360-b241-415e-9626-55dddd442162__vr27__eeg26__row330,84a32360-b241-415e-9626-55dddd442162,5.699929714202881,4.180323123931885,1.519606590270996,outer_fold_3,84a32360-b241-415e-9626-55dddd442162__84a32360-b241-415e-9626-55dddd442162__vr27__eeg26__row330,1,5.699929824561403,1.1035852232055277e-07,1.1035852232055277e-07
3,84a32360-b241-415e-9626-55dddd442162__vr28__eeg27__row331,84a32360-b241-415e-9626-55dddd442162,3.2360174655914307,2.885324239730835,0.3506932258605957,outer_fold_3,84a32360-b241-415e-9626-55dddd442162__84a32360-b241-415e-9626-55dddd442162__vr28__eeg27__row331,1,3.2360174672489084,1.6574777106370675e-09,1.6574777106370675e-09
3,84a32360-b241-415e-9626-55dddd442162__vr29__eeg28__row332,84a32360-b241-415e-9626-55dddd442162,5.72776460647583,4.398171901702881,1.3295927047729492,outer_fold_3,84a32360-b241-415e-9626-55dddd442162__84a32360-b241-415e-9626-55dddd442162__vr29__eeg28__row332,1,5.727764705882353,9.940652301310138e-08,9.940652301310138e-08
3,84a32360-b241-415e-9626-55dddd442162__vr2__eeg2__row306,84a32360-b241-415e-9626-55dddd442162,2.838127613067627,2.7916159629821777,0.0465116500854492,outer_fold_3,84a32360-b241-415e-9626-55dddd442162__84a32360-b241-415e-9626-55dddd442162__vr2__eeg2__row306,1,2.838127659574468,4.65068410449021e-08,4.65068410449021e-08
3,84a32360-b241-415e-9626-55dddd442162__vr30__eeg29__row333,84a32360-b241-415e-9626-55dddd442162,3.3299496173858643,2.5945441722869873,0.735405445098877,outer_fold_3,84a32360-b241-415e-9626-55dddd442162__84a32360-b241-415e-9626-55dddd442162__vr30__eeg29__row333,1,3.3299495798319327,-3.7553931520051265e-08,3.7553931520051265e-08
3,84a32360-b241-415e-9626-55dddd442162__vr3__eeg3__row307,84a32360-b241-415e-9626-55dddd442162,15.747224807739258,11.697104454040527,4.0501203536987305,outer_fold_3,84a32360-b241-415e-9626-55dddd442162__84a32360-b241-415e-9626-55dddd442162__vr3__eeg3__row307,1,15.747224806201553,-1.5377050743836662e-09,1.5377050743836662e-09
3,84a32360-b241-415e-9626-55dddd442162__vr4__eeg4__row308,84a32360-b241-415e-9626-55dddd442162,5.731180191040039,3.1568450927734375,2.5743350982666016,outer_fold_3,84a32360-b241-415e-9626-55dddd442162__84a32360-b241-415e-9626-55dddd442162__vr4__eeg4__row308,1,5.731180327868852,1.368288131686768e-07,1.368288131686768e-07
3,84a32360-b241-415e-9626-55dddd442162__vr5__eeg5__row309,84a32360-b241-415e-9626-55dddd442162,6.0002899169921875,5.949731826782227,0.0505580902099609,outer_fold_3,84a32360-b241-415e-9626-55dddd442162__84a32360-b241-415e-9626-55dddd442162__vr5__eeg5__row309,1,6.000289738430583,-1.785616046134919e-07,1.785616046134919e-07
3,84a32360-b241-415e-9626-55dddd442162__vr6__eeg6__row310,84a32360-b241-415e-9626-55dddd442162,3.8831803798675537,3.26377272605896,0.6194076538085938,outer_fold_3,84a32360-b241-415e-9626-55dddd442162__84a32360-b241-415e-9626-55dddd442162__vr6__eeg6__row310,1,3.883180327868853,-5.199870090066838e-08,5.199870090066838e-08
3,84a32360-b241-415e-9626-55dddd442162__vr7__eeg7__row311,84a32360-b241-415e-9626-55dddd442162,7.369500160217285,5.6759233474731445,1.6935768127441406,outer_fold_3,84a32360-b241-415e-9626-55dddd442162__84a32360-b241-415e-9626-55dddd442162__vr7__eeg7__row311,1,7.3695,-1.6021728477255692e-07,1.6021728477255692e-07
3,84a32360-b241-415e-9626-55dddd442162__vr8__eeg8__row312,84a32360-b241-415e-9626-55dddd442162,6.4404706954956055,3.556434631347656,2.8840360641479497,outer_fold_3,84a32360-b241-415e-9626-55dddd442162__84a32360-b241-415e-9626-55dddd442162__vr8__eeg8__row312,1,6.440470588235295,-1.0726031085539489e-07,1.0726031085539489e-07
3,84a32360-b241-415e-9626-55dddd442162__vr9__eeg9__row313,84a32360-b241-415e-9626-55dddd442162,3.781411647796631,4.486321926116943,0.7049102783203125,outer_fold_3,84a32360-b241-415e-9626-55dddd442162__84a32360-b241-415e-9626-55dddd442162__vr9__eeg9__row313,1,3.7814117647058825,1.1690925161289556e-07,1.1690925161289556e-07
4,396f53e6-e4aa-4d49-861d-5cab0e380592__vr2054__eeg1229__row96,396f53e6-e4aa-4d49-861d-5cab0e380592,5.718794345855713,7.094799041748047,1.376004695892334,outer_fold_4,396f53e6-e4aa-4d49-861d-5cab0e380592__396f53e6-e4aa-4d49-861d-5cab0e380592__vr2054__eeg1229__row96,2,5.718794520547945,1.746922322354294e-07,1.746922322354294e-07
4,396f53e6-e4aa-4d49-861d-5cab0e380592__vr2055__eeg1230__row97,396f53e6-e4aa-4d49-861d-5cab0e380592,5.200503349304199,5.84847354888916,0.6479701995849609,outer_fold_4,396f53e6-e4aa-4d49-861d-5cab0e380592__396f53e6-e4aa-4d49-861d-5cab0e380592__vr2055__eeg1230__row97,2,5.200503370786517,2.1482318146581747e-08,2.1482318146581747e-08
4,396f53e6-e4aa-4d49-861d-5cab0e380592__vr2056__eeg1231__row98,396f53e6-e4aa-4d49-861d-5cab0e380592,5.362578392028809,4.715328693389893,0.647249698638916,outer_fold_4,396f53e6-e4aa-4d49-861d-5cab0e380592__396f53e6-e4aa-4d49-861d-5cab0e380592__vr2056__eeg1231__row98,2,5.362578199052132,-1.9297667641637872e-07,1.9297667641637872e-07
4,396f53e6-e4aa-4d49-861d-5cab0e380592__vr2057__eeg1232__row99,396f53e6-e4aa-4d49-861d-5cab0e380592,3.9968512058258057,4.199803829193115,0.2029526233673095,outer_fold_4,396f53e6-e4aa-4d49-861d-5cab0e380592__396f53e6-e4aa-4d49-861d-5cab0e380592__vr2057__eeg1232__row99,2,3.996851258581235,5.27554293583421e-08,5.27554293583421e-08
4,396f53e6-e4aa-4d49-861d-5cab0e380592__vr2058__eeg1233__row100,396f53e6-e4aa-4d49-861d-5cab0e380592,6.2787861824035645,3.752392292022705,2.5263938903808594,outer_fold_4,396f53e6-e4aa-4d49-861d-5cab0e380592__396f53e6-e4aa-4d49-861d-5cab0e380592__vr2058__eeg1233__row100,2,6.278786377708979,1.953054145076294e-07,1.953054145076294e-07
4,396f53e6-e4aa-4d49-861d-5cab0e380592__vr2059__eeg1234__row101,396f53e6-e4aa-4d49-861d-5cab0e380592,4.443120002746582,3.205599069595337,1.2375209331512451,outer_fold_4,396f53e6-e4aa-4d49-861d-5cab0e380592__396f53e6-e4aa-4d49-861d-5cab0e380592__vr2059__eeg1234__row101,2,4.44312,-2.7465816287985945e-09,2.7465816287985945e-09
4,396f53e6-e4aa-4d49-861d-5cab0e380592__vr2060__eeg1235__row102,396f53e6-e4aa-4d49-861d-5cab0e380592,3.3038899898529053,3.01780104637146,0.2860889434814453,outer_fold_4,396f53e6-e4aa-4d49-861d-5cab0e380592__396f53e6-e4aa-4d49-861d-5cab0e380592__vr2060__eeg1235__row102,2,3.3038899803536346,-9.499270703372531e-09,9.499270703372531e-09
4,396f53e6-e4aa-4d49-861d-5cab0e380592__vr2061__eeg1236__row103,396f53e6-e4aa-4d49-861d-5cab0e380592,4.540800094604492,4.26490592956543,0.2758941650390625,outer_fold_4,396f53e6-e4aa-4d49-861d-5cab0e380592__396f53e6-e4aa-4d49-861d-5cab0e380592__vr2061__eeg1236__row103,2,4.5408,-9.460449224008016e-08,9.460449224008016e-08
4,396f53e6-e4aa-4d49-861d-5cab0e380592__vr2062__eeg1237__row104,396f53e6-e4aa-4d49-861d-5cab0e380592,4.815066814422607,3.1670072078704834,1.648059606552124,outer_fold_4,396f53e6-e4aa-4d49-861d-5cab0e380592__396f53e6-e4aa-4d49-861d-5cab0e380592__vr2062__eeg1237__row104,2,4.815066666666667,-1.4775594081584131e-07,1.4775594081584131e-07
4,396f53e6-e4aa-4d49-861d-5cab0e380592__vr2063__eeg1238__row105,396f53e6-e4aa-4d49-861d-5cab0e380592,5.54763650894165,3.955755710601806,1.5918807983398442,outer_fold_4,396f53e6-e4aa-4d49-861d-5cab0e380592__396f53e6-e4aa-4d49-861d-5cab0e380592__vr2063__eeg1238__row105,2,5.5476363636363635,-1.453052869138105e-07,1.453052869138105e-07
4,396f53e6-e4aa-4d49-861d-5cab0e380592__vr2064__eeg1239__row106,396f53e6-e4aa-4d49-861d-5cab0e380592,7.076974868774414,5.472341537475586,1.604633331298828,outer_fold_4,396f53e6-e4aa-4d49-861d-5cab0e380592__396f53e6-e4aa-4d49-861d-5cab0e380592__vr2064__eeg1239__row106,2,7.076974789915966,-7.885844777177908e-08,7.885844777177908e-08
4,396f53e6-e4aa-4d49-861d-5cab0e380592__vr2065__eeg1240__row107,396f53e6-e4aa-4d49-861d-5cab0e380592,3.6356570720672607,2.8415000438690186,0.7941570281982422,outer_fold_4,396f53e6-e4aa-4d49-861d-5cab0e380592__396f53e6-e4aa-4d49-861d-5cab0e380592__vr2065__eeg1240__row107,2,3.6356571428571423,7.07898815122121e-08,7.07898815122121e-08
4,396f53e6-e4aa-4d49-861d-5cab0e380592__vr2066__eeg1242__row108,396f53e6-e4aa-4d49-861d-5cab0e380592,3.9536538124084473,3.389463424682617,0.5641903877258301,outer_fold_4,396f53e6-e4aa-4d49-861d-5cab0e380592__396f53e6-e4aa-4d49-861d-5cab0e380592__vr2066__eeg1242__row108,2,3.953653846153846,3.3745398919649006e-08,3.3745398919649006e-08
4,396f53e6-e4aa-4d49-861d-5cab0e380592__vr2067__eeg1243__row109,396f53e6-e4aa-4d49-861d-5cab0e380592,2.253054141998291,2.0407440662384033,0.2123100757598877,outer_fold_4,396f53e6-e4aa-4d49-861d-5cab0e380592__396f53e6-e4aa-4d49-861d-5cab0e380592__vr2067__eeg1243__row109,2,2.2530541516245486,9.626257568839947e-09,9.626257568839947e-09
4,396f53e6-e4aa-4d49-861d-5cab0e380592__vr2068__eeg1244__row110,396f53e6-e4aa-4d49-861d-5cab0e380592,5.00170373916626,5.361660003662109,0.3599562644958496,outer_fold_4,396f53e6-e4aa-4d49-861d-5cab0e380592__396f53e6-e4aa-4d49-861d-5cab0e380592__vr2068__eeg1244__row110,2,5.001703971119134,2.3195287379706997e-07,2.3195287379706997e-07
4,396f53e6-e4aa-4d49-861d-5cab0e380592__vr2069__eeg1245__row111,396f53e6-e4aa-4d49-861d-5cab0e380592,3.9639570713043217,3.530720472335815,0.4332365989685067,outer_fold_4,396f53e6-e4aa-4d49-861d-5cab0e380592__396f53e6-e4aa-4d49-861d-5cab0e380592__vr2069__eeg1245__row111,2,3.963957173447538,1.0214321610746424e-07,1.0214321610746424e-07
4,396f53e6-e4aa-4d49-861d-5cab0e380592__vr2070__eeg1246__row112,396f53e6-e4aa-4d49-861d-5cab0e380592,5.479082107543945,4.2801361083984375,1.1989459991455078,outer_fold_4,396f53e6-e4aa-4d49-861d-5cab0e380592__396f53e6-e4aa-4d49-861d-5cab0e380592__vr2070__eeg1246__row112,2,5.479081967213115,-1.4033083051145923e-07,1.4033083051145923e-07
4,396f53e6-e4aa-4d49-861d-5cab0e380592__vr2071__eeg1247__row113,396f53e6-e4aa-4d49-861d-5cab0e380592,4.859846591949463,4.614763259887695,0.2450833320617675,outer_fold_4,396f53e6-e4aa-4d49-861d-5cab0e380592__396f53e6-e4aa-4d49-861d-5cab0e380592__vr2071__eeg1247__row113,2,4.859846808510638,2.165611752147356e-07,2.165611752147356e-07
4,396f53e6-e4aa-4d49-861d-5cab0e380592__vr2072__eeg1248__row114,396f53e6-e4aa-4d49-861d-5cab0e380592,3.320761203765869,3.4724667072296143,0.1517055034637451,outer_fold_4,396f53e6-e4aa-4d49-861d-5cab0e380592__396f53e6-e4aa-4d49-861d-5cab0e380592__vr2072__eeg1248__row114,2,3.3207611650485434,-3.871732578986098e-08,3.871732578986098e-08
4,396f53e6-e4aa-4d49-861d-5cab0e380592__vr2073__eeg1249__row115,396f53e6-e4aa-4d49-861d-5cab0e380592,2.024846076965332,2.2365200519561768,0.2116739749908447,outer_fold_4,396f53e6-e4aa-4d49-861d-5cab0e380592__396f53e6-e4aa-4d49-861d-5cab0e380592__vr2073__eeg1249__row115,2,2.0248461538461537,7.688082170886901e-08,7.688082170886901e-08
4,396f53e6-e4aa-4d49-861d-5cab0e380592__vr2074__eeg1250__row116,396f53e6-e4aa-4d49-861d-5cab0e380592,5.991121292114258,5.788729190826416,0.2023921012878418,outer_fold_4,396f53e6-e4aa-4d49-861d-5cab0e380592__396f53e6-e4aa-4d49-861d-5cab0e380592__vr2074__eeg1250__row116,2,5.991121387283237,9.51689793637911e-08,9.51689793637911e-08
4,396f53e6-e4aa-4d49-861d-5cab0e380592__vr2075__eeg1251__row117,396f53e6-e4aa-4d49-861d-5cab0e380592,4.312926292419434,4.342312812805176,0.0293865203857421,outer_fold_4,396f53e6-e4aa-4d49-861d-5cab0e380592__396f53e6-e4aa-4d49-861d-5cab0e380592__vr2075__eeg1251__row117,2,4.312926315789474,2.3370040125314517e-08,2.3370040125314517e-08
4,396f53e6-e4aa-4d49-861d-5cab0e380592__vr2076__eeg1252__row118,396f53e6-e4aa-4d49-861d-5cab0e380592,4.753007411956787,5.244301795959473,0.4912943840026855,outer_fold_4,396f53e6-e4aa-4d49-861d-5cab0e380592__396f53e6-e4aa-4d49-861d-5cab0e380592__vr2076__eeg1252__row118,2,4.753007633587786,2.2163099888672377e-07,2.2163099888672377e-07
4,396f53e6-e4aa-4d49-861d-5cab0e380592__vr2077__eeg1253__row119,396f53e6-e4aa-4d49-861d-5cab0e380592,3.0313096046447754,3.326685667037964,0.2953760623931885,outer_fold_4,396f53e6-e4aa-4d49-861d-5cab0e380592__396f53e6-e4aa-4d49-861d-5cab0e380592__vr2077__eeg1253__row119,2,3.031309644670051,4.002527553836899e-08,4.002527553836899e-08
4,396f53e6-e4aa-4d49-861d-5cab0e380592__vr2078__eeg1254__row120,396f53e6-e4aa-4d49-861d-5cab0e380592,2.61564564704895,2.573931932449341,0.0417137145996093,outer_fold_4,396f53e6-e4aa-4d49-861d-5cab0e380592__396f53e6-e4aa-4d49-861d-5cab0e380592__vr2078__eeg1254__row120,2,2.6156457564575644,1.0940861416841585e-07,1.0940861416841585e-07
4,396f53e6-e4aa-4d49-861d-5cab0e380592__vr2079__eeg1255__row121,396f53e6-e4aa-4d49-861d-5cab0e380592,3.2650256156921387,2.7197177410125732,0.5453078746795654,outer_fold_4,396f53e6-e4aa-4d49-861d-5cab0e380592__396f53e6-e4aa-4d49-861d-5cab0e380592__vr2079__eeg1255__row121,2,3.2650256410256406,2.5333501962876426e-08,2.5333501962876426e-08
4,396f53e6-e4aa-4d49-861d-5cab0e380592__vr2080__eeg1256__row122,396f53e6-e4aa-4d49-861d-5cab0e380592,5.18302059173584,4.886024475097656,0.2969961166381836,outer_fold_4,396f53e6-e4aa-4d49-861d-5cab0e380592__396f53e6-e4aa-4d49-861d-5cab0e380592__vr2080__eeg1256__row122,2,5.183020408163265,-1.8357257491885548e-07,1.8357257491885548e-07
4,396f53e6-e4aa-4d49-861d-5cab0e380592__vr2081__eeg1257__row123,396f53e6-e4aa-4d49-861d-5cab0e380592,3.9416263103485103,4.990699768066406,1.049073457717896,outer_fold_4,396f53e6-e4aa-4d49-861d-5cab0e380592__396f53e6-e4aa-4d49-861d-5cab0e380592__vr2081__eeg1257__row123,2,3.941626373626373,6.327786250537315e-08,6.327786250537315e-08
4,396f53e6-e4aa-4d49-861d-5cab0e380592__vr2082__eeg1258__row124,396f53e6-e4aa-4d49-861d-5cab0e380592,3.75931715965271,3.6326465606689458,0.1266705989837642,outer_fold_4,396f53e6-e4aa-4d49-861d-5cab0e380592__396f53e6-e4aa-4d49-861d-5cab0e380592__vr2082__eeg1258__row124,2,3.759317073170732,-8.64819780233006e-08,8.64819780233006e-08
4,396f53e6-e4aa-4d49-861d-5cab0e380592__vr2083__eeg1259__row125,396f53e6-e4aa-4d49-861d-5cab0e380592,4.6502556800842285,3.84836220741272,0.8018934726715083,outer_fold_4,396f53e6-e4aa-4d49-861d-5cab0e380592__396f53e6-e4aa-4d49-861d-5cab0e380592__vr2083__eeg1259__row125,2,4.650255578093306,-1.0199092237428431e-07,1.0199092237428431e-07
4,396f53e6-e4aa-4d49-861d-5cab0e380592__vr2084__eeg1260__row126,396f53e6-e4aa-4d49-861d-5cab0e380592,5.318871021270752,4.667730331420898,0.6511406898498535,outer_fold_4,396f53e6-e4aa-4d49-861d-5cab0e380592__396f53e6-e4aa-4d49-861d-5cab0e380592__vr2084__eeg1260__row126,2,5.318871165644171,1.4437341899764533e-07,1.4437341899764533e-07
4,396f53e6-e4aa-4d49-861d-5cab0e380592__vr2085__eeg1261__row127,396f53e6-e4aa-4d49-861d-5cab0e380592,5.494229316711426,4.698383331298828,0.7958459854125977,outer_fold_4,396f53e6-e4aa-4d49-861d-5cab0e380592__396f53e6-e4aa-4d49-861d-5cab0e380592__vr2085__eeg1261__row127,2,5.494229508196721,1.9148529517565294e-07,1.9148529517565294e-07
4,396f53e6-e4aa-4d49-861d-5cab0e380592__vr2086__eeg1262__row128,396f53e6-e4aa-4d49-861d-5cab0e380592,3.5257976055145264,2.8806426525115967,0.6451549530029297,outer_fold_4,396f53e6-e4aa-4d49-861d-5cab0e380592__396f53e6-e4aa-4d49-861d-5cab0e380592__vr2086__eeg1262__row128,2,3.5257976470588237,4.154429733560505e-08,4.154429733560505e-08
4,396f53e6-e4aa-4d49-861d-5cab0e380592__vr2087__eeg1263__row129,396f53e6-e4aa-4d49-861d-5cab0e380592,4.794110298156738,4.384356498718262,0.4097537994384765,outer_fold_4,396f53e6-e4aa-4d49-861d-5cab0e380592__396f53e6-e4aa-4d49-861d-5cab0e380592__vr2087__eeg1263__row129,2,4.794110429447852,1.3129111398058058e-07,1.3129111398058058e-07
4,396f53e6-e4aa-4d49-861d-5cab0e380592__vr2088__eeg1264__row130,396f53e6-e4aa-4d49-861d-5cab0e380592,2.0711798667907715,2.595733880996704,0.5245540142059326,outer_fold_4,396f53e6-e4aa-4d49-861d-5cab0e380592__396f53e6-e4aa-4d49-861d-5cab0e380592__vr2088__eeg1264__row130,2,2.071179831932773,-3.485799826563607e-08,3.485799826563607e-08
4,396f53e6-e4aa-4d49-861d-5cab0e380592__vr2089__eeg1265__row131,396f53e6-e4aa-4d49-861d-5cab0e380592,4.442166805267334,4.802746295928955,0.3605794906616211,outer_fold_4,396f53e6-e4aa-4d49-861d-5cab0e380592__396f53e6-e4aa-4d49-861d-5cab0e380592__vr2089__eeg1265__row131,2,4.442166666666667,-1.3860066694348916e-07,1.3860066694348916e-07
4,396f53e6-e4aa-4d49-861d-5cab0e380592__vr2090__eeg1266__row132,396f53e6-e4aa-4d49-861d-5cab0e380592,4.138524532318115,4.527286529541016,0.3887619972229004,outer_fold_4,396f53e6-e4aa-4d49-861d-5cab0e380592__396f53e6-e4aa-4d49-861d-5cab0e380592__vr2090__eeg1266__row132,2,4.138524590163934,5.7845818801638416e-08,5.7845818801638416e-08
4,396f53e6-e4aa-4d49-861d-5cab0e380592__vr2091__eeg1267__row133,396f53e6-e4aa-4d49-861d-5cab0e380592,3.4983742237091064,3.865859270095825,0.3674850463867187,outer_fold_4,396f53e6-e4aa-4d49-861d-5cab0e380592__396f53e6-e4aa-4d49-861d-5cab0e380592__vr2091__eeg1267__row133,2,3.4983742911153115,6.740620506207051e-08,6.740620506207051e-08
4,396f53e6-e4aa-4d49-861d-5cab0e380592__vr2092__eeg1268__row134,396f53e6-e4aa-4d49-861d-5cab0e380592,3.8968796730041504,4.548966407775879,0.6520867347717285,outer_fold_4,396f53e6-e4aa-4d49-861d-5cab0e380592__396f53e6-e4aa-4d49-861d-5cab0e380592__vr2092__eeg1268__row134,2,3.8968795811518326,-9.185231775177272e-08,9.185231775177272e-08
4,396f53e6-e4aa-4d49-861d-5cab0e380592__vr2093__eeg1269__row135,396f53e6-e4aa-4d49-861d-5cab0e380592,10.219409942626951,14.728548049926758,4.5091381072998065,outer_fold_4,396f53e6-e4aa-4d49-861d-5cab0e380592__396f53e6-e4aa-4d49-861d-5cab0e380592__vr2093__eeg1269__row135,2,10.219410048622365,1.059954133353358e-07,1.059954133353358e-07
4,396f53e6-e4aa-4d49-861d-5cab0e380592__vr2094__eeg1270__row136,396f53e6-e4aa-4d49-861d-5cab0e380592,7.165714263916016,7.55803918838501,0.3923249244689941,outer_fold_4,396f53e6-e4aa-4d49-861d-5cab0e380592__396f53e6-e4aa-4d49-861d-5cab0e380592__vr2094__eeg1270__row136,2,7.1657142857142855,2.1798269855821673e-08,2.1798269855821673e-08
4,396f53e6-e4aa-4d49-861d-5cab0e380592__vr2095__eeg1271__row137,396f53e6-e4aa-4d49-861d-5cab0e380592,3.0131852626800537,3.2470815181732178,0.233896255493164,outer_fold_4,396f53e6-e4aa-4d49-861d-5cab0e380592__396f53e6-e4aa-4d49-861d-5cab0e380592__vr2095__eeg1271__row137,2,3.013185185185185,-7.749486874431e-08,7.749486874431e-08
4,396f53e6-e4aa-4d49-861d-5cab0e380592__vr2096__eeg1273__row138,396f53e6-e4aa-4d49-861d-5cab0e380592,3.909363031387329,3.88287901878357,0.0264840126037593,outer_fold_4,396f53e6-e4aa-4d49-861d-5cab0e380592__396f53e6-e4aa-4d49-861d-5cab0e380592__vr2096__eeg1273__row138,2,3.90936312849162,9.710429083042982e-08,9.710429083042982e-08
4,396f53e6-e4aa-4d49-861d-5cab0e380592__vr2097__eeg1274__row139,396f53e6-e4aa-4d49-861d-5cab0e380592,6.315927505493164,7.040184020996094,0.7242565155029297,outer_fold_4,396f53e6-e4aa-4d49-861d-5cab0e380592__396f53e6-e4aa-4d49-861d-5cab0e380592__vr2097__eeg1274__row139,2,6.315927272727272,-2.327658918943598e-07,2.327658918943598e-07
4,396f53e6-e4aa-4d49-861d-5cab0e380592__vr2098__eeg1275__row140,396f53e6-e4aa-4d49-861d-5cab0e380592,6.179327011108398,4.277224540710449,1.9021024703979492,outer_fold_4,396f53e6-e4aa-4d49-861d-5cab0e380592__396f53e6-e4aa-4d49-861d-5cab0e380592__vr2098__eeg1275__row140,2,6.1793271028037395,9.169534109787492e-08,9.169534109787492e-08
4,396f53e6-e4aa-4d49-861d-5cab0e380592__vr2099__eeg1276__row141,396f53e6-e4aa-4d49-861d-5cab0e380592,3.281809091567993,3.2844398021698,0.0026307106018066,outer_fold_4,396f53e6-e4aa-4d49-861d-5cab0e380592__396f53e6-e4aa-4d49-861d-5cab0e380592__vr2099__eeg1276__row141,2,3.2818091872791517,9.571115855422363e-08,9.571115855422363e-08
4,396f53e6-e4aa-4d49-861d-5cab0e380592__vr2100__eeg1277__row142,396f53e6-e4aa-4d49-861d-5cab0e380592,3.1189231872558594,3.7156264781951904,0.596703290939331,outer_fold_4,396f53e6-e4aa-4d49-861d-5cab0e380592__396f53e6-e4aa-4d49-861d-5cab0e380592__vr2100__eeg1277__row142,2,3.118923076923077,-1.1033278246586065e-07,1.1033278246586065e-07
4,396f53e6-e4aa-4d49-861d-5cab0e380592__vr2101__eeg1278__row143,396f53e6-e4aa-4d49-861d-5cab0e380592,4.6146063804626465,4.264420509338379,0.3501858711242676,outer_fold_4,396f53e6-e4aa-4d49-861d-5cab0e380592__396f53e6-e4aa-4d49-861d-5cab0e380592__vr2101__eeg1278__row143,2,4.614606451612903,7.115025635329175e-08,7.115025635329175e-08
4,396f53e6-e4aa-4d49-861d-5cab0e380592__vr2102__eeg1279__row144,396f53e6-e4aa-4d49-861d-5cab0e380592,10.985241889953612,9.688261032104492,1.296980857849119,outer_fold_4,396f53e6-e4aa-4d49-861d-5cab0e380592__396f53e6-e4aa-4d49-861d-5cab0e380592__vr2102__eeg1279__row144,2,10.985242236024844,3.460712321157189e-07,3.460712321157189e-07
4,396f53e6-e4aa-4d49-861d-5cab0e380592__vr2103__eeg1280__row145,396f53e6-e4aa-4d49-861d-5cab0e380592,3.3698294162750244,3.927148580551147,0.5573191642761226,outer_fold_4,396f53e6-e4aa-4d49-861d-5cab0e380592__396f53e6-e4aa-4d49-861d-5cab0e380592__vr2103__eeg1280__row145,2,3.369829351535836,-6.47391882324655e-08,6.47391882324655e-08
4,396f53e6-e4aa-4d49-861d-5cab0e380592__vr2104__eeg1281__row146,396f53e6-e4aa-4d49-861d-5cab0e380592,6.192963123321533,7.864766597747803,1.6718034744262695,outer_fold_4,396f53e6-e4aa-4d49-861d-5cab0e380592__396f53e6-e4aa-4d49-861d-5cab0e380592__vr2104__eeg1281__row146,2,6.192963210702342,8.738080836678819e-08,8.738080836678819e-08
4,396f53e6-e4aa-4d49-861d-5cab0e380592__vr2105__eeg1282__row147,396f53e6-e4aa-4d49-861d-5cab0e380592,3.9497900009155273,4.585392475128174,0.6356024742126465,outer_fold_4,396f53e6-e4aa-4d49-861d-5cab0e380592__396f53e6-e4aa-4d49-861d-5cab0e380592__vr2105__eeg1282__row147,2,3.949790055248619,5.4333091803471234e-08,5.4333091803471234e-08
4,396f53e6-e4aa-4d49-861d-5cab0e380592__vr2106__eeg1283__row148,396f53e6-e4aa-4d49-861d-5cab0e380592,4.590579986572266,4.1186442375183105,0.4719357490539551,outer_fold_4,396f53e6-e4aa-4d49-861d-5cab0e380592__396f53e6-e4aa-4d49-861d-5cab0e380592__vr2106__eeg1283__row148,2,4.590579881656805,-1.0491546031943244e-07,1.0491546031943244e-07
4,396f53e6-e4aa-4d49-861d-5cab0e380592__vr2107__eeg1284__row149,396f53e6-e4aa-4d49-861d-5cab0e380592,4.067803859710693,4.457849502563477,0.3900456428527832,outer_fold_4,396f53e6-e4aa-4d49-861d-5cab0e380592__396f53e6-e4aa-4d49-861d-5cab0e380592__vr2107__eeg1284__row149,2,4.0678039927404726,1.33029779192384e-07,1.33029779192384e-07
4,396f53e6-e4aa-4d49-861d-5cab0e380592__vr2108__eeg1285__row150,396f53e6-e4aa-4d49-861d-5cab0e380592,3.1512508392333984,4.151969909667969,1.0007190704345703,outer_fold_4,396f53e6-e4aa-4d49-861d-5cab0e380592__396f53e6-e4aa-4d49-861d-5cab0e380592__vr2108__eeg1285__row150,2,3.151250755287009,-8.394638939535071e-08,8.394638939535071e-08
4,396f53e6-e4aa-4d49-861d-5cab0e380592__vr2109__eeg1286__row151,396f53e6-e4aa-4d49-861d-5cab0e380592,4.298780918121338,5.9310503005981445,1.6322693824768066,outer_fold_4,396f53e6-e4aa-4d49-861d-5cab0e380592__396f53e6-e4aa-4d49-861d-5cab0e380592__vr2109__eeg1286__row151,2,4.2987811158798275,1.977584895840323e-07,1.977584895840323e-07
4,396f53e6-e4aa-4d49-861d-5cab0e380592__vr2110__eeg1287__row152,396f53e6-e4aa-4d49-861d-5cab0e380592,2.162407875061035,1.841866970062256,0.3205409049987791,outer_fold_4,396f53e6-e4aa-4d49-861d-5cab0e380592__396f53e6-e4aa-4d49-861d-5cab0e380592__vr2110__eeg1287__row152,2,2.1624077669902912,-1.080707439093942e-07,1.080707439093942e-07
4,396f53e6-e4aa-4d49-861d-5cab0e380592__vr2111__eeg1288__row153,396f53e6-e4aa-4d49-861d-5cab0e380592,5.228307723999023,6.942707061767578,1.714399337768555,outer_fold_4,396f53e6-e4aa-4d49-861d-5cab0e380592__396f53e6-e4aa-4d49-861d-5cab0e380592__vr2111__eeg1288__row153,2,5.228307692307692,-3.169133133695823e-08,3.169133133695823e-08
4,396f53e6-e4aa-4d49-861d-5cab0e380592__vr2112__eeg1289__row154,396f53e6-e4aa-4d49-861d-5cab0e380592,3.4451494216918945,3.2729830741882324,0.1721663475036621,outer_fold_4,396f53e6-e4aa-4d49-861d-5cab0e380592__396f53e6-e4aa-4d49-861d-5cab0e380592__vr2112__eeg1289__row154,2,3.445149425287356,3.595461262051458e-09,3.595461262051458e-09
4,396f53e6-e4aa-4d49-861d-5cab0e380592__vr2113__eeg1290__row155,396f53e6-e4aa-4d49-861d-5cab0e380592,4.1773600578308105,4.511720657348633,0.3343605995178222,outer_fold_4,396f53e6-e4aa-4d49-861d-5cab0e380592__396f53e6-e4aa-4d49-861d-5cab0e380592__vr2113__eeg1290__row155,2,4.17736,-5.783081036270232e-08,5.783081036270232e-08
4,396f53e6-e4aa-4d49-861d-5cab0e380592__vr2114__eeg1291__row156,396f53e6-e4aa-4d49-861d-5cab0e380592,7.243657112121582,8.656041145324707,1.412384033203125,outer_fold_4,396f53e6-e4aa-4d49-861d-5cab0e380592__396f53e6-e4aa-4d49-861d-5cab0e380592__vr2114__eeg1291__row156,2,7.243657142857143,3.0735560763162084e-08,3.0735560763162084e-08
4,396f53e6-e4aa-4d49-861d-5cab0e380592__vr2115__eeg1292__row157,396f53e6-e4aa-4d49-861d-5cab0e380592,5.254351615905762,6.670965194702148,1.4166135787963867,outer_fold_4,396f53e6-e4aa-4d49-861d-5cab0e380592__396f53e6-e4aa-4d49-861d-5cab0e380592__vr2115__eeg1292__row157,2,5.25435175879397,1.428882079324012e-07,1.428882079324012e-07
4,396f53e6-e4aa-4d49-861d-5cab0e380592__vr2116__eeg1293__row158,396f53e6-e4aa-4d49-861d-5cab0e380592,5.950933456420898,5.99249792098999,0.0415644645690918,outer_fold_4,396f53e6-e4aa-4d49-861d-5cab0e380592__396f53e6-e4aa-4d49-861d-5cab0e380592__vr2116__eeg1293__row158,2,5.950933333333333,-1.2308756502932283e-07,1.2308756502932283e-07
4,396f53e6-e4aa-4d49-861d-5cab0e380592__vr2117__eeg1294__row159,396f53e6-e4aa-4d49-861d-5cab0e380592,3.831929922103882,4.417122840881348,0.5851929187774658,outer_fold_4,396f53e6-e4aa-4d49-861d-5cab0e380592__396f53e6-e4aa-4d49-861d-5cab0e380592__vr2117__eeg1294__row159,2,3.831929947460595,2.535671317360766e-08,2.535671317360766e-08
4,396f53e6-e4aa-4d49-861d-5cab0e380592__vr2118__eeg1295__row160,396f53e6-e4aa-4d49-861d-5cab0e380592,10.278122901916504,10.277670860290527,0.0004520416259765,outer_fold_4,396f53e6-e4aa-4d49-861d-5cab0e380592__396f53e6-e4aa-4d49-861d-5cab0e380592__vr2118__eeg1295__row160,2,10.27812283464567,-6.727083423641034e-08,6.727083423641034e-08
4,74500da8-b16d-48c9-a573-2b507d395bbb__vr117__eeg116__row290,74500da8-b16d-48c9-a573-2b507d395bbb,6.851791858673096,4.846954345703125,2.0048375129699707,outer_fold_4,74500da8-b16d-48c9-a573-2b507d395bbb__74500da8-b16d-48c9-a573-2b507d395bbb__vr117__eeg116__row290,1,6.8517919075144516,4.88413558485945e-08,4.88413558485945e-08
4,74500da8-b16d-48c9-a573-2b507d395bbb__vr118__eeg117__row291,74500da8-b16d-48c9-a573-2b507d395bbb,6.95442533493042,7.484653949737549,0.5302286148071289,outer_fold_4,74500da8-b16d-48c9-a573-2b507d395bbb__74500da8-b16d-48c9-a573-2b507d395bbb__vr118__eeg117__row291,1,6.954425196850393,-1.3808002652382356e-07,1.3808002652382356e-07
4,74500da8-b16d-48c9-a573-2b507d395bbb__vr119__eeg118__row292,74500da8-b16d-48c9-a573-2b507d395bbb,8.39045238494873,5.821650981903076,2.5688014030456543,outer_fold_4,74500da8-b16d-48c9-a573-2b507d395bbb__74500da8-b16d-48c9-a573-2b507d395bbb__vr119__eeg118__row292,1,8.390452316076294,-6.887243664266407e-08,6.887243664266407e-08
4,74500da8-b16d-48c9-a573-2b507d395bbb__vr120__eeg119__row293,74500da8-b16d-48c9-a573-2b507d395bbb,2.823524236679077,2.796227216720581,0.027297019958496,outer_fold_4,74500da8-b16d-48c9-a573-2b507d395bbb__74500da8-b16d-48c9-a573-2b507d395bbb__vr120__eeg119__row293,1,2.8235241635687727,-7.311030447709754e-08,7.311030447709754e-08
4,74500da8-b16d-48c9-a573-2b507d395bbb__vr121__eeg120__row294,74500da8-b16d-48c9-a573-2b507d395bbb,3.97015380859375,3.849334955215454,0.1208188533782959,outer_fold_4,74500da8-b16d-48c9-a573-2b507d395bbb__74500da8-b16d-48c9-a573-2b507d395bbb__vr121__eeg120__row294,1,3.9701538461538464,3.75600963664624e-08,3.75600963664624e-08
4,74500da8-b16d-48c9-a573-2b507d395bbb__vr122__eeg121__row295,74500da8-b16d-48c9-a573-2b507d395bbb,5.31333589553833,4.040402412414551,1.2729334831237793,outer_fold_4,74500da8-b16d-48c9-a573-2b507d395bbb__74500da8-b16d-48c9-a573-2b507d395bbb__vr122__eeg121__row295,1,5.313336048879837,1.5334150660351042e-07,1.5334150660351042e-07
4,74500da8-b16d-48c9-a573-2b507d395bbb__vr123__eeg122__row296,74500da8-b16d-48c9-a573-2b507d395bbb,3.483288288116455,2.0462467670440674,1.4370415210723877,outer_fold_4,74500da8-b16d-48c9-a573-2b507d395bbb__74500da8-b16d-48c9-a573-2b507d395bbb__vr123__eeg122__row296,1,3.483288343558282,5.544182712924339e-08,5.544182712924339e-08
4,74500da8-b16d-48c9-a573-2b507d395bbb__vr124__eeg123__row297,74500da8-b16d-48c9-a573-2b507d395bbb,5.708645343780518,3.520533800125122,2.1881115436553955,outer_fold_4,74500da8-b16d-48c9-a573-2b507d395bbb__74500da8-b16d-48c9-a573-2b507d395bbb__vr124__eeg123__row297,1,5.708645161290323,-1.8249019451133108e-07,1.8249019451133108e-07
4,74500da8-b16d-48c9-a573-2b507d395bbb__vr125__eeg125__row298,74500da8-b16d-48c9-a573-2b507d395bbb,13.310199737548828,14.666571617126465,1.3563718795776367,outer_fold_4,74500da8-b16d-48c9-a573-2b507d395bbb__74500da8-b16d-48c9-a573-2b507d395bbb__vr125__eeg125__row298,1,13.310199637023596,-1.0052523258252677e-07,1.0052523258252677e-07
4,74500da8-b16d-48c9-a573-2b507d395bbb__vr126__eeg126__row299,74500da8-b16d-48c9-a573-2b507d395bbb,7.13531494140625,4.996736526489258,2.138578414916992,outer_fold_4,74500da8-b16d-48c9-a573-2b507d395bbb__74500da8-b16d-48c9-a573-2b507d395bbb__vr126__eeg126__row299,1,7.135314861460957,-7.994529305221931e-08,7.994529305221931e-08
4,74500da8-b16d-48c9-a573-2b507d395bbb__vr127__eeg127__row300,74500da8-b16d-48c9-a573-2b507d395bbb,16.089902877807617,14.521471977233888,1.5684309005737287,outer_fold_4,74500da8-b16d-48c9-a573-2b507d395bbb__74500da8-b16d-48c9-a573-2b507d395bbb__vr127__eeg127__row300,1,16.08990291262136,3.481374122316083e-08,3.481374122316083e-08
4,74500da8-b16d-48c9-a573-2b507d395bbb__vr128__eeg128__row301,74500da8-b16d-48c9-a573-2b507d395bbb,6.432186126708984,7.313223838806152,0.881037712097168,outer_fold_4,74500da8-b16d-48c9-a573-2b507d395bbb__74500da8-b16d-48c9-a573-2b507d395bbb__vr128__eeg128__row301,1,6.432186046511627,-8.019735719955179e-08,8.019735719955179e-08
4,74500da8-b16d-48c9-a573-2b507d395bbb__vr130__eeg130__row303,74500da8-b16d-48c9-a573-2b507d395bbb,3.63163423538208,2.313629150390625,1.318005084991455,outer_fold_4,74500da8-b16d-48c9-a573-2b507d395bbb__74500da8-b16d-48c9-a573-2b507d395bbb__vr130__eeg130__row303,1,3.631634285714285,5.033220507044689e-08,5.033220507044689e-08
4,74500da8-b16d-48c9-a573-2b507d395bbb__vr131__eeg131__row304,74500da8-b16d-48c9-a573-2b507d395bbb,14.374823570251465,15.780783653259276,1.4059600830078107,outer_fold_4,74500da8-b16d-48c9-a573-2b507d395bbb__74500da8-b16d-48c9-a573-2b507d395bbb__vr131__eeg131__row304,1,14.374823956442832,3.861913668856687e-07,3.861913668856687e-07
4,957d4d90-5e33-448f-8662-9a27f6f2b66c__vr2121__eeg1297__row335,957d4d90-5e33-448f-8662-9a27f6f2b66c,6.738430023193359,5.91602897644043,0.8224010467529297,outer_fold_4,957d4d90-5e33-448f-8662-9a27f6f2b66c__957d4d90-5e33-448f-8662-9a27f6f2b66c__vr2121__eeg1297__row335,2,6.7384297994269335,-2.2376642583310513e-07,2.2376642583310513e-07
4,957d4d90-5e33-448f-8662-9a27f6f2b66c__vr2122__eeg1298__row336,957d4d90-5e33-448f-8662-9a27f6f2b66c,7.626527309417725,6.835277557373047,0.7912497520446777,outer_fold_4,957d4d90-5e33-448f-8662-9a27f6f2b66c__957d4d90-5e33-448f-8662-9a27f6f2b66c__vr2122__eeg1298__row336,2,7.6265273159144895,6.496764903829444e-09,6.496764903829444e-09
4,957d4d90-5e33-448f-8662-9a27f6f2b66c__vr2123__eeg1299__row337,957d4d90-5e33-448f-8662-9a27f6f2b66c,4.459626197814941,2.1235477924346924,2.336078405380249,outer_fold_4,957d4d90-5e33-448f-8662-9a27f6f2b66c__957d4d90-5e33-448f-8662-9a27f6f2b66c__vr2123__eeg1299__row337,2,4.459626168224299,-2.959064282492818e-08,2.959064282492818e-08
4,957d4d90-5e33-448f-8662-9a27f6f2b66c__vr2124__eeg1300__row338,957d4d90-5e33-448f-8662-9a27f6f2b66c,7.404247283935547,7.642434120178223,0.2381868362426757,outer_fold_4,957d4d90-5e33-448f-8662-9a27f6f2b66c__957d4d90-5e33-448f-8662-9a27f6f2b66c__vr2124__eeg1300__row338,2,7.404247422680412,1.3874486537446273e-07,1.3874486537446273e-07
4,957d4d90-5e33-448f-8662-9a27f6f2b66c__vr2125__eeg1301__row339,957d4d90-5e33-448f-8662-9a27f6f2b66c,2.623573303222656,2.452844619750977,0.1707286834716788,outer_fold_4,957d4d90-5e33-448f-8662-9a27f6f2b66c__957d4d90-5e33-448f-8662-9a27f6f2b66c__vr2125__eeg1301__row339,2,2.623573333333333,3.011067706282233e-08,3.011067706282233e-08
4,957d4d90-5e33-448f-8662-9a27f6f2b66c__vr2126__eeg1302__row340,957d4d90-5e33-448f-8662-9a27f6f2b66c,3.153761863708496,3.787151575088501,0.6333897113800049,outer_fold_4,957d4d90-5e33-448f-8662-9a27f6f2b66c__957d4d90-5e33-448f-8662-9a27f6f2b66c__vr2126__eeg1302__row340,2,3.153761797752809,-6.595568713407829e-08,6.595568713407829e-08
4,957d4d90-5e33-448f-8662-9a27f6f2b66c__vr2127__eeg1303__row341,957d4d90-5e33-448f-8662-9a27f6f2b66c,3.178476095199585,2.8989081382751465,0.2795679569244385,outer_fold_4,957d4d90-5e33-448f-8662-9a27f6f2b66c__957d4d90-5e33-448f-8662-9a27f6f2b66c__vr2127__eeg1303__row341,2,3.1784761904761902,9.527660527197668e-08,9.527660527197668e-08
4,957d4d90-5e33-448f-8662-9a27f6f2b66c__vr2128__eeg1304__row342,957d4d90-5e33-448f-8662-9a27f6f2b66c,4.618831634521484,4.674444198608398,0.055612564086914,outer_fold_4,957d4d90-5e33-448f-8662-9a27f6f2b66c__957d4d90-5e33-448f-8662-9a27f6f2b66c__vr2128__eeg1304__row342,2,4.618831858407079,2.2388559450803314e-07,2.2388559450803314e-07
4,957d4d90-5e33-448f-8662-9a27f6f2b66c__vr2129__eeg1305__row343,957d4d90-5e33-448f-8662-9a27f6f2b66c,5.68492317199707,6.058382034301758,0.3734588623046875,outer_fold_4,957d4d90-5e33-448f-8662-9a27f6f2b66c__957d4d90-5e33-448f-8662-9a27f6f2b66c__vr2129__eeg1305__row343,2,5.684923076923076,-9.507399401087469e-08,9.507399401087469e-08
4,957d4d90-5e33-448f-8662-9a27f6f2b66c__vr2130__eeg1306__row344,957d4d90-5e33-448f-8662-9a27f6f2b66c,5.222181797027588,5.063145160675049,0.159036636352539,outer_fold_4,957d4d90-5e33-448f-8662-9a27f6f2b66c__957d4d90-5e33-448f-8662-9a27f6f2b66c__vr2130__eeg1306__row344,2,5.222181818181818,2.115423036741504e-08,2.115423036741504e-08
4,957d4d90-5e33-448f-8662-9a27f6f2b66c__vr2131__eeg1307__row345,957d4d90-5e33-448f-8662-9a27f6f2b66c,3.5713157653808594,2.180388927459717,1.3909268379211426,outer_fold_4,957d4d90-5e33-448f-8662-9a27f6f2b66c__957d4d90-5e33-448f-8662-9a27f6f2b66c__vr2131__eeg1307__row345,2,3.571315662650602,-1.0273025718987583e-07,1.0273025718987583e-07
4,957d4d90-5e33-448f-8662-9a27f6f2b66c__vr2132__eeg1308__row346,957d4d90-5e33-448f-8662-9a27f6f2b66c,4.98837947845459,3.6499972343444824,1.3383822441101074,outer_fold_4,957d4d90-5e33-448f-8662-9a27f6f2b66c__957d4d90-5e33-448f-8662-9a27f6f2b66c__vr2132__eeg1308__row346,2,4.988379562043796,8.358920577933304e-08,8.358920577933304e-08
4,957d4d90-5e33-448f-8662-9a27f6f2b66c__vr2133__eeg1309__row347,957d4d90-5e33-448f-8662-9a27f6f2b66c,4.15277099609375,5.092912197113037,0.9401412010192872,outer_fold_4,957d4d90-5e33-448f-8662-9a27f6f2b66c__957d4d90-5e33-448f-8662-9a27f6f2b66c__vr2133__eeg1309__row347,2,4.1527708779443255,-1.1814942446619625e-07,1.1814942446619625e-07
4,957d4d90-5e33-448f-8662-9a27f6f2b66c__vr2134__eeg1310__row348,957d4d90-5e33-448f-8662-9a27f6f2b66c,4.056833744049072,4.290650844573975,0.2338171005249023,outer_fold_4,957d4d90-5e33-448f-8662-9a27f6f2b66c__957d4d90-5e33-448f-8662-9a27f6f2b66c__vr2134__eeg1310__row348,2,4.0568339768339765,2.327849042416119e-07,2.327849042416119e-07
4,957d4d90-5e33-448f-8662-9a27f6f2b66c__vr2135__eeg1311__row349,957d4d90-5e33-448f-8662-9a27f6f2b66c,4.018272399902344,3.5090439319610596,0.5092284679412842,outer_fold_4,957d4d90-5e33-448f-8662-9a27f6f2b66c__957d4d90-5e33-448f-8662-9a27f6f2b66c__vr2135__eeg1311__row349,2,4.01827255278311,1.5288076582464782e-07,1.5288076582464782e-07
4,957d4d90-5e33-448f-8662-9a27f6f2b66c__vr2136__eeg1312__row350,957d4d90-5e33-448f-8662-9a27f6f2b66c,5.405508041381836,5.299647808074951,0.1058602333068847,outer_fold_4,957d4d90-5e33-448f-8662-9a27f6f2b66c__957d4d90-5e33-448f-8662-9a27f6f2b66c__vr2136__eeg1312__row350,2,5.405508196721312,1.5533947639312373e-07,1.5533947639312373e-07
4,957d4d90-5e33-448f-8662-9a27f6f2b66c__vr2137__eeg1313__row351,957d4d90-5e33-448f-8662-9a27f6f2b66c,5.349067211151123,4.567295551300049,0.7817716598510742,outer_fold_4,957d4d90-5e33-448f-8662-9a27f6f2b66c__957d4d90-5e33-448f-8662-9a27f6f2b66c__vr2137__eeg1313__row351,2,5.349067125645439,-8.550568431076044e-08,8.550568431076044e-08
4,957d4d90-5e33-448f-8662-9a27f6f2b66c__vr2138__eeg1315__row352,957d4d90-5e33-448f-8662-9a27f6f2b66c,10.099898338317873,10.69299602508545,0.5930976867675763,outer_fold_4,957d4d90-5e33-448f-8662-9a27f6f2b66c__957d4d90-5e33-448f-8662-9a27f6f2b66c__vr2138__eeg1315__row352,2,10.099898477157362,1.3883948923876233e-07,1.3883948923876233e-07
4,957d4d90-5e33-448f-8662-9a27f6f2b66c__vr2139__eeg1316__row353,957d4d90-5e33-448f-8662-9a27f6f2b66c,5.605875015258789,5.431634902954102,0.1742401123046875,outer_fold_4,957d4d90-5e33-448f-8662-9a27f6f2b66c__957d4d90-5e33-448f-8662-9a27f6f2b66c__vr2139__eeg1316__row353,2,5.605875,-1.525878889907517e-08,1.525878889907517e-08
4,957d4d90-5e33-448f-8662-9a27f6f2b66c__vr2140__eeg1317__row354,957d4d90-5e33-448f-8662-9a27f6f2b66c,4.052325248718262,3.933699131011963,0.1186261177062988,outer_fold_4,957d4d90-5e33-448f-8662-9a27f6f2b66c__957d4d90-5e33-448f-8662-9a27f6f2b66c__vr2140__eeg1317__row354,2,4.052325141776937,-1.0694132512867327e-07,1.0694132512867327e-07
4,957d4d90-5e33-448f-8662-9a27f6f2b66c__vr2141__eeg1318__row355,957d4d90-5e33-448f-8662-9a27f6f2b66c,8.39057445526123,4.532310962677002,3.858263492584229,outer_fold_4,957d4d90-5e33-448f-8662-9a27f6f2b66c__957d4d90-5e33-448f-8662-9a27f6f2b66c__vr2141__eeg1318__row355,2,8.390574018126888,-4.371343429454555e-07,4.371343429454555e-07
4,957d4d90-5e33-448f-8662-9a27f6f2b66c__vr2142__eeg1319__row356,957d4d90-5e33-448f-8662-9a27f6f2b66c,3.5181589126586914,2.9124786853790283,0.6056802272796631,outer_fold_4,957d4d90-5e33-448f-8662-9a27f6f2b66c__957d4d90-5e33-448f-8662-9a27f6f2b66c__vr2142__eeg1319__row356,2,3.5181589958158996,8.315720823048878e-08,8.315720823048878e-08
4,957d4d90-5e33-448f-8662-9a27f6f2b66c__vr2143__eeg1320__row357,957d4d90-5e33-448f-8662-9a27f6f2b66c,2.7068734169006348,2.9649956226348877,0.2581222057342529,outer_fold_4,957d4d90-5e33-448f-8662-9a27f6f2b66c__957d4d90-5e33-448f-8662-9a27f6f2b66c__vr2143__eeg1320__row357,2,2.7068733459357275,-7.096490728386584e-08,7.096490728386584e-08
4,957d4d90-5e33-448f-8662-9a27f6f2b66c__vr2144__eeg1321__row358,957d4d90-5e33-448f-8662-9a27f6f2b66c,5.595096588134766,6.1082353591918945,0.5131387710571289,outer_fold_4,957d4d90-5e33-448f-8662-9a27f6f2b66c__957d4d90-5e33-448f-8662-9a27f6f2b66c__vr2144__eeg1321__row358,2,5.595096774193548,1.8605878260302688e-07,1.8605878260302688e-07
4,957d4d90-5e33-448f-8662-9a27f6f2b66c__vr2145__eeg1322__row359,957d4d90-5e33-448f-8662-9a27f6f2b66c,6.556363582611084,6.358542442321777,0.1978211402893066,outer_fold_4,957d4d90-5e33-448f-8662-9a27f6f2b66c__957d4d90-5e33-448f-8662-9a27f6f2b66c__vr2145__eeg1322__row359,2,6.556363636363637,5.375255263118106e-08,5.375255263118106e-08
4,957d4d90-5e33-448f-8662-9a27f6f2b66c__vr2146__eeg1323__row360,957d4d90-5e33-448f-8662-9a27f6f2b66c,3.860010862350464,3.0781702995300293,0.7818405628204346,outer_fold_4,957d4d90-5e33-448f-8662-9a27f6f2b66c__957d4d90-5e33-448f-8662-9a27f6f2b66c__vr2146__eeg1323__row360,2,3.8600108991825617,3.6832097816130727e-08,3.6832097816130727e-08
4,957d4d90-5e33-448f-8662-9a27f6f2b66c__vr2147__eeg1324__row361,957d4d90-5e33-448f-8662-9a27f6f2b66c,4.202953338623047,4.6467132568359375,0.4437599182128906,outer_fold_4,957d4d90-5e33-448f-8662-9a27f6f2b66c__957d4d90-5e33-448f-8662-9a27f6f2b66c__vr2147__eeg1324__row361,2,4.202953206239168,-1.323838789701881e-07,1.323838789701881e-07
4,957d4d90-5e33-448f-8662-9a27f6f2b66c__vr2148__eeg1325__row362,957d4d90-5e33-448f-8662-9a27f6f2b66c,3.0239999294281006,3.613478422164917,0.5894784927368164,outer_fold_4,957d4d90-5e33-448f-8662-9a27f6f2b66c__957d4d90-5e33-448f-8662-9a27f6f2b66c__vr2148__eeg1325__row362,2,3.024,7.057189943537878e-08,7.057189943537878e-08
4,957d4d90-5e33-448f-8662-9a27f6f2b66c__vr2149__eeg1326__row363,957d4d90-5e33-448f-8662-9a27f6f2b66c,3.2799012660980225,2.4594342708587646,0.8204669952392578,outer_fold_4,957d4d90-5e33-448f-8662-9a27f6f2b66c__957d4d90-5e33-448f-8662-9a27f6f2b66c__vr2149__eeg1326__row363,2,3.2799012345679017,-3.153012073653372e-08,3.153012073653372e-08
4,957d4d90-5e33-448f-8662-9a27f6f2b66c__vr2150__eeg1327__row364,957d4d90-5e33-448f-8662-9a27f6f2b66c,4.303738594055176,3.826530694961548,0.4772078990936279,outer_fold_4,957d4d90-5e33-448f-8662-9a27f6f2b66c__957d4d90-5e33-448f-8662-9a27f6f2b66c__vr2150__eeg1327__row364,2,4.303738775510204,1.814550278922411e-07,1.814550278922411e-07
4,957d4d90-5e33-448f-8662-9a27f6f2b66c__vr2151__eeg1328__row365,957d4d90-5e33-448f-8662-9a27f6f2b66c,5.0665998458862305,5.233393669128418,0.1667938232421875,outer_fold_4,957d4d90-5e33-448f-8662-9a27f6f2b66c__957d4d90-5e33-448f-8662-9a27f6f2b66c__vr2151__eeg1328__row365,2,5.0666,1.541137697458339e-07,1.541137697458339e-07
4,957d4d90-5e33-448f-8662-9a27f6f2b66c__vr2152__eeg1329__row366,957d4d90-5e33-448f-8662-9a27f6f2b66c,13.85086154937744,11.693853378295898,2.157008171081541,outer_fold_4,957d4d90-5e33-448f-8662-9a27f6f2b66c__957d4d90-5e33-448f-8662-9a27f6f2b66c__vr2152__eeg1329__row366,2,13.85086153846154,-1.0915899295582676e-08,1.0915899295582676e-08
4,c9a0db8e-8359-4a36-8e49-5080627736e3__vr359__eeg360__row664,c9a0db8e-8359-4a36-8e49-5080627736e3,13.357439994812012,7.962855339050293,5.394584655761719,outer_fold_4,c9a0db8e-8359-4a36-8e49-5080627736e3__c9a0db8e-8359-4a36-8e49-5080627736e3__vr359__eeg360__row664,1,13.357440000000002,5.187990481658744e-09,5.187990481658744e-09
4,c9a0db8e-8359-4a36-8e49-5080627736e3__vr360__eeg361__row665,c9a0db8e-8359-4a36-8e49-5080627736e3,5.276110649108887,7.735554695129395,2.4594440460205087,outer_fold_4,c9a0db8e-8359-4a36-8e49-5080627736e3__c9a0db8e-8359-4a36-8e49-5080627736e3__vr360__eeg361__row665,1,5.276110497237569,-1.5187131729987868e-07,1.5187131729987868e-07
4,c9a0db8e-8359-4a36-8e49-5080627736e3__vr361__eeg362__row666,c9a0db8e-8359-4a36-8e49-5080627736e3,6.161089897155762,5.317719459533691,0.8433704376220703,outer_fold_4,c9a0db8e-8359-4a36-8e49-5080627736e3__c9a0db8e-8359-4a36-8e49-5080627736e3__vr361__eeg362__row666,1,6.161089783281734,-1.1387402754081677e-07,1.1387402754081677e-07
4,c9a0db8e-8359-4a36-8e49-5080627736e3__vr362__eeg363__row667,c9a0db8e-8359-4a36-8e49-5080627736e3,5.056849956512451,5.677402973175049,0.6205530166625977,outer_fold_4,c9a0db8e-8359-4a36-8e49-5080627736e3__c9a0db8e-8359-4a36-8e49-5080627736e3__vr362__eeg363__row667,1,5.056849884526559,-7.198589191403926e-08,7.198589191403926e-08
4,c9a0db8e-8359-4a36-8e49-5080627736e3__vr363__eeg364__row668,c9a0db8e-8359-4a36-8e49-5080627736e3,6.055304527282715,7.100345611572266,1.0450410842895508,outer_fold_4,c9a0db8e-8359-4a36-8e49-5080627736e3__c9a0db8e-8359-4a36-8e49-5080627736e3__vr363__eeg364__row668,1,6.0553043478260875,-1.7945662733609424e-07,1.7945662733609424e-07
4,c9a0db8e-8359-4a36-8e49-5080627736e3__vr364__eeg365__row669,c9a0db8e-8359-4a36-8e49-5080627736e3,8.915581703186035,7.338891983032227,1.5766897201538086,outer_fold_4,c9a0db8e-8359-4a36-8e49-5080627736e3__c9a0db8e-8359-4a36-8e49-5080627736e3__vr364__eeg365__row669,1,8.91558208955224,3.8636620480758666e-07,3.8636620480758666e-07
4,c9a0db8e-8359-4a36-8e49-5080627736e3__vr365__eeg366__row670,c9a0db8e-8359-4a36-8e49-5080627736e3,4.184662342071533,6.484478950500488,2.299816608428955,outer_fold_4,c9a0db8e-8359-4a36-8e49-5080627736e3__c9a0db8e-8359-4a36-8e49-5080627736e3__vr365__eeg366__row670,1,4.184662251655629,-9.041590409708533e-08,9.041590409708533e-08
4,c9a0db8e-8359-4a36-8e49-5080627736e3__vr366__eeg367__row671,c9a0db8e-8359-4a36-8e49-5080627736e3,5.299386501312256,6.938385486602783,1.6389989852905271,outer_fold_4,c9a0db8e-8359-4a36-8e49-5080627736e3__c9a0db8e-8359-4a36-8e49-5080627736e3__vr366__eeg367__row671,1,5.299386609071275,1.0775901948534283e-07,1.0775901948534283e-07
4,c9a0db8e-8359-4a36-8e49-5080627736e3__vr367__eeg368__row672,c9a0db8e-8359-4a36-8e49-5080627736e3,5.56364631652832,5.838199615478516,0.2745532989501953,outer_fold_4,c9a0db8e-8359-4a36-8e49-5080627736e3__c9a0db8e-8359-4a36-8e49-5080627736e3__vr367__eeg368__row672,1,5.563646511627907,1.9509958626429125e-07,1.9509958626429125e-07
4,c9a0db8e-8359-4a36-8e49-5080627736e3__vr368__eeg369__row673,c9a0db8e-8359-4a36-8e49-5080627736e3,2.0515899658203125,4.099700927734375,2.0481109619140625,outer_fold_4,c9a0db8e-8359-4a36-8e49-5080627736e3__c9a0db8e-8359-4a36-8e49-5080627736e3__vr368__eeg369__row673,1,2.051589895988113,-6.983219957845677e-08,6.983219957845677e-08
4,c9a0db8e-8359-4a36-8e49-5080627736e3__vr369__eeg370__row674,c9a0db8e-8359-4a36-8e49-5080627736e3,5.062517166137695,5.180581569671631,0.1180644035339355,outer_fold_4,c9a0db8e-8359-4a36-8e49-5080627736e3__c9a0db8e-8359-4a36-8e49-5080627736e3__vr369__eeg370__row674,1,5.062517162471396,-3.666299264182271e-09,3.666299264182271e-09
4,c9a0db8e-8359-4a36-8e49-5080627736e3__vr370__eeg371__row675,c9a0db8e-8359-4a36-8e49-5080627736e3,6.67302131652832,4.353316307067871,2.319705009460449,outer_fold_4,c9a0db8e-8359-4a36-8e49-5080627736e3__c9a0db8e-8359-4a36-8e49-5080627736e3__vr370__eeg371__row675,1,6.673021276595745,-3.9932575468526466e-08,3.9932575468526466e-08
4,c9a0db8e-8359-4a36-8e49-5080627736e3__vr371__eeg372__row676,c9a0db8e-8359-4a36-8e49-5080627736e3,5.839111328125,9.301249504089355,3.4621381759643555,outer_fold_4,c9a0db8e-8359-4a36-8e49-5080627736e3__c9a0db8e-8359-4a36-8e49-5080627736e3__vr371__eeg372__row676,1,5.839111111111111,-2.1701388863704096e-07,2.1701388863704096e-07
4,c9a0db8e-8359-4a36-8e49-5080627736e3__vr372__eeg373__row677,c9a0db8e-8359-4a36-8e49-5080627736e3,6.258821487426758,6.686779975891113,0.4279584884643554,outer_fold_4,c9a0db8e-8359-4a36-8e49-5080627736e3__c9a0db8e-8359-4a36-8e49-5080627736e3__vr372__eeg373__row677,1,6.2588213457076565,-1.4171910134308519e-07,1.4171910134308519e-07
4,c9a0db8e-8359-4a36-8e49-5080627736e3__vr373__eeg374__row678,c9a0db8e-8359-4a36-8e49-5080627736e3,6.279709815979004,7.003883361816406,0.7241735458374023,outer_fold_4,c9a0db8e-8359-4a36-8e49-5080627736e3__c9a0db8e-8359-4a36-8e49-5080627736e3__vr373__eeg374__row678,1,6.279710021321962,2.053429577486554e-07,2.053429577486554e-07
4,c9a0db8e-8359-4a36-8e49-5080627736e3__vr374__eeg375__row679,c9a0db8e-8359-4a36-8e49-5080627736e3,6.1508965492248535,6.757767677307129,0.6068711280822754,outer_fold_4,c9a0db8e-8359-4a36-8e49-5080627736e3__c9a0db8e-8359-4a36-8e49-5080627736e3__vr374__eeg375__row679,1,6.150896551724138,2.499284335044649e-09,2.499284335044649e-09
4,c9a0db8e-8359-4a36-8e49-5080627736e3__vr375__eeg376__row680,c9a0db8e-8359-4a36-8e49-5080627736e3,7.362517833709717,6.842811107635498,0.5197067260742188,outer_fold_4,c9a0db8e-8359-4a36-8e49-5080627736e3__c9a0db8e-8359-4a36-8e49-5080627736e3__vr375__eeg376__row680,1,7.362517766497461,-6.721225620509585e-08,6.721225620509585e-08
4,c9a0db8e-8359-4a36-8e49-5080627736e3__vr376__eeg377__row681,c9a0db8e-8359-4a36-8e49-5080627736e3,3.9600000381469727,5.069223403930664,1.1092233657836914,outer_fold_4,c9a0db8e-8359-4a36-8e49-5080627736e3__c9a0db8e-8359-4a36-8e49-5080627736e3__vr376__eeg377__row681,1,3.96,-3.814697269177714e-08,3.814697269177714e-08
4,c9a0db8e-8359-4a36-8e49-5080627736e3__vr377__eeg378__row682,c9a0db8e-8359-4a36-8e49-5080627736e3,5.306129455566406,6.512694358825684,1.2065649032592771,outer_fold_4,c9a0db8e-8359-4a36-8e49-5080627736e3__c9a0db8e-8359-4a36-8e49-5080627736e3__vr377__eeg378__row682,1,5.306129692832765,2.3726635856036182e-07,2.3726635856036182e-07
4,c9a0db8e-8359-4a36-8e49-5080627736e3__vr378__eeg379__row683,c9a0db8e-8359-4a36-8e49-5080627736e3,2.898362874984741,3.9659037590026855,1.0675408840179443,outer_fold_4,c9a0db8e-8359-4a36-8e49-5080627736e3__c9a0db8e-8359-4a36-8e49-5080627736e3__vr378__eeg379__row683,1,2.8983629893238434,1.143391021862783e-07,1.143391021862783e-07
4,c9a0db8e-8359-4a36-8e49-5080627736e3__vr379__eeg380__row684,c9a0db8e-8359-4a36-8e49-5080627736e3,4.155982494354248,4.395882606506348,0.2399001121520996,outer_fold_4,c9a0db8e-8359-4a36-8e49-5080627736e3__c9a0db8e-8359-4a36-8e49-5080627736e3__vr379__eeg380__row684,1,4.155982532751092,3.839684392659137e-08,3.839684392659137e-08
4,c9a0db8e-8359-4a36-8e49-5080627736e3__vr380__eeg381__row685,c9a0db8e-8359-4a36-8e49-5080627736e3,4.056585311889648,5.516395568847656,1.4598102569580078,outer_fold_4,c9a0db8e-8359-4a36-8e49-5080627736e3__c9a0db8e-8359-4a36-8e49-5080627736e3__vr380__eeg381__row685,1,4.056585365853659,5.3964010149343267e-08,5.3964010149343267e-08
4,c9a0db8e-8359-4a36-8e49-5080627736e3__vr381__eeg382__row686,c9a0db8e-8359-4a36-8e49-5080627736e3,6.855072498321533,6.021057605743408,0.834014892578125,outer_fold_4,c9a0db8e-8359-4a36-8e49-5080627736e3__c9a0db8e-8359-4a36-8e49-5080627736e3__vr381__eeg382__row686,1,6.855072463768116,-3.4553417016525145e-08,3.4553417016525145e-08
4,c9a0db8e-8359-4a36-8e49-5080627736e3__vr382__eeg383__row687,c9a0db8e-8359-4a36-8e49-5080627736e3,13.32960033416748,11.091922760009766,2.237677574157715,outer_fold_4,c9a0db8e-8359-4a36-8e49-5080627736e3__c9a0db8e-8359-4a36-8e49-5080627736e3__vr382__eeg383__row687,1,13.3296,-3.341674812418205e-07,3.341674812418205e-07
4,c9a0db8e-8359-4a36-8e49-5080627736e3__vr383__eeg384__row688,c9a0db8e-8359-4a36-8e49-5080627736e3,5.201825141906738,5.318578243255615,0.1167531013488769,outer_fold_4,c9a0db8e-8359-4a36-8e49-5080627736e3__c9a0db8e-8359-4a36-8e49-5080627736e3__vr383__eeg384__row688,1,5.201825242718447,1.008117083145521e-07,1.008117083145521e-07
4,c9a0db8e-8359-4a36-8e49-5080627736e3__vr384__eeg385__row689,c9a0db8e-8359-4a36-8e49-5080627736e3,2.856740713119507,4.673072814941406,1.8163321018218992,outer_fold_4,c9a0db8e-8359-4a36-8e49-5080627736e3__c9a0db8e-8359-4a36-8e49-5080627736e3__vr384__eeg385__row689,1,2.856740740740741,2.762123418875717e-08,2.762123418875717e-08
4,c9a0db8e-8359-4a36-8e49-5080627736e3__vr385__eeg386__row690,c9a0db8e-8359-4a36-8e49-5080627736e3,3.385355234146118,4.4628682136535645,1.0775129795074463,outer_fold_4,c9a0db8e-8359-4a36-8e49-5080627736e3__c9a0db8e-8359-4a36-8e49-5080627736e3__vr385__eeg386__row690,1,3.3853551912568305,-4.2889287676928234e-08,4.2889287676928234e-08
4,c9a0db8e-8359-4a36-8e49-5080627736e3__vr386__eeg387__row691,c9a0db8e-8359-4a36-8e49-5080627736e3,2.710202217102051,3.330772638320923,0.6205704212188721,outer_fold_4,c9a0db8e-8359-4a36-8e49-5080627736e3__c9a0db8e-8359-4a36-8e49-5080627736e3__vr386__eeg387__row691,1,2.710202247191012,3.0088961100460665e-08,3.0088961100460665e-08
4,c9a0db8e-8359-4a36-8e49-5080627736e3__vr387__eeg388__row692,c9a0db8e-8359-4a36-8e49-5080627736e3,5.350104331970215,7.335499286651611,1.9853949546813965,outer_fold_4,c9a0db8e-8359-4a36-8e49-5080627736e3__c9a0db8e-8359-4a36-8e49-5080627736e3__vr387__eeg388__row692,1,5.350104201680672,-1.3028954271021576e-07,1.3028954271021576e-07
4,c9a0db8e-8359-4a36-8e49-5080627736e3__vr388__eeg389__row693,c9a0db8e-8359-4a36-8e49-5080627736e3,1.998684883117676,3.1707987785339355,1.1721138954162595,outer_fold_4,c9a0db8e-8359-4a36-8e49-5080627736e3__c9a0db8e-8359-4a36-8e49-5080627736e3__vr388__eeg389__row693,1,1.9986849315068491,4.838917311289492e-08,4.838917311289492e-08
4,c9a0db8e-8359-4a36-8e49-5080627736e3__vr389__eeg390__row694,c9a0db8e-8359-4a36-8e49-5080627736e3,8.249105453491211,6.088348388671875,2.160757064819336,outer_fold_4,c9a0db8e-8359-4a36-8e49-5080627736e3__c9a0db8e-8359-4a36-8e49-5080627736e3__vr389__eeg390__row694,1,8.24910569105691,2.375656986686181e-07,2.375656986686181e-07
4,c9a0db8e-8359-4a36-8e49-5080627736e3__vr390__eeg391__row695,c9a0db8e-8359-4a36-8e49-5080627736e3,5.18765926361084,5.71754264831543,0.5298833847045898,outer_fold_4,c9a0db8e-8359-4a36-8e49-5080627736e3__c9a0db8e-8359-4a36-8e49-5080627736e3__vr390__eeg391__row695,1,5.1876591928251115,-7.078572838992159e-08,7.078572838992159e-08
4,c9a0db8e-8359-4a36-8e49-5080627736e3__vr391__eeg392__row696,c9a0db8e-8359-4a36-8e49-5080627736e3,4.233409881591797,4.872082233428955,0.6386723518371582,outer_fold_4,c9a0db8e-8359-4a36-8e49-5080627736e3__c9a0db8e-8359-4a36-8e49-5080627736e3__vr391__eeg392__row696,1,4.233409900990099,1.939830251984631e-08,1.939830251984631e-08
4,c9a0db8e-8359-4a36-8e49-5080627736e3__vr392__eeg393__row697,c9a0db8e-8359-4a36-8e49-5080627736e3,6.298285484313965,5.796878337860107,0.5014071464538574,outer_fold_4,c9a0db8e-8359-4a36-8e49-5080627736e3__c9a0db8e-8359-4a36-8e49-5080627736e3__vr392__eeg393__row697,1,6.298285714285713,2.2997174831118627e-07,2.2997174831118627e-07
4,c9a0db8e-8359-4a36-8e49-5080627736e3__vr393__eeg394__row698,c9a0db8e-8359-4a36-8e49-5080627736e3,3.48075270652771,4.962669372558594,1.4819166660308838,outer_fold_4,c9a0db8e-8359-4a36-8e49-5080627736e3__c9a0db8e-8359-4a36-8e49-5080627736e3__vr393__eeg394__row698,1,3.480752613240418,-9.328729211333098e-08,9.328729211333098e-08
4,c9a0db8e-8359-4a36-8e49-5080627736e3__vr394__eeg395__row699,c9a0db8e-8359-4a36-8e49-5080627736e3,3.5356364250183105,4.52508544921875,0.9894490242004396,outer_fold_4,c9a0db8e-8359-4a36-8e49-5080627736e3__c9a0db8e-8359-4a36-8e49-5080627736e3__vr394__eeg395__row699,1,3.535636363636364,-6.138194663662944e-08,6.138194663662944e-08
4,c9a0db8e-8359-4a36-8e49-5080627736e3__vr395__eeg396__row700,c9a0db8e-8359-4a36-8e49-5080627736e3,4.350719928741455,4.266945838928223,0.0837740898132324,outer_fold_4,c9a0db8e-8359-4a36-8e49-5080627736e3__c9a0db8e-8359-4a36-8e49-5080627736e3__vr395__eeg396__row700,1,4.35072,7.125854484257843e-08,7.125854484257843e-08
4,c9a0db8e-8359-4a36-8e49-5080627736e3__vr396__eeg397__row701,c9a0db8e-8359-4a36-8e49-5080627736e3,8.675929069519043,9.303125381469728,0.6271963119506854,outer_fold_4,c9a0db8e-8359-4a36-8e49-5080627736e3__c9a0db8e-8359-4a36-8e49-5080627736e3__vr396__eeg397__row701,1,8.675928712871288,-3.5664775488442046e-07,3.5664775488442046e-07
4,c9a0db8e-8359-4a36-8e49-5080627736e3__vr397__eeg398__row702,c9a0db8e-8359-4a36-8e49-5080627736e3,5.3227338790893555,6.913393020629883,1.5906591415405271,outer_fold_4,c9a0db8e-8359-4a36-8e49-5080627736e3__c9a0db8e-8359-4a36-8e49-5080627736e3__vr397__eeg398__row702,1,5.322733812949641,-6.613971414992648e-08,6.613971414992648e-08
4,c9a0db8e-8359-4a36-8e49-5080627736e3__vr398__eeg399__row703,c9a0db8e-8359-4a36-8e49-5080627736e3,4.946868419647217,6.900217056274414,1.9533486366271973,outer_fold_4,c9a0db8e-8359-4a36-8e49-5080627736e3__c9a0db8e-8359-4a36-8e49-5080627736e3__vr398__eeg399__row703,1,4.946868189806679,-2.2984053771324398e-07,2.2984053771324398e-07
4,c9a0db8e-8359-4a36-8e49-5080627736e3__vr399__eeg400__row704,c9a0db8e-8359-4a36-8e49-5080627736e3,3.0525591373443604,4.424072265625,1.3715131282806396,outer_fold_4,c9a0db8e-8359-4a36-8e49-5080627736e3__c9a0db8e-8359-4a36-8e49-5080627736e3__vr399__eeg400__row704,1,3.0525591397849468,2.4405863996435073e-09,2.4405863996435073e-09
4,c9a0db8e-8359-4a36-8e49-5080627736e3__vr400__eeg401__row705,c9a0db8e-8359-4a36-8e49-5080627736e3,8.201292991638184,8.509875297546387,0.3085823059082031,outer_fold_4,c9a0db8e-8359-4a36-8e49-5080627736e3__c9a0db8e-8359-4a36-8e49-5080627736e3__vr400__eeg401__row705,1,8.201292576419213,-4.1521897031771005e-07,4.1521897031771005e-07
4,c9a0db8e-8359-4a36-8e49-5080627736e3__vr401__eeg402__row706,c9a0db8e-8359-4a36-8e49-5080627736e3,6.2050395011901855,6.832329273223877,0.6272897720336914,outer_fold_4,c9a0db8e-8359-4a36-8e49-5080627736e3__c9a0db8e-8359-4a36-8e49-5080627736e3__vr401__eeg402__row706,1,6.205039370078739,-1.3111144614441628e-07,1.3111144614441628e-07
4,c9a0db8e-8359-4a36-8e49-5080627736e3__vr402__eeg403__row707,c9a0db8e-8359-4a36-8e49-5080627736e3,4.144911289215088,5.430809020996094,1.285897731781006,outer_fold_4,c9a0db8e-8359-4a36-8e49-5080627736e3__c9a0db8e-8359-4a36-8e49-5080627736e3__vr402__eeg403__row707,1,4.144911392405064,1.0318997567537735e-07,1.0318997567537735e-07
4,c9a0db8e-8359-4a36-8e49-5080627736e3__vr403__eeg404__row708,c9a0db8e-8359-4a36-8e49-5080627736e3,4.126997947692871,4.644639015197754,0.5176410675048828,outer_fold_4,c9a0db8e-8359-4a36-8e49-5080627736e3__c9a0db8e-8359-4a36-8e49-5080627736e3__vr403__eeg404__row708,1,4.126997912317328,-3.537554338350901e-08,3.537554338350901e-08
4,c9a0db8e-8359-4a36-8e49-5080627736e3__vr404__eeg405__row709,c9a0db8e-8359-4a36-8e49-5080627736e3,4.155054569244385,5.878495216369629,1.723440647125244,outer_fold_4,c9a0db8e-8359-4a36-8e49-5080627736e3__c9a0db8e-8359-4a36-8e49-5080627736e3__vr404__eeg405__row709,1,4.155054545454546,-2.37898385435642e-08,2.37898385435642e-08
4,c9a0db8e-8359-4a36-8e49-5080627736e3__vr405__eeg406__row710,c9a0db8e-8359-4a36-8e49-5080627736e3,6.493973255157471,5.787717819213867,0.7062554359436035,outer_fold_4,c9a0db8e-8359-4a36-8e49-5080627736e3__c9a0db8e-8359-4a36-8e49-5080627736e3__vr405__eeg406__row710,1,6.493973045822102,-2.0933536859502055e-07,2.0933536859502055e-07
4,c9a0db8e-8359-4a36-8e49-5080627736e3__vr406__eeg407__row711,c9a0db8e-8359-4a36-8e49-5080627736e3,2.7415976524353027,4.894867897033691,2.1532702445983887,outer_fold_4,c9a0db8e-8359-4a36-8e49-5080627736e3__c9a0db8e-8359-4a36-8e49-5080627736e3__vr406__eeg407__row711,1,2.741597667638484,1.5203181380485375e-08,1.5203181380485375e-08
4,c9a0db8e-8359-4a36-8e49-5080627736e3__vr407__eeg408__row712,c9a0db8e-8359-4a36-8e49-5080627736e3,5.973870277404785,6.2779741287231445,0.3041038513183594,outer_fold_4,c9a0db8e-8359-4a36-8e49-5080627736e3__c9a0db8e-8359-4a36-8e49-5080627736e3__vr407__eeg408__row712,1,5.973870503597122,2.2619233686071993e-07,2.2619233686071993e-07
4,c9a0db8e-8359-4a36-8e49-5080627736e3__vr408__eeg409__row713,c9a0db8e-8359-4a36-8e49-5080627736e3,6.465353965759277,6.352114200592041,0.1132397651672363,outer_fold_4,c9a0db8e-8359-4a36-8e49-5080627736e3__c9a0db8e-8359-4a36-8e49-5080627736e3__vr408__eeg409__row713,1,6.465354120267261,1.545079832965257e-07,1.545079832965257e-07
4,c9a0db8e-8359-4a36-8e49-5080627736e3__vr409__eeg410__row714,c9a0db8e-8359-4a36-8e49-5080627736e3,4.026000022888184,4.585614204406738,0.5596141815185547,outer_fold_4,c9a0db8e-8359-4a36-8e49-5080627736e3__c9a0db8e-8359-4a36-8e49-5080627736e3__vr409__eeg410__row714,1,4.026,-2.2888183792701966e-08,2.2888183792701966e-08
4,c9a0db8e-8359-4a36-8e49-5080627736e3__vr410__eeg411__row715,c9a0db8e-8359-4a36-8e49-5080627736e3,3.1898810863494873,4.444270133972168,1.2543890476226809,outer_fold_4,c9a0db8e-8359-4a36-8e49-5080627736e3__c9a0db8e-8359-4a36-8e49-5080627736e3__vr410__eeg411__row715,1,3.1898810810810807,-5.268406599867603e-09,5.268406599867603e-09
4,c9a0db8e-8359-4a36-8e49-5080627736e3__vr411__eeg412__row716,c9a0db8e-8359-4a36-8e49-5080627736e3,5.529743194580078,7.139040946960449,1.609297752380371,outer_fold_4,c9a0db8e-8359-4a36-8e49-5080627736e3__c9a0db8e-8359-4a36-8e49-5080627736e3__vr411__eeg412__row716,1,5.529743016759776,-1.7782030248270075e-07,1.7782030248270075e-07
4,c9a0db8e-8359-4a36-8e49-5080627736e3__vr412__eeg413__row717,c9a0db8e-8359-4a36-8e49-5080627736e3,4.201868057250977,5.439451217651367,1.2375831604003906,outer_fold_4,c9a0db8e-8359-4a36-8e49-5080627736e3__c9a0db8e-8359-4a36-8e49-5080627736e3__vr412__eeg413__row717,1,4.201868263473054,2.06222077636653e-07,2.06222077636653e-07
4,c9a0db8e-8359-4a36-8e49-5080627736e3__vr413__eeg414__row718,c9a0db8e-8359-4a36-8e49-5080627736e3,5.775883197784424,6.165500640869141,0.3896174430847168,outer_fold_4,c9a0db8e-8359-4a36-8e49-5080627736e3__c9a0db8e-8359-4a36-8e49-5080627736e3__vr413__eeg414__row718,1,5.775883211678832,1.3894408290582305e-08,1.3894408290582305e-08
4,c9a0db8e-8359-4a36-8e49-5080627736e3__vr414__eeg415__row719,c9a0db8e-8359-4a36-8e49-5080627736e3,4.966392993927002,5.084020614624023,0.1176276206970214,outer_fold_4,c9a0db8e-8359-4a36-8e49-5080627736e3__c9a0db8e-8359-4a36-8e49-5080627736e3__vr414__eeg415__row719,1,4.966393088552916,9.462591421538491e-08,9.462591421538491e-08
4,c9a0db8e-8359-4a36-8e49-5080627736e3__vr415__eeg416__row720,c9a0db8e-8359-4a36-8e49-5080627736e3,11.533587455749512,9.233473777770996,2.3001136779785156,outer_fold_4,c9a0db8e-8359-4a36-8e49-5080627736e3__c9a0db8e-8359-4a36-8e49-5080627736e3__vr415__eeg416__row720,1,11.5335873015873,-1.5416221188502277e-07,1.5416221188502277e-07
4,c9a0db8e-8359-4a36-8e49-5080627736e3__vr416__eeg417__row721,c9a0db8e-8359-4a36-8e49-5080627736e3,5.310928821563721,5.472531318664551,0.16160249710083,outer_fold_4,c9a0db8e-8359-4a36-8e49-5080627736e3__c9a0db8e-8359-4a36-8e49-5080627736e3__vr416__eeg417__row721,1,5.310928870292887,4.87291664796885e-08,4.87291664796885e-08
4,c9a0db8e-8359-4a36-8e49-5080627736e3__vr417__eeg418__row722,c9a0db8e-8359-4a36-8e49-5080627736e3,3.1251063346862793,4.25869083404541,1.1335844993591309,outer_fold_4,c9a0db8e-8359-4a36-8e49-5080627736e3__c9a0db8e-8359-4a36-8e49-5080627736e3__vr417__eeg418__row722,1,3.1251063829787236,4.829244426574064e-08,4.829244426574064e-08
4,c9a0db8e-8359-4a36-8e49-5080627736e3__vr418__eeg419__row723,c9a0db8e-8359-4a36-8e49-5080627736e3,8.214360237121582,6.976957321166992,1.2374029159545898,outer_fold_4,c9a0db8e-8359-4a36-8e49-5080627736e3__c9a0db8e-8359-4a36-8e49-5080627736e3__vr418__eeg419__row723,1,8.21436,-2.3712158281341544e-07,2.3712158281341544e-07
4,c9a0db8e-8359-4a36-8e49-5080627736e3__vr419__eeg420__row724,c9a0db8e-8359-4a36-8e49-5080627736e3,3.7007999420166016,5.541106700897217,1.8403067588806152,outer_fold_4,c9a0db8e-8359-4a36-8e49-5080627736e3__c9a0db8e-8359-4a36-8e49-5080627736e3__vr419__eeg420__row724,1,3.700800000000001,5.7983399415206804e-08,5.7983399415206804e-08
4,c9a0db8e-8359-4a36-8e49-5080627736e3__vr420__eeg421__row725,c9a0db8e-8359-4a36-8e49-5080627736e3,3.560664176940918,5.213560104370117,1.6528959274291992,outer_fold_4,c9a0db8e-8359-4a36-8e49-5080627736e3__c9a0db8e-8359-4a36-8e49-5080627736e3__vr420__eeg421__row725,1,3.5606642599277976,8.298687959040763e-08,8.298687959040763e-08
4,c9a0db8e-8359-4a36-8e49-5080627736e3__vr421__eeg422__row726,c9a0db8e-8359-4a36-8e49-5080627736e3,7.229036808013916,8.416379928588867,1.1873431205749512,outer_fold_4,c9a0db8e-8359-4a36-8e49-5080627736e3__c9a0db8e-8359-4a36-8e49-5080627736e3__vr421__eeg422__row726,1,7.229037037037037,2.2902312135641978e-07,2.2902312135641978e-07
4,c9a0db8e-8359-4a36-8e49-5080627736e3__vr422__eeg423__row727,c9a0db8e-8359-4a36-8e49-5080627736e3,3.511706829071045,5.23515510559082,1.7234482765197754,outer_fold_4,c9a0db8e-8359-4a36-8e49-5080627736e3__c9a0db8e-8359-4a36-8e49-5080627736e3__vr422__eeg423__row727,1,3.5117068062827226,-2.2788322340261402e-08,2.2788322340261402e-08
4,c9a0db8e-8359-4a36-8e49-5080627736e3__vr423__eeg424__row728,c9a0db8e-8359-4a36-8e49-5080627736e3,3.1047122478485107,4.75295877456665,1.6482465267181396,outer_fold_4,c9a0db8e-8359-4a36-8e49-5080627736e3__c9a0db8e-8359-4a36-8e49-5080627736e3__vr423__eeg424__row728,1,3.104712328767124,8.091861314341031e-08,8.091861314341031e-08
4,c9a0db8e-8359-4a36-8e49-5080627736e3__vr424__eeg425__row729,c9a0db8e-8359-4a36-8e49-5080627736e3,2.542386531829834,4.219883918762207,1.677497386932373,outer_fold_4,c9a0db8e-8359-4a36-8e49-5080627736e3__c9a0db8e-8359-4a36-8e49-5080627736e3__vr424__eeg425__row729,1,2.542386554621849,2.2792014942041305e-08,2.2792014942041305e-08
4,c9a0db8e-8359-4a36-8e49-5080627736e3__vr425__eeg426__row730,c9a0db8e-8359-4a36-8e49-5080627736e3,2.8063063621520996,4.657064437866211,1.850758075714111,outer_fold_4,c9a0db8e-8359-4a36-8e49-5080627736e3__c9a0db8e-8359-4a36-8e49-5080627736e3__vr425__eeg426__row730,1,2.806306368330465,6.178365374864825e-09,6.178365374864825e-09
4,c9a0db8e-8359-4a36-8e49-5080627736e3__vr426__eeg427__row731,c9a0db8e-8359-4a36-8e49-5080627736e3,5.956545829772949,5.448470115661621,0.5080757141113281,outer_fold_4,c9a0db8e-8359-4a36-8e49-5080627736e3__c9a0db8e-8359-4a36-8e49-5080627736e3__vr426__eeg427__row731,1,5.956545961002785,1.312298358868702e-07,1.312298358868702e-07
4,f43c63f7-4814-4cda-8fb8-a6a19cfbc342__vr1987__eeg1191__row777,f43c63f7-4814-4cda-8fb8-a6a19cfbc342,11.039402961730955,11.228487968444824,0.1890850067138689,outer_fold_4,f43c63f7-4814-4cda-8fb8-a6a19cfbc342__f43c63f7-4814-4cda-8fb8-a6a19cfbc342__vr1987__eeg1191__row777,2,11.039402985074624,2.334366833167678e-08,2.334366833167678e-08
4,f43c63f7-4814-4cda-8fb8-a6a19cfbc342__vr1988__eeg1192__row778,f43c63f7-4814-4cda-8fb8-a6a19cfbc342,7.766532897949219,3.68468165397644,4.081851243972778,outer_fold_4,f43c63f7-4814-4cda-8fb8-a6a19cfbc342__f43c63f7-4814-4cda-8fb8-a6a19cfbc342__vr1988__eeg1192__row778,2,7.766532871972319,-2.5976899742374826e-08,2.5976899742374826e-08
4,f43c63f7-4814-4cda-8fb8-a6a19cfbc342__vr1989__eeg1193__row779,f43c63f7-4814-4cda-8fb8-a6a19cfbc342,7.189410209655762,6.105228424072266,1.084181785583496,outer_fold_4,f43c63f7-4814-4cda-8fb8-a6a19cfbc342__f43c63f7-4814-4cda-8fb8-a6a19cfbc342__vr1989__eeg1193__row779,2,7.189410071942445,-1.377133163060762e-07,1.377133163060762e-07
4,f43c63f7-4814-4cda-8fb8-a6a19cfbc342__vr1990__eeg1194__row780,f43c63f7-4814-4cda-8fb8-a6a19cfbc342,14.94431209564209,8.732519149780273,6.211792945861816,outer_fold_4,f43c63f7-4814-4cda-8fb8-a6a19cfbc342__f43c63f7-4814-4cda-8fb8-a6a19cfbc342__vr1990__eeg1194__row780,2,14.944311977715875,-1.1792621457118457e-07,1.1792621457118457e-07
4,f43c63f7-4814-4cda-8fb8-a6a19cfbc342__vr1991__eeg1195__row781,f43c63f7-4814-4cda-8fb8-a6a19cfbc342,2.843733310699463,1.5915828943252563,1.2521504163742063,outer_fold_4,f43c63f7-4814-4cda-8fb8-a6a19cfbc342__f43c63f7-4814-4cda-8fb8-a6a19cfbc342__vr1991__eeg1195__row781,2,2.8437333333333332,2.26338703335216e-08,2.26338703335216e-08
4,f43c63f7-4814-4cda-8fb8-a6a19cfbc342__vr1992__eeg1196__row782,f43c63f7-4814-4cda-8fb8-a6a19cfbc342,4.8920817375183105,2.9085805416107178,1.9835011959075928,outer_fold_4,f43c63f7-4814-4cda-8fb8-a6a19cfbc342__f43c63f7-4814-4cda-8fb8-a6a19cfbc342__vr1992__eeg1196__row782,2,4.892081632653062,-1.0486524892883153e-07,1.0486524892883153e-07
4,f43c63f7-4814-4cda-8fb8-a6a19cfbc342__vr1993__eeg1197__row783,f43c63f7-4814-4cda-8fb8-a6a19cfbc342,3.5199999809265137,2.9952690601348877,0.524730920791626,outer_fold_4,f43c63f7-4814-4cda-8fb8-a6a19cfbc342__f43c63f7-4814-4cda-8fb8-a6a19cfbc342__vr1993__eeg1197__row783,2,3.5200000000000005,1.9073486789977778e-08,1.9073486789977778e-08
4,f43c63f7-4814-4cda-8fb8-a6a19cfbc342__vr1994__eeg1198__row784,f43c63f7-4814-4cda-8fb8-a6a19cfbc342,4.774096965789795,3.1713545322418213,1.6027424335479736,outer_fold_4,f43c63f7-4814-4cda-8fb8-a6a19cfbc342__f43c63f7-4814-4cda-8fb8-a6a19cfbc342__vr1994__eeg1198__row784,2,4.77409691629956,-4.949023502121008e-08,4.949023502121008e-08
4,f43c63f7-4814-4cda-8fb8-a6a19cfbc342__vr1995__eeg1199__row785,f43c63f7-4814-4cda-8fb8-a6a19cfbc342,5.135558605194092,3.768198966979981,1.3673596382141109,outer_fold_4,f43c63f7-4814-4cda-8fb8-a6a19cfbc342__f43c63f7-4814-4cda-8fb8-a6a19cfbc342__vr1995__eeg1199__row785,2,5.135558620689655,1.549556305491251e-08,1.549556305491251e-08
4,f43c63f7-4814-4cda-8fb8-a6a19cfbc342__vr1996__eeg1200__row786,f43c63f7-4814-4cda-8fb8-a6a19cfbc342,4.416118621826172,2.272346258163452,2.1437723636627197,outer_fold_4,f43c63f7-4814-4cda-8fb8-a6a19cfbc342__f43c63f7-4814-4cda-8fb8-a6a19cfbc342__vr1996__eeg1200__row786,2,4.416118811881188,1.9005501616931042e-07,1.9005501616931042e-07
4,f43c63f7-4814-4cda-8fb8-a6a19cfbc342__vr1997__eeg1201__row787,f43c63f7-4814-4cda-8fb8-a6a19cfbc342,5.002366065979004,3.345566987991333,1.656799077987671,outer_fold_4,f43c63f7-4814-4cda-8fb8-a6a19cfbc342__f43c63f7-4814-4cda-8fb8-a6a19cfbc342__vr1997__eeg1201__row787,2,5.002366197183099,1.3120409469991046e-07,1.3120409469991046e-07
4,f43c63f7-4814-4cda-8fb8-a6a19cfbc342__vr1998__eeg1202__row788,f43c63f7-4814-4cda-8fb8-a6a19cfbc342,12.382452011108398,8.600852966308594,3.7815990447998047,outer_fold_4,f43c63f7-4814-4cda-8fb8-a6a19cfbc342__f43c63f7-4814-4cda-8fb8-a6a19cfbc342__vr1998__eeg1202__row788,2,12.382451612903226,-3.982051719475521e-07,3.982051719475521e-07
4,f43c63f7-4814-4cda-8fb8-a6a19cfbc342__vr1999__eeg1203__row789,f43c63f7-4814-4cda-8fb8-a6a19cfbc342,9.090917587280272,8.304500579833984,0.7864170074462873,outer_fold_4,f43c63f7-4814-4cda-8fb8-a6a19cfbc342__f43c63f7-4814-4cda-8fb8-a6a19cfbc342__vr1999__eeg1203__row789,2,9.090917647058824,5.977855188632475e-08,5.977855188632475e-08
4,f43c63f7-4814-4cda-8fb8-a6a19cfbc342__vr2000__eeg1204__row790,f43c63f7-4814-4cda-8fb8-a6a19cfbc342,4.682796001434326,3.6471023559570312,1.035693645477295,outer_fold_4,f43c63f7-4814-4cda-8fb8-a6a19cfbc342__f43c63f7-4814-4cda-8fb8-a6a19cfbc342__vr2000__eeg1204__row790,2,4.682796116504854,1.150705282171316e-07,1.150705282171316e-07
4,f43c63f7-4814-4cda-8fb8-a6a19cfbc342__vr2001__eeg1205__row791,f43c63f7-4814-4cda-8fb8-a6a19cfbc342,3.7719645500183105,2.5547492504119873,1.2172152996063232,outer_fold_4,f43c63f7-4814-4cda-8fb8-a6a19cfbc342__f43c63f7-4814-4cda-8fb8-a6a19cfbc342__vr2001__eeg1205__row791,2,3.771964476021315,-7.399699564203388e-08,7.399699564203388e-08
4,f43c63f7-4814-4cda-8fb8-a6a19cfbc342__vr2002__eeg1206__row792,f43c63f7-4814-4cda-8fb8-a6a19cfbc342,3.7196860313415527,3.47000789642334,0.2496781349182129,outer_fold_4,f43c63f7-4814-4cda-8fb8-a6a19cfbc342__f43c63f7-4814-4cda-8fb8-a6a19cfbc342__vr2002__eeg1206__row792,2,3.719685981308411,-5.003314162976835e-08,5.003314162976835e-08
4,f43c63f7-4814-4cda-8fb8-a6a19cfbc342__vr2003__eeg1207__row793,f43c63f7-4814-4cda-8fb8-a6a19cfbc342,4.020022392272949,3.842625617980957,0.1773967742919922,outer_fold_4,f43c63f7-4814-4cda-8fb8-a6a19cfbc342__f43c63f7-4814-4cda-8fb8-a6a19cfbc342__vr2003__eeg1207__row793,2,4.020022181146025,-2.1112692394353871e-07,2.1112692394353871e-07
4,f43c63f7-4814-4cda-8fb8-a6a19cfbc342__vr2004__eeg1208__row794,f43c63f7-4814-4cda-8fb8-a6a19cfbc342,7.303818702697754,5.795772552490234,1.5080461502075195,outer_fold_4,f43c63f7-4814-4cda-8fb8-a6a19cfbc342__f43c63f7-4814-4cda-8fb8-a6a19cfbc342__vr2004__eeg1208__row794,2,7.303818556701031,-1.4599672315540602e-07,1.4599672315540602e-07
4,f43c63f7-4814-4cda-8fb8-a6a19cfbc342__vr2005__eeg1209__row795,f43c63f7-4814-4cda-8fb8-a6a19cfbc342,7.204380512237549,5.650740623474121,1.5536398887634275,outer_fold_4,f43c63f7-4814-4cda-8fb8-a6a19cfbc342__f43c63f7-4814-4cda-8fb8-a6a19cfbc342__vr2005__eeg1209__row795,2,7.204380582524272,7.028672310838147e-08,7.028672310838147e-08
4,f43c63f7-4814-4cda-8fb8-a6a19cfbc342__vr2006__eeg1210__row796,f43c63f7-4814-4cda-8fb8-a6a19cfbc342,2.9452075958251953,2.3010637760162354,0.64414381980896,outer_fold_4,f43c63f7-4814-4cda-8fb8-a6a19cfbc342__f43c63f7-4814-4cda-8fb8-a6a19cfbc342__vr2006__eeg1210__row796,2,2.9452075471698107,-4.865538461018559e-08,4.865538461018559e-08
4,f43c63f7-4814-4cda-8fb8-a6a19cfbc342__vr2007__eeg1211__row797,f43c63f7-4814-4cda-8fb8-a6a19cfbc342,4.676968574523926,2.4170095920562744,2.2599589824676514,outer_fold_4,f43c63f7-4814-4cda-8fb8-a6a19cfbc342__f43c63f7-4814-4cda-8fb8-a6a19cfbc342__vr2007__eeg1211__row797,2,4.676968421052631,-1.5347129433962436e-07,1.5347129433962436e-07
4,f43c63f7-4814-4cda-8fb8-a6a19cfbc342__vr2008__eeg1212__row798,f43c63f7-4814-4cda-8fb8-a6a19cfbc342,2.576028823852539,2.66239333152771,0.0863645076751709,outer_fold_4,f43c63f7-4814-4cda-8fb8-a6a19cfbc342__f43c63f7-4814-4cda-8fb8-a6a19cfbc342__vr2008__eeg1212__row798,2,2.5760289330922244,1.0923968529752415e-07,1.0923968529752415e-07
4,f43c63f7-4814-4cda-8fb8-a6a19cfbc342__vr2009__eeg1213__row799,f43c63f7-4814-4cda-8fb8-a6a19cfbc342,4.561245441436768,4.04319953918457,0.5180459022521973,outer_fold_4,f43c63f7-4814-4cda-8fb8-a6a19cfbc342__f43c63f7-4814-4cda-8fb8-a6a19cfbc342__vr2009__eeg1213__row799,2,4.5612455089820365,6.75452689335998e-08,6.75452689335998e-08
4,f43c63f7-4814-4cda-8fb8-a6a19cfbc342__vr2010__eeg1214__row800,f43c63f7-4814-4cda-8fb8-a6a19cfbc342,3.218947410583496,2.3163082599639893,0.9026391506195068,outer_fold_4,f43c63f7-4814-4cda-8fb8-a6a19cfbc342__f43c63f7-4814-4cda-8fb8-a6a19cfbc342__vr2010__eeg1214__row800,2,3.218947368421053,-4.216244331445296e-08,4.216244331445296e-08
4,f43c63f7-4814-4cda-8fb8-a6a19cfbc342__vr2011__eeg1215__row801,f43c63f7-4814-4cda-8fb8-a6a19cfbc342,7.659874439239502,4.906520843505859,2.7533535957336426,outer_fold_4,f43c63f7-4814-4cda-8fb8-a6a19cfbc342__f43c63f7-4814-4cda-8fb8-a6a19cfbc342__vr2011__eeg1215__row801,2,7.659874213836479,-2.2540302335727347e-07,2.2540302335727347e-07
4,f43c63f7-4814-4cda-8fb8-a6a19cfbc342__vr2012__eeg1216__row802,f43c63f7-4814-4cda-8fb8-a6a19cfbc342,5.677978515625,3.633862257003784,2.044116258621216,outer_fold_4,f43c63f7-4814-4cda-8fb8-a6a19cfbc342__f43c63f7-4814-4cda-8fb8-a6a19cfbc342__vr2012__eeg1216__row802,2,5.677978586723769,7.109876865030174e-08,7.109876865030174e-08
4,f43c63f7-4814-4cda-8fb8-a6a19cfbc342__vr2013__eeg1217__row803,f43c63f7-4814-4cda-8fb8-a6a19cfbc342,5.211871147155762,2.6606204509735107,2.551250696182251,outer_fold_4,f43c63f7-4814-4cda-8fb8-a6a19cfbc342__f43c63f7-4814-4cda-8fb8-a6a19cfbc342__vr2013__eeg1217__row803,2,5.211870967741935,-1.7941382690622731e-07,1.7941382690622731e-07
4,f43c63f7-4814-4cda-8fb8-a6a19cfbc342__vr2014__eeg1218__row804,f43c63f7-4814-4cda-8fb8-a6a19cfbc342,2.657097101211548,2.0836336612701416,0.5734634399414062,outer_fold_4,f43c63f7-4814-4cda-8fb8-a6a19cfbc342__f43c63f7-4814-4cda-8fb8-a6a19cfbc342__vr2014__eeg1218__row804,2,2.657097142857143,4.164559497255027e-08,4.164559497255027e-08
4,f43c63f7-4814-4cda-8fb8-a6a19cfbc342__vr2015__eeg1219__row805,f43c63f7-4814-4cda-8fb8-a6a19cfbc342,4.958761215209961,4.133935928344727,0.8248252868652344,outer_fold_4,f43c63f7-4814-4cda-8fb8-a6a19cfbc342__f43c63f7-4814-4cda-8fb8-a6a19cfbc342__vr2015__eeg1219__row805,2,4.958761061946902,-1.5326305913276883e-07,1.5326305913276883e-07
4,f43c63f7-4814-4cda-8fb8-a6a19cfbc342__vr2016__eeg1220__row806,f43c63f7-4814-4cda-8fb8-a6a19cfbc342,5.218088626861572,3.421891927719116,1.796196699142456,outer_fold_4,f43c63f7-4814-4cda-8fb8-a6a19cfbc342__f43c63f7-4814-4cda-8fb8-a6a19cfbc342__vr2016__eeg1220__row806,2,5.218088495575221,-1.3128635156789414e-07,1.3128635156789414e-07
4,f43c63f7-4814-4cda-8fb8-a6a19cfbc342__vr2017__eeg1221__row807,f43c63f7-4814-4cda-8fb8-a6a19cfbc342,6.782595157623291,4.247745513916016,2.5348496437072754,outer_fold_4,f43c63f7-4814-4cda-8fb8-a6a19cfbc342__f43c63f7-4814-4cda-8fb8-a6a19cfbc342__vr2017__eeg1221__row807,2,6.782595289079229,1.3145593769081643e-07,1.3145593769081643e-07
4,f43c63f7-4814-4cda-8fb8-a6a19cfbc342__vr2018__eeg1222__row808,f43c63f7-4814-4cda-8fb8-a6a19cfbc342,4.046530246734619,3.754453897476196,0.2920763492584233,outer_fold_4,f43c63f7-4814-4cda-8fb8-a6a19cfbc342__f43c63f7-4814-4cda-8fb8-a6a19cfbc342__vr2018__eeg1222__row808,2,4.046530271398748,2.4664128517315476e-08,2.4664128517315476e-08
4,f43c63f7-4814-4cda-8fb8-a6a19cfbc342__vr2019__eeg1223__row809,f43c63f7-4814-4cda-8fb8-a6a19cfbc342,3.9765543937683105,3.8634095191955566,0.1131448745727539,outer_fold_4,f43c63f7-4814-4cda-8fb8-a6a19cfbc342__f43c63f7-4814-4cda-8fb8-a6a19cfbc342__vr2019__eeg1223__row809,2,3.976554455445545,6.167723443084583e-08,6.167723443084583e-08
4,f43c63f7-4814-4cda-8fb8-a6a19cfbc342__vr2020__eeg1224__row810,f43c63f7-4814-4cda-8fb8-a6a19cfbc342,4.244264602661133,3.434962749481201,0.8093018531799316,outer_fold_4,f43c63f7-4814-4cda-8fb8-a6a19cfbc342__f43c63f7-4814-4cda-8fb8-a6a19cfbc342__vr2020__eeg1224__row810,2,4.2442643923240935,-2.1033703934136838e-07,2.1033703934136838e-07
4,f43c63f7-4814-4cda-8fb8-a6a19cfbc342__vr2021__eeg1225__row811,f43c63f7-4814-4cda-8fb8-a6a19cfbc342,2.531294107437134,2.296624183654785,0.2346699237823486,outer_fold_4,f43c63f7-4814-4cda-8fb8-a6a19cfbc342__f43c63f7-4814-4cda-8fb8-a6a19cfbc342__vr2021__eeg1225__row811,2,2.5312941176470587,1.0209924905524304e-08,1.0209924905524304e-08
4,f43c63f7-4814-4cda-8fb8-a6a19cfbc342__vr2022__eeg1226__row812,f43c63f7-4814-4cda-8fb8-a6a19cfbc342,5.0547919273376465,4.698184013366699,0.3566079139709472,outer_fold_4,f43c63f7-4814-4cda-8fb8-a6a19cfbc342__f43c63f7-4814-4cda-8fb8-a6a19cfbc342__vr2022__eeg1226__row812,2,5.054791836734694,-9.060295269591734e-08,9.060295269591734e-08
4,f43c63f7-4814-4cda-8fb8-a6a19cfbc342__vr2023__eeg1227__row813,f43c63f7-4814-4cda-8fb8-a6a19cfbc342,4.09869384765625,3.454756736755371,0.6439371109008789,outer_fold_4,f43c63f7-4814-4cda-8fb8-a6a19cfbc342__f43c63f7-4814-4cda-8fb8-a6a19cfbc342__vr2023__eeg1227__row813,2,4.098693711967545,-1.3568870471658556e-07,1.3568870471658556e-07
4,f43c63f7-4814-4cda-8fb8-a6a19cfbc342__vr2024__eeg1228__row814,f43c63f7-4814-4cda-8fb8-a6a19cfbc342,4.232531547546387,4.233650207519531,0.0011186599731445,outer_fold_4,f43c63f7-4814-4cda-8fb8-a6a19cfbc342__f43c63f7-4814-4cda-8fb8-a6a19cfbc342__vr2024__eeg1228__row814,2,4.232531418312387,-1.2923399950182102e-07,1.2923399950182102e-07
